x,y,Magnitude,Direction,time
706.60546875,159.85546875,0.6875,0.0,2026-07-09 17:15:34.683141
706.60546875,159.16796875,0.6875,-1.5707963267948966,2026-07-09 17:15:34.692415
707.29296875,159.16796875,0.6875,0.0,2026-07-09 17:15:34.693305
707.98046875,159.16796875,0.6875,0.0,2026-07-09 17:15:34.693917
707.98046875,158.48046875,0.6875,-1.5707963267948966,2026-07-09 17:15:34.694475
708.66796875,158.48046875,0.6875,0.0,2026-07-09 17:15:34.694991
709.35546875,158.48046875,0.6875,0.0,2026-07-09 17:15:34.695481
709.35546875,157.79296875,0.6875,-1.5707963267948966,2026-07-09 17:15:34.695957
710.04296875,157.79296875,0.6875,0.0,2026-07-09 17:15:34.696450
710.73046875,157.79296875,0.6875,0.0,2026-07-09 17:15:34.696914
711.41796875,157.79296875,0.6875,0.0,2026-07-09 17:15:34.697392
712.10546875,157.79296875,0.6875,0.0,2026-07-09 17:15:34.698759
712.10546875,157.10546875,0.6875,-1.5707963267948966,2026-07-09 17:15:34.699494
712.79296875,157.10546875,0.6875,0.0,2026-07-09 17:15:34.701599
713.48046875,157.10546875,0.6875,0.0,2026-07-09 17:15:34.702706
714.16796875,157.10546875,0.6875,0.0,2026-07-09 17:15:34.704703
714.16796875,156.41796875,0.6875,-1.5707963267948966,2026-07-09 17:15:34.706457
714.85546875,156.41796875,0.6875,0.0,2026-07-09 17:15:34.707650
715.54296875,156.41796875,0.6875,0.0,2026-07-09 17:15:34.708504
716.23046875,156.41796875,0.6875,0.0,2026-07-09 17:15:34.709351
716.23046875,155.73046875,0.6875,-1.5707963267948966,2026-07-09 17:15:34.711492
716.91796875,155.73046875,0.6875,0.0,2026-07-09 17:15:34.712294
717.60546875,155.73046875,0.6875,0.0,2026-07-09 17:15:34.713277
718.29296875,155.73046875,0.6875,0.0,2026-07-09 17:15:34.714259
718.98046875,155.04296875,0.9722718241315028,-0.7853981633974483,2026-07-09 17:15:34.716434
719.66796875,155.04296875,0.6875,0.0,2026-07-09 17:15:34.717290
720.35546875,155.04296875,0.6875,0.0,2026-07-09 17:15:34.718260
721.04296875,155.04296875,0.6875,0.0,2026-07-09 17:15:34.719319
721.04296875,154.35546875,0.6875,-1.5707963267948966,2026-07-09 17:15:34.725116
721.73046875,154.35546875,0.6875,0.0,2026-07-09 17:15:34.725611
722.41796875,154.35546875,0.6875,0.0,2026-07-09 17:15:34.726051
723.10546875,153.66796875,0.9722718241315028,-0.7853981633974483,2026-07-09 17:15:34.726471
723.79296875,153.66796875,0.6875,0.0,2026-07-09 17:15:34.726991
724.48046875,153.66796875,0.6875,0.0,2026-07-09 17:15:34.727462
725.16796875,153.66796875,0.6875,0.0,2026-07-09 17:15:34.727917
725.85546875,152.98046875,0.9722718241315028,-0.7853981633974483,2026-07-09 17:15:34.728337
726.54296875,152.98046875,0.6875,0.0,2026-07-09 17:15:34.729333
727.23046875,152.98046875,0.6875,0.0,2026-07-09 17:15:34.731499
727.91796875,152.29296875,0.9722718241315028,-0.7853981633974483,2026-07-09 17:15:34.732323
728.60546875,152.29296875,0.6875,0.0,2026-07-09 17:15:34.733301
729.29296875,152.29296875,0.6875,0.0,2026-07-09 17:15:34.734291
729.98046875,152.29296875,0.6875,0.0,2026-07-09 17:15:34.736470
730.66796875,151.60546875,0.9722718241315028,-0.7853981633974483,2026-07-09 17:15:34.737316
731.35546875,151.60546875,0.6875,0.0,2026-07-09 17:15:34.738312
732.04296875,151.60546875,0.6875,0.0,2026-07-09 17:15:34.739290
732.73046875,150.91796875,0.9722718241315028,-0.7853981633974483,2026-07-09 17:15:34.741306
733.41796875,150.91796875,0.6875,0.0,2026-07-09 17:15:34.742360
734.79296875,150.91796875,1.375,0.0,2026-07-09 17:15:34.743298
735.48046875,150.91796875,0.6875,0.0,2026-07-09 17:15:34.744321
736.16796875,150.91796875,0.6875,0.0,2026-07-09 17:15:34.745327
736.85546875,150.91796875,0.6875,0.0,2026-07-09 17:15:34.746311
737.54296875,150.23046875,0.9722718241315028,-0.7853981633974483,2026-07-09 17:15:34.747365
738.23046875,150.23046875,0.6875,0.0,2026-07-09 17:15:34.748322
738.91796875,150.23046875,0.6875,0.0,2026-07-09 17:15:34.749336
739.60546875,150.23046875,0.6875,0.0,2026-07-09 17:15:34.750323
740.29296875,150.23046875,0.6875,0.0,2026-07-09 17:15:34.751327
740.98046875,149.54296875,0.9722718241315028,-0.7853981633974483,2026-07-09 17:15:34.752331
741.66796875,149.54296875,0.6875,0.0,2026-07-09 17:15:34.753333
742.35546875,149.54296875,0.6875,0.0,2026-07-09 17:15:34.754336
743.04296875,149.54296875,0.6875,0.0,2026-07-09 17:15:34.758396
743.73046875,148.85546875,0.9722718241315028,-0.7853981633974483,2026-07-09 17:15:34.758773
744.41796875,148.85546875,0.6875,0.0,2026-07-09 17:15:34.759136
745.10546875,148.85546875,0.6875,0.0,2026-07-09 17:15:34.759480
745.79296875,148.85546875,0.6875,0.0,2026-07-09 17:15:34.759835
747.16796875,148.16796875,1.5372967345311055,-0.4636476090008061,2026-07-09 17:15:34.760315
747.85546875,148.16796875,0.6875,0.0,2026-07-09 17:15:34.761298
748.54296875,148.16796875,0.6875,0.0,2026-07-09 17:15:34.762299
749.23046875,148.16796875,0.6875,0.0,2026-07-09 17:15:34.763296
749.91796875,148.16796875,0.6875,0.0,2026-07-09 17:15:34.764336
751.29296875,147.48046875,1.5372967345311055,-0.4636476090008061,2026-07-09 17:15:34.765270
751.98046875,147.48046875,0.6875,0.0,2026-07-09 17:15:34.766299
752.66796875,147.48046875,0.6875,0.0,2026-07-09 17:15:34.767293
754.04296875,147.48046875,1.375,0.0,2026-07-09 17:15:34.768329
754.73046875,147.48046875,0.6875,0.0,2026-07-09 17:15:34.769304
755.41796875,146.79296875,0.9722718241315028,-0.7853981633974483,2026-07-09 17:15:34.770321
756.10546875,146.79296875,0.6875,0.0,2026-07-09 17:15:34.771321
756.79296875,146.79296875,0.6875,0.0,2026-07-09 17:15:34.773904
758.16796875,146.79296875,1.375,0.0,2026-07-09 17:15:34.774277
758.85546875,146.79296875,0.6875,0.0,2026-07-09 17:15:34.774641
759.54296875,146.10546875,0.9722718241315028,-0.7853981633974483,2026-07-09 17:15:34.775308
760.91796875,146.10546875,1.375,0.0,2026-07-09 17:15:34.776287
762.29296875,146.10546875,1.375,0.0,2026-07-09 17:15:34.777289
762.98046875,146.10546875,0.6875,0.0,2026-07-09 17:15:34.778280
763.66796875,146.10546875,0.6875,0.0,2026-07-09 17:15:34.779315
765.04296875,146.10546875,1.375,0.0,2026-07-09 17:15:34.780311
765.73046875,145.41796875,0.9722718241315028,-0.7853981633974483,2026-07-09 17:15:34.781333
766.41796875,145.41796875,0.6875,0.0,2026-07-09 17:15:34.782312
767.10546875,145.41796875,0.6875,0.0,2026-07-09 17:15:34.783303
768.48046875,145.41796875,1.375,0.0,2026-07-09 17:15:34.784285
769.85546875,145.41796875,1.375,0.0,2026-07-09 17:15:34.785291
771.23046875,145.41796875,1.375,0.0,2026-07-09 17:15:34.786296
771.91796875,144.73046875,0.9722718241315028,-0.7853981633974483,2026-07-09 17:15:34.787288
772.60546875,144.73046875,0.6875,0.0,2026-07-09 17:15:34.790753
773.98046875,144.73046875,1.375,0.0,2026-07-09 17:15:34.791142
774.66796875,144.73046875,0.6875,0.0,2026-07-09 17:15:34.791495
776.04296875,144.73046875,1.375,0.0,2026-07-09 17:15:34.791858
776.73046875,144.04296875,0.9722718241315028,-0.7853981633974483,2026-07-09 17:15:34.792309
778.10546875,144.04296875,1.375,0.0,2026-07-09 17:15:34.793323
779.48046875,144.04296875,1.375,0.0,2026-07-09 17:15:34.794261
780.16796875,144.04296875,0.6875,0.0,2026-07-09 17:15:34.795314
780.85546875,144.04296875,0.6875,0.0,2026-07-09 17:15:34.796272
782.23046875,144.04296875,1.375,0.0,2026-07-09 17:15:34.797248
783.60546875,144.04296875,1.375,0.0,2026-07-09 17:15:34.798335
784.29296875,143.35546875,0.9722718241315028,-0.7853981633974483,2026-07-09 17:15:34.799294
784.98046875,143.35546875,0.6875,0.0,2026-07-09 17:15:34.800237
786.35546875,143.35546875,1.375,0.0,2026-07-09 17:15:34.801277
787.73046875,143.35546875,1.375,0.0,2026-07-09 17:15:34.802328
789.10546875,143.35546875,1.375,0.0,2026-07-09 17:15:34.803285
789.79296875,143.35546875,0.6875,0.0,2026-07-09 17:15:34.804415
791.16796875,142.66796875,1.5372967345311055,-0.4636476090008061,2026-07-09 17:15:34.806605
791.85546875,142.66796875,0.6875,0.0,2026-07-09 17:15:34.807112
793.23046875,142.66796875,1.375,0.0,2026-07-09 17:15:34.807596
793.91796875,142.66796875,0.6875,0.0,2026-07-09 17:15:34.808251
795.29296875,142.66796875,1.375,0.0,2026-07-09 17:15:34.809398
796.66796875,142.66796875,1.375,0.0,2026-07-09 17:15:34.810250
797.35546875,142.66796875,0.6875,0.0,2026-07-09 17:15:34.811298
798.73046875,142.66796875,1.375,0.0,2026-07-09 17:15:34.812296
799.41796875,142.66796875,0.6875,0.0,2026-07-09 17:15:34.813215
800.79296875,142.66796875,1.375,0.0,2026-07-09 17:15:34.814311
801.48046875,142.66796875,0.6875,0.0,2026-07-09 17:15:34.815289
802.85546875,142.66796875,1.375,0.0,2026-07-09 17:15:34.816303
804.23046875,142.66796875,1.375,0.0,2026-07-09 17:15:34.817288
805.60546875,141.98046875,1.5372967345311055,-0.4636476090008061,2026-07-09 17:15:34.818292
806.29296875,141.98046875,0.6875,0.0,2026-07-09 17:15:34.819282
807.66796875,141.98046875,1.375,0.0,2026-07-09 17:15:34.820283
808.35546875,141.98046875,0.6875,0.0,2026-07-09 17:15:34.823330
809.73046875,141.98046875,1.375,0.0,2026-07-09 17:15:34.823778
810.41796875,141.98046875,0.6875,0.0,2026-07-09 17:15:34.824125
811.79296875,141.98046875,1.375,0.0,2026-07-09 17:15:34.824504
813.16796875,141.98046875,1.375,0.0,2026-07-09 17:15:34.825300
814.54296875,141.98046875,1.375,0.0,2026-07-09 17:15:34.826295
815.23046875,141.98046875,0.6875,0.0,2026-07-09 17:15:34.827297
816.60546875,141.98046875,1.375,0.0,2026-07-09 17:15:34.828224
817.29296875,141.98046875,0.6875,0.0,2026-07-09 17:15:34.829219
818.66796875,141.98046875,1.375,0.0,2026-07-09 17:15:34.830316
820.04296875,141.98046875,1.375,0.0,2026-07-09 17:15:34.831285
820.73046875,141.98046875,0.6875,0.0,2026-07-09 17:15:34.832266
822.10546875,141.98046875,1.375,0.0,2026-07-09 17:15:34.833321
823.48046875,141.98046875,1.375,0.0,2026-07-09 17:15:34.834281
824.85546875,141.98046875,1.375,0.0,2026-07-09 17:15:34.835286
825.54296875,141.98046875,0.6875,0.0,2026-07-09 17:15:34.836274
826.91796875,141.98046875,1.375,0.0,2026-07-09 17:15:34.837281
828.29296875,141.98046875,1.375,0.0,2026-07-09 17:15:34.839746
828.98046875,141.98046875,0.6875,0.0,2026-07-09 17:15:34.840230
830.35546875,141.98046875,1.375,0.0,2026-07-09 17:15:34.840669
831.73046875,141.98046875,1.375,0.0,2026-07-09 17:15:34.841311
833.10546875,141.98046875,1.375,0.0,2026-07-09 17:15:34.842296
834.48046875,141.98046875,1.375,0.0,2026-07-09 17:15:34.843231
835.16796875,141.98046875,0.6875,0.0,2026-07-09 17:15:34.844238
836.54296875,141.98046875,1.375,0.0,2026-07-09 17:15:34.845277
837.91796875,141.98046875,1.375,0.0,2026-07-09 17:15:34.846290
839.29296875,141.98046875,1.375,0.0,2026-07-09 17:15:34.847240
839.98046875,141.98046875,0.6875,0.0,2026-07-09 17:15:34.848304
841.35546875,141.98046875,1.375,0.0,2026-07-09 17:15:34.849293
842.73046875,141.98046875,1.375,0.0,2026-07-09 17:15:34.850279
844.10546875,141.98046875,1.375,0.0,2026-07-09 17:15:34.851288
845.48046875,141.98046875,1.375,0.0,2026-07-09 17:15:34.852344
846.85546875,141.98046875,1.375,0.0,2026-07-09 17:15:34.853287
848.23046875,141.98046875,1.375,0.0,2026-07-09 17:15:34.854303
848.91796875,141.98046875,0.6875,0.0,2026-07-09 17:15:34.856348
850.29296875,141.98046875,1.375,0.0,2026-07-09 17:15:34.856763
851.66796875,141.98046875,1.375,0.0,2026-07-09 17:15:34.857350
853.04296875,141.98046875,1.375,0.0,2026-07-09 17:15:34.858232
854.41796875,141.98046875,1.375,0.0,2026-07-09 17:15:34.859299
855.79296875,141.98046875,1.375,0.0,2026-07-09 17:15:34.860289
856.48046875,141.98046875,0.6875,0.0,2026-07-09 17:15:34.861284
857.85546875,141.98046875,1.375,0.0,2026-07-09 17:15:34.862270
859.23046875,142.66796875,1.5372967345311055,0.4636476090008061,2026-07-09 17:15:34.863282
860.60546875,142.66796875,1.375,0.0,2026-07-09 17:15:34.864286
861.29296875,142.66796875,0.6875,0.0,2026-07-09 17:15:34.865215
862.66796875,142.66796875,1.375,0.0,2026-07-09 17:15:34.866456
864.04296875,142.66796875,1.375,0.0,2026-07-09 17:15:34.867283
865.41796875,142.66796875,1.375,0.0,2026-07-09 17:15:34.868335
866.79296875,142.66796875,1.375,0.0,2026-07-09 17:15:34.869279
868.16796875,142.66796875,1.375,0.0,2026-07-09 17:15:34.870287
869.54296875,142.66796875,1.375,0.0,2026-07-09 17:15:34.871275
870.91796875,143.35546875,1.5372967345311055,0.4636476090008061,2026-07-09 17:15:34.873003
871.60546875,143.35546875,0.6875,0.0,2026-07-09 17:15:34.873662
872.98046875,143.35546875,1.375,0.0,2026-07-09 17:15:34.874326
874.35546875,143.35546875,1.375,0.0,2026-07-09 17:15:34.875363
875.73046875,143.35546875,1.375,0.0,2026-07-09 17:15:34.876285
877.10546875,143.35546875,1.375,0.0,2026-07-09 17:15:34.877221
878.48046875,143.35546875,1.375,0.0,2026-07-09 17:15:34.878424
879.85546875,143.35546875,1.375,0.0,2026-07-09 17:15:34.879339
881.23046875,144.04296875,1.5372967345311055,0.4636476090008061,2026-07-09 17:15:34.880227
882.60546875,144.04296875,1.375,0.0,2026-07-09 17:15:34.881401
883.98046875,144.04296875,1.375,0.0,2026-07-09 17:15:34.882339
885.35546875,144.04296875,1.375,0.0,2026-07-09 17:15:34.883240
886.73046875,144.04296875,1.375,0.0,2026-07-09 17:15:34.884251
887.41796875,144.73046875,0.9722718241315028,0.7853981633974483,2026-07-09 17:15:34.885265
888.79296875,144.73046875,1.375,0.0,2026-07-09 17:15:34.886293
890.16796875,144.73046875,1.375,0.0,2026-07-09 17:15:34.887313
891.54296875,144.73046875,1.375,0.0,2026-07-09 17:15:34.890173
892.91796875,145.41796875,1.5372967345311055,0.4636476090008061,2026-07-09 17:15:34.890627
894.29296875,145.41796875,1.375,0.0,2026-07-09 17:15:34.891021
895.66796875,145.41796875,1.375,0.0,2026-07-09 17:15:34.891534
897.73046875,145.41796875,2.0625,0.0,2026-07-09 17:15:34.892317
898.41796875,145.41796875,0.6875,0.0,2026-07-09 17:15:34.893301
899.79296875,145.41796875,1.375,0.0,2026-07-09 17:15:34.894227
901.16796875,146.10546875,1.5372967345311055,0.4636476090008061,2026-07-09 17:15:34.895567
902.54296875,146.10546875,1.375,0.0,2026-07-09 17:15:34.896340
903.91796875,146.79296875,1.5372967345311055,0.4636476090008061,2026-07-09 17:15:34.897337
905.29296875,146.79296875,1.375,0.0,2026-07-09 17:15:34.898310
906.66796875,146.79296875,1.375,0.0,2026-07-09 17:15:34.899300
908.73046875,147.48046875,2.174065891365761,0.3217505543966422,2026-07-09 17:15:34.900279
910.10546875,147.48046875,1.375,0.0,2026-07-09 17:15:34.901277
910.79296875,147.48046875,0.6875,0.0,2026-07-09 17:15:34.902281
912.16796875,148.16796875,1.5372967345311055,0.4636476090008061,2026-07-09 17:15:34.903317
913.54296875,148.16796875,1.375,0.0,2026-07-09 17:15:34.904315
915.60546875,148.16796875,2.0625,0.0,2026-07-09 17:15:34.907575
916.98046875,148.85546875,1.5372967345311055,0.4636476090008061,2026-07-09 17:15:34.908012
918.35546875,148.85546875,1.375,0.0,2026-07-09 17:15:34.908400
920.41796875,148.85546875,2.0625,0.0,2026-07-09 17:15:34.908784
921.79296875,149.54296875,1.5372967345311055,0.4636476090008061,2026-07-09 17:15:34.909376
923.16796875,149.54296875,1.375,0.0,2026-07-09 17:15:34.910241
924.54296875,150.23046875,1.5372967345311055,0.4636476090008061,2026-07-09 17:15:34.911470
925.91796875,150.23046875,1.375,0.0,2026-07-09 17:15:34.912317
927.29296875,150.23046875,1.375,0.0,2026-07-09 17:15:34.913300
928.66796875,150.91796875,1.5372967345311055,0.4636476090008061,2026-07-09 17:15:34.914318
930.04296875,150.91796875,1.375,0.0,2026-07-09 17:15:34.915277
931.41796875,151.60546875,1.5372967345311055,0.4636476090008061,2026-07-09 17:15:34.916314
933.48046875,151.60546875,2.0625,0.0,2026-07-09 17:15:34.917295
934.85546875,151.60546875,1.375,0.0,2026-07-09 17:15:34.918288
936.23046875,152.29296875,1.5372967345311055,0.4636476090008061,2026-07-09 17:15:34.919290
937.60546875,152.98046875,1.5372967345311055,0.4636476090008061,2026-07-09 17:15:34.920290
938.98046875,152.98046875,1.375,0.0,2026-07-09 17:15:34.921294
941.04296875,152.98046875,2.0625,0.0,2026-07-09 17:15:34.923901
942.41796875,153.66796875,1.5372967345311055,0.4636476090008061,2026-07-09 17:15:34.924383
943.79296875,153.66796875,1.375,0.0,2026-07-09 17:15:34.924784
945.85546875,154.35546875,2.174065891365761,0.3217505543966422,2026-07-09 17:15:34.925286
947.23046875,154.35546875,1.375,0.0,2026-07-09 17:15:34.926236
948.60546875,155.04296875,1.5372967345311055,0.4636476090008061,2026-07-09 17:15:34.927317
949.98046875,155.73046875,1.5372967345311055,0.4636476090008061,2026-07-09 17:15:34.928255
951.35546875,155.73046875,1.375,0.0,2026-07-09 17:15:34.929329
953.41796875,155.73046875,2.0625,0.0,2026-07-09 17:15:34.930236
954.79296875,156.41796875,1.5372967345311055,0.4636476090008061,2026-07-09 17:15:34.931267
956.16796875,156.41796875,1.375,0.0,2026-07-09 17:15:34.932336
958.23046875,157.10546875,2.174065891365761,0.3217505543966422,2026-07-09 17:15:34.933225
959.60546875,157.10546875,1.375,0.0,2026-07-09 17:15:34.934234
960.98046875,157.79296875,1.5372967345311055,0.4636476090008061,2026-07-09 17:15:34.935292
962.35546875,158.48046875,1.5372967345311055,0.4636476090008061,2026-07-09 17:15:34.936223
963.73046875,159.16796875,1.5372967345311055,0.4636476090008061,2026-07-09 17:15:34.937297
965.10546875,159.16796875,1.375,0.0,2026-07-09 17:15:34.939926
966.48046875,159.85546875,1.5372967345311055,0.4636476090008061,2026-07-09 17:15:34.940443
967.85546875,159.85546875,1.375,0.0,2026-07-09 17:15:34.940870
969.91796875,160.54296875,2.174065891365761,0.3217505543966422,2026-07-09 17:15:34.941349
971.29296875,161.23046875,1.5372967345311055,0.4636476090008061,2026-07-09 17:15:34.942241
972.66796875,161.23046875,1.375,0.0,2026-07-09 17:15:34.943356
974.04296875,161.91796875,1.5372967345311055,0.4636476090008061,2026-07-09 17:15:34.944308
975.41796875,162.60546875,1.5372967345311055,0.4636476090008061,2026-07-09 17:15:34.945231
977.48046875,163.29296875,2.174065891365761,0.3217505543966422,2026-07-09 17:15:34.946299
978.85546875,163.29296875,1.375,0.0,2026-07-09 17:15:34.947281
980.23046875,163.98046875,1.5372967345311055,0.4636476090008061,2026-07-09 17:15:34.948223
982.29296875,164.66796875,2.174065891365761,0.3217505543966422,2026-07-09 17:15:34.949226
983.66796875,164.66796875,1.375,0.0,2026-07-09 17:15:34.950300
985.04296875,165.35546875,1.5372967345311055,0.4636476090008061,2026-07-09 17:15:34.951319
986.41796875,166.04296875,1.5372967345311055,0.4636476090008061,2026-07-09 17:15:34.952278
987.79296875,166.73046875,1.5372967345311055,0.4636476090008061,2026-07-09 17:15:34.953300
989.16796875,167.41796875,1.5372967345311055,0.4636476090008061,2026-07-09 17:15:34.954369
991.23046875,167.41796875,2.0625,0.0,2026-07-09 17:15:34.956390
993.29296875,168.10546875,2.174065891365761,0.3217505543966422,2026-07-09 17:15:34.956835
994.66796875,168.79296875,1.5372967345311055,0.4636476090008061,2026-07-09 17:15:34.957341
996.04296875,168.79296875,1.375,0.0,2026-07-09 17:15:34.958326
997.41796875,169.48046875,1.5372967345311055,0.4636476090008061,2026-07-09 17:15:34.959281
999.48046875,170.16796875,2.174065891365761,0.3217505543966422,2026-07-09 17:15:34.960295
1000.85546875,170.85546875,1.5372967345311055,0.4636476090008061,2026-07-09 17:15:34.961287
1002.91796875,171.54296875,2.174065891365761,0.3217505543966422,2026-07-09 17:15:34.962283
1004.29296875,172.23046875,1.5372967345311055,0.4636476090008061,2026-07-09 17:15:34.963281
1005.66796875,172.23046875,1.375,0.0,2026-07-09 17:15:34.964240
1007.04296875,172.91796875,1.5372967345311055,0.4636476090008061,2026-07-09 17:15:34.965290
1009.10546875,173.60546875,2.174065891365761,0.3217505543966422,2026-07-09 17:15:34.966241
1010.48046875,174.29296875,1.5372967345311055,0.4636476090008061,2026-07-09 17:15:34.967262
1011.85546875,174.98046875,1.5372967345311055,0.4636476090008061,2026-07-09 17:15:34.968283
1013.23046875,175.66796875,1.5372967345311055,0.4636476090008061,2026-07-09 17:15:34.969209
1014.60546875,176.35546875,1.5372967345311055,0.4636476090008061,2026-07-09 17:15:34.970297
1016.66796875,177.04296875,2.174065891365761,0.3217505543966422,2026-07-09 17:15:34.973198
1018.04296875,177.04296875,1.375,0.0,2026-07-09 17:15:34.973639
1019.41796875,177.73046875,1.5372967345311055,0.4636476090008061,2026-07-09 17:15:34.974029
1021.48046875,178.41796875,2.174065891365761,0.3217505543966422,2026-07-09 17:15:34.974410
1023.54296875,179.10546875,2.174065891365761,0.3217505543966422,2026-07-09 17:15:34.975305
1024.91796875,179.79296875,1.5372967345311055,0.4636476090008061,2026-07-09 17:15:34.976290
1026.29296875,180.48046875,1.5372967345311055,0.4636476090008061,2026-07-09 17:15:34.977225
1027.66796875,181.16796875,1.5372967345311055,0.4636476090008061,2026-07-09 17:15:34.978297
1029.73046875,181.85546875,2.174065891365761,0.3217505543966422,2026-07-09 17:15:34.979221
1031.10546875,182.54296875,1.5372967345311055,0.4636476090008061,2026-07-09 17:15:34.980246
1032.48046875,183.23046875,1.5372967345311055,0.4636476090008061,2026-07-09 17:15:34.981290
1034.54296875,183.23046875,2.0625,0.0,2026-07-09 17:15:34.982279
1035.91796875,183.91796875,1.5372967345311055,0.4636476090008061,2026-07-09 17:15:34.983287
1037.29296875,184.60546875,1.5372967345311055,0.4636476090008061,2026-07-09 17:15:34.984244
1038.66796875,185.29296875,1.5372967345311055,0.4636476090008061,2026-07-09 17:15:34.985289
1040.04296875,185.98046875,1.5372967345311055,0.4636476090008061,2026-07-09 17:15:34.986289
1042.10546875,186.66796875,2.174065891365761,0.3217505543966422,2026-07-09 17:15:34.987297
1043.48046875,187.35546875,1.5372967345311055,0.4636476090008061,2026-07-09 17:15:34.989643
1044.85546875,188.04296875,1.5372967345311055,0.4636476090008061,2026-07-09 17:15:34.990102
1046.91796875,188.73046875,2.174065891365761,0.3217505543966422,2026-07-09 17:15:34.990601
1048.29296875,189.41796875,1.5372967345311055,0.4636476090008061,2026-07-09 17:15:34.991292
1049.66796875,189.41796875,1.375,0.0,2026-07-09 17:15:34.992298
1051.04296875,190.10546875,1.5372967345311055,0.4636476090008061,2026-07-09 17:15:34.993216
1052.41796875,190.79296875,1.5372967345311055,0.4636476090008061,2026-07-09 17:15:34.994282
1054.48046875,191.48046875,2.174065891365761,0.3217505543966422,2026-07-09 17:15:34.995223
1055.85546875,192.16796875,1.5372967345311055,0.4636476090008061,2026-07-09 17:15:34.996299
1057.23046875,192.85546875,1.5372967345311055,0.4636476090008061,2026-07-09 17:15:34.997300
1058.60546875,193.54296875,1.5372967345311055,0.4636476090008061,2026-07-09 17:15:34.998285
1059.98046875,194.23046875,1.5372967345311055,0.4636476090008061,2026-07-09 17:15:34.999277
1061.35546875,194.91796875,1.5372967345311055,0.4636476090008061,2026-07-09 17:15:35.000221
1062.73046875,194.91796875,1.375,0.0,2026-07-09 17:15:35.001325
1064.10546875,195.60546875,1.5372967345311055,0.4636476090008061,2026-07-09 17:15:35.002329
1066.16796875,196.29296875,2.174065891365761,0.3217505543966422,2026-07-09 17:15:35.003304
1066.85546875,196.98046875,0.9722718241315028,0.7853981633974483,2026-07-09 17:15:35.004208
1068.23046875,197.66796875,1.5372967345311055,0.4636476090008061,2026-07-09 17:15:35.006448
1069.60546875,198.35546875,1.5372967345311055,0.4636476090008061,2026-07-09 17:15:35.006957
1071.66796875,199.04296875,2.174065891365761,0.3217505543966422,2026-07-09 17:15:35.007401
1073.04296875,199.73046875,1.5372967345311055,0.4636476090008061,2026-07-09 17:15:35.008248
1074.41796875,200.41796875,1.5372967345311055,0.4636476090008061,2026-07-09 17:15:35.009214
1075.79296875,201.10546875,1.5372967345311055,0.4636476090008061,2026-07-09 17:15:35.010421
1077.16796875,201.79296875,1.5372967345311055,0.4636476090008061,2026-07-09 17:15:35.011220
1077.85546875,202.48046875,0.9722718241315028,0.7853981633974483,2026-07-09 17:15:35.012286
1079.23046875,203.16796875,1.5372967345311055,0.4636476090008061,2026-07-09 17:15:35.013302
1080.60546875,203.16796875,1.375,0.0,2026-07-09 17:15:35.014305
1081.98046875,203.85546875,1.5372967345311055,0.4636476090008061,2026-07-09 17:15:35.015303
1083.35546875,204.54296875,1.5372967345311055,0.4636476090008061,2026-07-09 17:15:35.016286
1084.73046875,205.23046875,1.5372967345311055,0.4636476090008061,2026-07-09 17:15:35.017217
1086.10546875,205.91796875,1.5372967345311055,0.4636476090008061,2026-07-09 17:15:35.018306
1087.48046875,206.60546875,1.5372967345311055,0.4636476090008061,2026-07-09 17:15:35.019223
1088.85546875,207.29296875,1.5372967345311055,0.4636476090008061,2026-07-09 17:15:35.020274
1090.23046875,207.98046875,1.5372967345311055,0.4636476090008061,2026-07-09 17:15:35.023183
1091.60546875,208.66796875,1.5372967345311055,0.4636476090008061,2026-07-09 17:15:35.023740
1092.98046875,208.66796875,1.375,0.0,2026-07-09 17:15:35.024201
1093.66796875,209.35546875,0.9722718241315028,0.7853981633974483,2026-07-09 17:15:35.024645
1095.04296875,210.04296875,1.5372967345311055,0.4636476090008061,2026-07-09 17:15:35.025321
1096.41796875,210.73046875,1.5372967345311055,0.4636476090008061,2026-07-09 17:15:35.026240
1097.79296875,211.41796875,1.5372967345311055,0.4636476090008061,2026-07-09 17:15:35.027414
1099.16796875,212.10546875,1.5372967345311055,0.4636476090008061,2026-07-09 17:15:35.028317
1100.54296875,212.79296875,1.5372967345311055,0.4636476090008061,2026-07-09 17:15:35.029303
1101.91796875,213.48046875,1.5372967345311055,0.4636476090008061,2026-07-09 17:15:35.030333
1103.98046875,214.16796875,2.174065891365761,0.3217505543966422,2026-07-09 17:15:35.031299
1104.66796875,214.85546875,0.9722718241315028,0.7853981633974483,2026-07-09 17:15:35.032318
1106.04296875,215.54296875,1.5372967345311055,0.4636476090008061,2026-07-09 17:15:35.033316
1107.41796875,216.23046875,1.5372967345311055,0.4636476090008061,2026-07-09 17:15:35.034311
1108.79296875,216.91796875,1.5372967345311055,0.4636476090008061,2026-07-09 17:15:35.035303
1110.16796875,217.60546875,1.5372967345311055,0.4636476090008061,2026-07-09 17:15:35.036269
1111.54296875,218.29296875,1.5372967345311055,0.4636476090008061,2026-07-09 17:15:35.037287
1112.91796875,218.98046875,1.5372967345311055,0.4636476090008061,2026-07-09 17:15:35.040724
1114.29296875,219.66796875,1.5372967345311055,0.4636476090008061,2026-07-09 17:15:35.041291
1115.66796875,220.35546875,1.5372967345311055,0.4636476090008061,2026-07-09 17:15:35.041747
1117.04296875,221.04296875,1.5372967345311055,0.4636476090008061,2026-07-09 17:15:35.042145
1117.73046875,221.73046875,0.9722718241315028,0.7853981633974483,2026-07-09 17:15:35.042592
1119.10546875,222.41796875,1.5372967345311055,0.4636476090008061,2026-07-09 17:15:35.043209
1120.48046875,223.10546875,1.5372967345311055,0.4636476090008061,2026-07-09 17:15:35.044465
1121.85546875,223.79296875,1.5372967345311055,0.4636476090008061,2026-07-09 17:15:35.045203
1123.23046875,224.48046875,1.5372967345311055,0.4636476090008061,2026-07-09 17:15:35.046445
1124.60546875,225.16796875,1.5372967345311055,0.4636476090008061,2026-07-09 17:15:35.047306
1126.66796875,225.85546875,2.174065891365761,0.3217505543966422,2026-07-09 17:15:35.048219
1127.35546875,226.54296875,0.9722718241315028,0.7853981633974483,2026-07-09 17:15:35.049295
1128.73046875,227.91796875,1.9445436482630056,0.7853981633974483,2026-07-09 17:15:35.050214
1130.10546875,228.60546875,1.5372967345311055,0.4636476090008061,2026-07-09 17:15:35.051356
1131.48046875,229.29296875,1.5372967345311055,0.4636476090008061,2026-07-09 17:15:35.052296
1132.85546875,229.98046875,1.5372967345311055,0.4636476090008061,2026-07-09 17:15:35.053279
1134.23046875,231.35546875,1.9445436482630056,0.7853981633974483,2026-07-09 17:15:35.054315
1135.60546875,232.04296875,1.5372967345311055,0.4636476090008061,2026-07-09 17:15:35.057333
1136.98046875,232.73046875,1.5372967345311055,0.4636476090008061,2026-07-09 17:15:35.057754
1138.35546875,233.41796875,1.5372967345311055,0.4636476090008061,2026-07-09 17:15:35.058104
1139.04296875,234.10546875,0.9722718241315028,0.7853981633974483,2026-07-09 17:15:35.058558
1140.41796875,234.79296875,1.5372967345311055,0.4636476090008061,2026-07-09 17:15:35.059309
1141.79296875,235.48046875,1.5372967345311055,0.4636476090008061,2026-07-09 17:15:35.060292
1143.16796875,236.16796875,1.5372967345311055,0.4636476090008061,2026-07-09 17:15:35.061220
1144.54296875,237.54296875,1.9445436482630056,0.7853981633974483,2026-07-09 17:15:35.062296
1145.91796875,238.23046875,1.5372967345311055,0.4636476090008061,2026-07-09 17:15:35.063290
1147.29296875,238.91796875,1.5372967345311055,0.4636476090008061,2026-07-09 17:15:35.064308
1148.66796875,239.60546875,1.5372967345311055,0.4636476090008061,2026-07-09 17:15:35.065240
1149.35546875,240.29296875,0.9722718241315028,0.7853981633974483,2026-07-09 17:15:35.066234
1150.73046875,241.66796875,1.9445436482630056,0.7853981633974483,2026-07-09 17:15:35.067288
1152.10546875,242.35546875,1.5372967345311055,0.4636476090008061,2026-07-09 17:15:35.068211
1153.48046875,243.04296875,1.5372967345311055,0.4636476090008061,2026-07-09 17:15:35.069320
1154.85546875,244.41796875,1.9445436482630056,0.7853981633974483,2026-07-09 17:15:35.070255
1156.23046875,245.10546875,1.5372967345311055,0.4636476090008061,2026-07-09 17:15:35.071258
1157.60546875,245.79296875,1.5372967345311055,0.4636476090008061,2026-07-09 17:15:35.073145
1158.29296875,246.48046875,0.9722718241315028,0.7853981633974483,2026-07-09 17:15:35.073748
1159.66796875,247.85546875,1.9445436482630056,0.7853981633974483,2026-07-09 17:15:35.074257
1161.04296875,248.54296875,1.5372967345311055,0.4636476090008061,2026-07-09 17:15:35.075268
1161.73046875,249.23046875,0.9722718241315028,0.7853981633974483,2026-07-09 17:15:35.076299
1163.10546875,249.91796875,1.5372967345311055,0.4636476090008061,2026-07-09 17:15:35.077295
1163.79296875,250.60546875,0.9722718241315028,0.7853981633974483,2026-07-09 17:15:35.078318
1165.16796875,251.98046875,1.9445436482630056,0.7853981633974483,2026-07-09 17:15:35.079311
1166.54296875,253.35546875,1.9445436482630056,0.7853981633974483,2026-07-09 17:15:35.080313
1167.91796875,254.04296875,1.5372967345311055,0.4636476090008061,2026-07-09 17:15:35.081305
1168.60546875,254.73046875,0.9722718241315028,0.7853981633974483,2026-07-09 17:15:35.082291
1169.98046875,255.41796875,1.5372967345311055,0.4636476090008061,2026-07-09 17:15:35.083239
1171.35546875,256.10546875,1.5372967345311055,0.4636476090008061,2026-07-09 17:15:35.084294
1172.04296875,256.79296875,0.9722718241315028,0.7853981633974483,2026-07-09 17:15:35.085210
1173.41796875,257.48046875,1.5372967345311055,0.4636476090008061,2026-07-09 17:15:35.086274
1174.79296875,258.85546875,1.9445436482630056,0.7853981633974483,2026-07-09 17:15:35.087243
1175.48046875,260.23046875,1.5372967345311055,1.1071487177940904,2026-07-09 17:15:35.089814
1176.85546875,260.91796875,1.5372967345311055,0.4636476090008061,2026-07-09 17:15:35.090293
1177.54296875,261.60546875,0.9722718241315028,0.7853981633974483,2026-07-09 17:15:35.090711
1178.91796875,262.29296875,1.5372967345311055,0.4636476090008061,2026-07-09 17:15:35.091249
1179.60546875,263.66796875,1.5372967345311055,1.1071487177940904,2026-07-09 17:15:35.092220
1180.98046875,264.35546875,1.5372967345311055,0.4636476090008061,2026-07-09 17:15:35.093294
1181.66796875,265.04296875,0.9722718241315028,0.7853981633974483,2026-07-09 17:15:35.094283
1183.04296875,266.41796875,1.9445436482630056,0.7853981633974483,2026-07-09 17:15:35.095209
1184.41796875,267.10546875,1.5372967345311055,0.4636476090008061,2026-07-09 17:15:35.096305
1185.10546875,267.79296875,0.9722718241315028,0.7853981633974483,2026-07-09 17:15:35.097215
1185.79296875,268.48046875,0.9722718241315028,0.7853981633974483,2026-07-09 17:15:35.098333
1187.16796875,269.85546875,1.9445436482630056,0.7853981633974483,2026-07-09 17:15:35.099224
1187.85546875,270.54296875,0.9722718241315028,0.7853981633974483,2026-07-09 17:15:35.100221
1188.54296875,271.23046875,0.9722718241315028,0.7853981633974483,2026-07-09 17:15:35.101281
1189.91796875,271.91796875,1.5372967345311055,0.4636476090008061,2026-07-09 17:15:35.102273
1191.29296875,273.29296875,1.9445436482630056,0.7853981633974483,2026-07-09 17:15:35.103272
1191.98046875,273.98046875,0.9722718241315028,0.7853981633974483,2026-07-09 17:15:35.104291
1192.66796875,275.35546875,1.5372967345311055,1.1071487177940904,2026-07-09 17:15:35.106421
1193.35546875,276.04296875,0.9722718241315028,0.7853981633974483,2026-07-09 17:15:35.106900
1194.73046875,276.73046875,1.5372967345311055,0.4636476090008061,2026-07-09 17:15:35.107390
1195.41796875,277.41796875,0.9722718241315028,0.7853981633974483,2026-07-09 17:15:35.108238
1196.10546875,278.10546875,0.9722718241315028,0.7853981633974483,2026-07-09 17:15:35.109260
1196.79296875,278.79296875,0.9722718241315028,0.7853981633974483,2026-07-09 17:15:35.110220
1198.16796875,280.16796875,1.9445436482630056,0.7853981633974483,2026-07-09 17:15:35.111280
1199.54296875,280.85546875,1.5372967345311055,0.4636476090008061,2026-07-09 17:15:35.112216
1200.23046875,282.23046875,1.5372967345311055,1.1071487177940904,2026-07-09 17:15:35.113285
1200.91796875,282.91796875,0.9722718241315028,0.7853981633974483,2026-07-09 17:15:35.114219
1201.60546875,283.60546875,0.9722718241315028,0.7853981633974483,2026-07-09 17:15:35.115293
1202.29296875,284.29296875,0.9722718241315028,0.7853981633974483,2026-07-09 17:15:35.116330
1202.98046875,285.66796875,1.5372967345311055,1.1071487177940904,2026-07-09 17:15:35.117294
1203.66796875,286.35546875,0.9722718241315028,0.7853981633974483,2026-07-09 17:15:35.118217
1205.04296875,287.73046875,1.9445436482630056,0.7853981633974483,2026-07-09 17:15:35.119296
1205.73046875,288.41796875,0.9722718241315028,0.7853981633974483,2026-07-09 17:15:35.120213
1206.41796875,289.10546875,0.9722718241315028,0.7853981633974483,2026-07-09 17:15:35.122974
1207.10546875,289.79296875,0.9722718241315028,0.7853981633974483,2026-07-09 17:15:35.123571
1207.79296875,291.16796875,1.5372967345311055,1.1071487177940904,2026-07-09 17:15:35.123994
1208.48046875,291.85546875,0.9722718241315028,0.7853981633974483,2026-07-09 17:15:35.124412
1209.16796875,292.54296875,0.9722718241315028,0.7853981633974483,2026-07-09 17:15:35.125229
1209.85546875,293.91796875,1.5372967345311055,1.1071487177940904,2026-07-09 17:15:35.126272
1210.54296875,294.60546875,0.9722718241315028,0.7853981633974483,2026-07-09 17:15:35.127255
1211.91796875,295.98046875,1.9445436482630056,0.7853981633974483,2026-07-09 17:15:35.128290
1212.60546875,296.66796875,0.9722718241315028,0.7853981633974483,2026-07-09 17:15:35.129306
1213.29296875,298.04296875,1.5372967345311055,1.1071487177940904,2026-07-09 17:15:35.130237
1213.98046875,298.73046875,0.9722718241315028,0.7853981633974483,2026-07-09 17:15:35.131369
1214.66796875,299.41796875,0.9722718241315028,0.7853981633974483,2026-07-09 17:15:35.132276
1215.35546875,300.79296875,1.5372967345311055,1.1071487177940904,2026-07-09 17:15:35.133287
1216.04296875,301.48046875,0.9722718241315028,0.7853981633974483,2026-07-09 17:15:35.134279
1216.73046875,302.85546875,1.5372967345311055,1.1071487177940904,2026-07-09 17:15:35.135256
1218.10546875,304.23046875,1.9445436482630056,0.7853981633974483,2026-07-09 17:15:35.136220
1218.79296875,304.91796875,0.9722718241315028,0.7853981633974483,2026-07-09 17:15:35.137292
1219.48046875,306.29296875,1.5372967345311055,1.1071487177940904,2026-07-09 17:15:35.139654
1220.16796875,306.98046875,0.9722718241315028,0.7853981633974483,2026-07-09 17:15:35.140114
1220.85546875,308.35546875,1.5372967345311055,1.1071487177940904,2026-07-09 17:15:35.140512
1221.54296875,309.04296875,0.9722718241315028,0.7853981633974483,2026-07-09 17:15:35.141292
1222.23046875,310.41796875,1.5372967345311055,1.1071487177940904,2026-07-09 17:15:35.142231
1222.91796875,311.10546875,0.9722718241315028,0.7853981633974483,2026-07-09 17:15:35.143278
1224.29296875,312.48046875,1.9445436482630056,0.7853981633974483,2026-07-09 17:15:35.144276
1224.98046875,313.85546875,1.5372967345311055,1.1071487177940904,2026-07-09 17:15:35.145297
1225.66796875,314.54296875,0.9722718241315028,0.7853981633974483,2026-07-09 17:15:35.146224
1226.35546875,315.23046875,0.9722718241315028,0.7853981633974483,2026-07-09 17:15:35.147253
1227.04296875,316.60546875,1.5372967345311055,1.1071487177940904,2026-07-09 17:15:35.148256
1227.73046875,317.98046875,1.5372967345311055,1.1071487177940904,2026-07-09 17:15:35.149229
1228.41796875,318.66796875,0.9722718241315028,0.7853981633974483,2026-07-09 17:15:35.150283
1229.10546875,320.04296875,1.5372967345311055,1.1071487177940904,2026-07-09 17:15:35.151209
1229.79296875,321.41796875,1.5372967345311055,1.1071487177940904,2026-07-09 17:15:35.152274
1230.48046875,322.79296875,1.5372967345311055,1.1071487177940904,2026-07-09 17:15:35.153275
1231.16796875,323.48046875,0.9722718241315028,0.7853981633974483,2026-07-09 17:15:35.154217
1231.85546875,324.16796875,0.9722718241315028,0.7853981633974483,2026-07-09 17:15:35.156320
1232.54296875,325.54296875,1.5372967345311055,1.1071487177940904,2026-07-09 17:15:35.156795
1233.23046875,326.91796875,1.5372967345311055,1.1071487177940904,2026-07-09 17:15:35.157251
1233.91796875,327.60546875,0.9722718241315028,0.7853981633974483,2026-07-09 17:15:35.158237
1234.60546875,328.98046875,1.5372967345311055,1.1071487177940904,2026-07-09 17:15:35.159329
1235.29296875,329.66796875,0.9722718241315028,0.7853981633974483,2026-07-09 17:15:35.160302
1236.66796875,331.04296875,1.9445436482630056,0.7853981633974483,2026-07-09 17:15:35.161300
1237.35546875,332.41796875,1.5372967345311055,1.1071487177940904,2026-07-09 17:15:35.162274
1238.04296875,333.79296875,1.5372967345311055,1.1071487177940904,2026-07-09 17:15:35.163277
1238.73046875,334.48046875,0.9722718241315028,0.7853981633974483,2026-07-09 17:15:35.164318
1239.41796875,335.85546875,1.5372967345311055,1.1071487177940904,2026-07-09 17:15:35.165293
1240.10546875,337.23046875,1.5372967345311055,1.1071487177940904,2026-07-09 17:15:35.166288
1240.79296875,338.60546875,1.5372967345311055,1.1071487177940904,2026-07-09 17:15:35.167284
1241.48046875,339.29296875,0.9722718241315028,0.7853981633974483,2026-07-09 17:15:35.168279
1242.16796875,340.66796875,1.5372967345311055,1.1071487177940904,2026-07-09 17:15:35.169274
1242.85546875,342.04296875,1.5372967345311055,1.1071487177940904,2026-07-09 17:15:35.170277
1243.54296875,343.41796875,1.5372967345311055,1.1071487177940904,2026-07-09 17:15:35.171220
1244.23046875,344.10546875,0.9722718241315028,0.7853981633974483,2026-07-09 17:15:35.172991
1244.91796875,345.48046875,1.5372967345311055,1.1071487177940904,2026-07-09 17:15:35.173565
1245.60546875,346.85546875,1.5372967345311055,1.1071487177940904,2026-07-09 17:15:35.174242
1246.29296875,348.23046875,1.5372967345311055,1.1071487177940904,2026-07-09 17:15:35.175307
1246.98046875,348.91796875,0.9722718241315028,0.7853981633974483,2026-07-09 17:15:35.176228
1247.66796875,350.29296875,1.5372967345311055,1.1071487177940904,2026-07-09 17:15:35.177232
1247.66796875,351.66796875,1.375,1.5707963267948966,2026-07-09 17:15:35.178285
1248.35546875,353.04296875,1.5372967345311055,1.1071487177940904,2026-07-09 17:15:35.179288
1248.35546875,353.73046875,0.6875,1.5707963267948966,2026-07-09 17:15:35.180217
1249.04296875,355.10546875,1.5372967345311055,1.1071487177940904,2026-07-09 17:15:35.181218
1249.73046875,356.48046875,1.5372967345311055,1.1071487177940904,2026-07-09 17:15:35.182312
1250.41796875,357.85546875,1.5372967345311055,1.1071487177940904,2026-07-09 17:15:35.183223
1251.10546875,358.54296875,0.9722718241315028,0.7853981633974483,2026-07-09 17:15:35.184281
1251.10546875,359.91796875,1.375,1.5707963267948966,2026-07-09 17:15:35.185212
1251.79296875,361.29296875,1.5372967345311055,1.1071487177940904,2026-07-09 17:15:35.186319
1251.79296875,362.66796875,1.375,1.5707963267948966,2026-07-09 17:15:35.187297
1252.48046875,364.04296875,1.5372967345311055,1.1071487177940904,2026-07-09 17:15:35.189644
1252.48046875,364.73046875,0.6875,1.5707963267948966,2026-07-09 17:15:35.190080
1253.16796875,366.10546875,1.5372967345311055,1.1071487177940904,2026-07-09 17:15:35.190521
1253.85546875,367.48046875,1.5372967345311055,1.1071487177940904,2026-07-09 17:15:35.191342
1253.85546875,368.16796875,0.6875,1.5707963267948966,2026-07-09 17:15:35.192213
1254.54296875,369.54296875,1.5372967345311055,1.1071487177940904,2026-07-09 17:15:35.193209
1254.54296875,370.91796875,1.375,1.5707963267948966,2026-07-09 17:15:35.194411
1254.54296875,372.29296875,1.375,1.5707963267948966,2026-07-09 17:15:35.195223
1255.23046875,373.66796875,1.5372967345311055,1.1071487177940904,2026-07-09 17:15:35.196307
1255.23046875,374.35546875,0.6875,1.5707963267948966,2026-07-09 17:15:35.197325
1255.91796875,375.73046875,1.5372967345311055,1.1071487177940904,2026-07-09 17:15:35.198227
1255.91796875,377.10546875,1.375,1.5707963267948966,2026-07-09 17:15:35.199320
1256.60546875,378.48046875,1.5372967345311055,1.1071487177940904,2026-07-09 17:15:35.200220
1256.60546875,379.85546875,1.375,1.5707963267948966,2026-07-09 17:15:35.201363
1256.60546875,381.23046875,1.375,1.5707963267948966,2026-07-09 17:15:35.202267
1257.29296875,382.60546875,1.5372967345311055,1.1071487177940904,2026-07-09 17:15:35.203285
1257.29296875,383.98046875,1.375,1.5707963267948966,2026-07-09 17:15:35.204295
1257.29296875,384.66796875,0.6875,1.5707963267948966,2026-07-09 17:15:35.206362
1257.98046875,386.04296875,1.5372967345311055,1.1071487177940904,2026-07-09 17:15:35.206856
1257.98046875,387.41796875,1.375,1.5707963267948966,2026-07-09 17:15:35.207260
1258.66796875,388.79296875,1.5372967345311055,1.1071487177940904,2026-07-09 17:15:35.208244
1258.66796875,390.16796875,1.375,1.5707963267948966,2026-07-09 17:15:35.209283
1258.66796875,391.54296875,1.375,1.5707963267948966,2026-07-09 17:15:35.210222
1259.35546875,392.91796875,1.5372967345311055,1.1071487177940904,2026-07-09 17:15:35.211240
1259.35546875,394.29296875,1.375,1.5707963267948966,2026-07-09 17:15:35.212276
1259.35546875,394.98046875,0.6875,1.5707963267948966,2026-07-09 17:15:35.213217
1260.04296875,396.35546875,1.5372967345311055,1.1071487177940904,2026-07-09 17:15:35.214212
1260.04296875,397.73046875,1.375,1.5707963267948966,2026-07-09 17:15:35.215318
1260.04296875,399.10546875,1.375,1.5707963267948966,2026-07-09 17:15:35.216223
1260.73046875,400.48046875,1.5372967345311055,1.1071487177940904,2026-07-09 17:15:35.217294
1260.73046875,401.85546875,1.375,1.5707963267948966,2026-07-09 17:15:35.218290
1260.73046875,403.91796875,2.0625,1.5707963267948966,2026-07-09 17:15:35.219219
1260.73046875,404.60546875,0.6875,1.5707963267948966,2026-07-09 17:15:35.220308
1261.41796875,405.98046875,1.5372967345311055,1.1071487177940904,2026-07-09 17:15:35.223008
1261.41796875,407.35546875,1.375,1.5707963267948966,2026-07-09 17:15:35.223551
1262.10546875,408.73046875,1.5372967345311055,1.1071487177940904,2026-07-09 17:15:35.223948
1262.10546875,410.10546875,1.375,1.5707963267948966,2026-07-09 17:15:35.224377
1262.10546875,411.48046875,1.375,1.5707963267948966,2026-07-09 17:15:35.225235
1262.79296875,412.85546875,1.5372967345311055,1.1071487177940904,2026-07-09 17:15:35.226235
1262.79296875,414.23046875,1.375,1.5707963267948966,2026-07-09 17:15:35.227254
1262.79296875,416.29296875,2.0625,1.5707963267948966,2026-07-09 17:15:35.228361
1262.79296875,416.98046875,0.6875,1.5707963267948966,2026-07-09 17:15:35.229222
1263.48046875,418.35546875,1.5372967345311055,1.1071487177940904,2026-07-09 17:15:35.230246
1263.48046875,419.73046875,1.375,1.5707963267948966,2026-07-09 17:15:35.231291
1263.48046875,421.79296875,2.0625,1.5707963267948966,2026-07-09 17:15:35.232291
1264.16796875,423.16796875,1.5372967345311055,1.1071487177940904,2026-07-09 17:15:35.233216
1264.16796875,424.54296875,1.375,1.5707963267948966,2026-07-09 17:15:35.234300
1264.16796875,425.91796875,1.375,1.5707963267948966,2026-07-09 17:15:35.235207
1264.85546875,427.98046875,2.174065891365761,1.2490457723982544,2026-07-09 17:15:35.236298
1264.85546875,429.35546875,1.375,1.5707963267948966,2026-07-09 17:15:35.237210
1264.85546875,430.73046875,1.375,1.5707963267948966,2026-07-09 17:15:35.239640
1265.54296875,432.10546875,1.5372967345311055,1.1071487177940904,2026-07-09 17:15:35.240066
1265.54296875,433.48046875,1.375,1.5707963267948966,2026-07-09 17:15:35.240494
1265.54296875,435.54296875,2.0625,1.5707963267948966,2026-07-09 17:15:35.241227
1265.54296875,436.91796875,1.375,1.5707963267948966,2026-07-09 17:15:35.242302
1266.23046875,438.29296875,1.5372967345311055,1.1071487177940904,2026-07-09 17:15:35.243216
1266.23046875,440.35546875,2.0625,1.5707963267948966,2026-07-09 17:15:35.244293
1266.23046875,441.73046875,1.375,1.5707963267948966,2026-07-09 17:15:35.245206
1266.23046875,443.10546875,1.375,1.5707963267948966,2026-07-09 17:15:35.246336
1266.91796875,444.48046875,1.5372967345311055,1.1071487177940904,2026-07-09 17:15:35.247221
1266.91796875,445.85546875,1.375,1.5707963267948966,2026-07-09 17:15:35.248208
1266.91796875,447.91796875,2.0625,1.5707963267948966,2026-07-09 17:15:35.249333
1266.91796875,449.29296875,1.375,1.5707963267948966,2026-07-09 17:15:35.250208
1267.60546875,450.66796875,1.5372967345311055,1.1071487177940904,2026-07-09 17:15:35.251289
1267.60546875,452.04296875,1.375,1.5707963267948966,2026-07-09 17:15:35.252283
1267.60546875,453.41796875,1.375,1.5707963267948966,2026-07-09 17:15:35.253203
1267.60546875,454.79296875,1.375,1.5707963267948966,2026-07-09 17:15:35.254208
1268.29296875,456.16796875,1.5372967345311055,1.1071487177940904,2026-07-09 17:15:35.256212
1268.29296875,457.54296875,1.375,1.5707963267948966,2026-07-09 17:15:35.256645
1268.29296875,459.60546875,2.0625,1.5707963267948966,2026-07-09 17:15:35.257273
1268.29296875,460.98046875,1.375,1.5707963267948966,2026-07-09 17:15:35.258259
1268.98046875,462.35546875,1.5372967345311055,1.1071487177940904,2026-07-09 17:15:35.259248
1268.98046875,464.41796875,2.0625,1.5707963267948966,2026-07-09 17:15:35.260253
1268.98046875,465.79296875,1.375,1.5707963267948966,2026-07-09 17:15:35.261283
1268.98046875,467.16796875,1.375,1.5707963267948966,2026-07-09 17:15:35.262207
1268.98046875,468.54296875,1.375,1.5707963267948966,2026-07-09 17:15:35.263280
1269.66796875,469.91796875,1.5372967345311055,1.1071487177940904,2026-07-09 17:15:35.264292
1269.66796875,471.29296875,1.375,1.5707963267948966,2026-07-09 17:15:35.265288
1269.66796875,472.66796875,1.375,1.5707963267948966,2026-07-09 17:15:35.266292
1269.66796875,474.04296875,1.375,1.5707963267948966,2026-07-09 17:15:35.267232
1270.35546875,475.41796875,1.5372967345311055,1.1071487177940904,2026-07-09 17:15:35.268322
1270.35546875,477.48046875,2.0625,1.5707963267948966,2026-07-09 17:15:35.269279
1270.35546875,478.85546875,1.375,1.5707963267948966,2026-07-09 17:15:35.270213
1270.35546875,480.23046875,1.375,1.5707963267948966,2026-07-09 17:15:35.273033
1270.35546875,481.60546875,1.375,1.5707963267948966,2026-07-09 17:15:35.273685
1270.35546875,482.98046875,1.375,1.5707963267948966,2026-07-09 17:15:35.274154
1270.35546875,484.35546875,1.375,1.5707963267948966,2026-07-09 17:15:35.274588
1270.35546875,485.73046875,1.375,1.5707963267948966,2026-07-09 17:15:35.275316
1271.04296875,487.10546875,1.5372967345311055,1.1071487177940904,2026-07-09 17:15:35.276291
1271.04296875,489.16796875,2.0625,1.5707963267948966,2026-07-09 17:15:35.277271
1271.04296875,490.54296875,1.375,1.5707963267948966,2026-07-09 17:15:35.278284
1271.04296875,491.91796875,1.375,1.5707963267948966,2026-07-09 17:15:35.279319
1271.04296875,493.29296875,1.375,1.5707963267948966,2026-07-09 17:15:35.280237
1271.04296875,494.66796875,1.375,1.5707963267948966,2026-07-09 17:15:35.281255
1271.04296875,496.04296875,1.375,1.5707963267948966,2026-07-09 17:15:35.282284
1271.04296875,497.41796875,1.375,1.5707963267948966,2026-07-09 17:15:35.283277
1271.04296875,498.79296875,1.375,1.5707963267948966,2026-07-09 17:15:35.284210
1271.04296875,500.85546875,2.0625,1.5707963267948966,2026-07-09 17:15:35.285277
1271.04296875,502.23046875,1.375,1.5707963267948966,2026-07-09 17:15:35.286292
1271.73046875,502.91796875,0.9722718241315028,0.7853981633974483,2026-07-09 17:15:35.287213
1271.73046875,504.29296875,1.375,1.5707963267948966,2026-07-09 17:15:35.289629
1271.73046875,505.66796875,1.375,1.5707963267948966,2026-07-09 17:15:35.290151
1271.73046875,507.73046875,2.0625,1.5707963267948966,2026-07-09 17:15:35.290548
1271.73046875,509.10546875,1.375,1.5707963267948966,2026-07-09 17:15:35.291299
1271.73046875,510.48046875,1.375,1.5707963267948966,2026-07-09 17:15:35.292216
1271.73046875,511.85546875,1.375,1.5707963267948966,2026-07-09 17:15:35.293297
1271.73046875,513.23046875,1.375,1.5707963267948966,2026-07-09 17:15:35.294221
1271.73046875,514.60546875,1.375,1.5707963267948966,2026-07-09 17:15:35.295217
1271.73046875,515.98046875,1.375,1.5707963267948966,2026-07-09 17:15:35.296316
1271.73046875,517.35546875,1.375,1.5707963267948966,2026-07-09 17:15:35.297220
1271.73046875,518.73046875,1.375,1.5707963267948966,2026-07-09 17:15:35.298244
1271.73046875,520.10546875,1.375,1.5707963267948966,2026-07-09 17:15:35.299302
1271.73046875,521.48046875,1.375,1.5707963267948966,2026-07-09 17:15:35.300217
1271.73046875,522.85546875,1.375,1.5707963267948966,2026-07-09 17:15:35.301342
1271.73046875,524.23046875,1.375,1.5707963267948966,2026-07-09 17:15:35.302215
1271.73046875,525.60546875,1.375,1.5707963267948966,2026-07-09 17:15:35.303270
1271.73046875,526.98046875,1.375,1.5707963267948966,2026-07-09 17:15:35.304224
1271.73046875,528.35546875,1.375,1.5707963267948966,2026-07-09 17:15:35.306563
1271.73046875,529.73046875,1.375,1.5707963267948966,2026-07-09 17:15:35.307008
1271.73046875,531.10546875,1.375,1.5707963267948966,2026-07-09 17:15:35.307378
1271.73046875,532.48046875,1.375,1.5707963267948966,2026-07-09 17:15:35.308232
1271.73046875,533.85546875,1.375,1.5707963267948966,2026-07-09 17:15:35.309298
1271.73046875,535.23046875,1.375,1.5707963267948966,2026-07-09 17:15:35.310282
1271.73046875,536.60546875,1.375,1.5707963267948966,2026-07-09 17:15:35.311286
1271.73046875,537.98046875,1.375,1.5707963267948966,2026-07-09 17:15:35.312212
1271.73046875,539.35546875,1.375,1.5707963267948966,2026-07-09 17:15:35.313415
1271.73046875,540.73046875,1.375,1.5707963267948966,2026-07-09 17:15:35.314288
1271.73046875,542.10546875,1.375,1.5707963267948966,2026-07-09 17:15:35.315282
1271.73046875,543.48046875,1.375,1.5707963267948966,2026-07-09 17:15:35.316275
1271.73046875,544.85546875,1.375,1.5707963267948966,2026-07-09 17:15:35.317277
1271.73046875,546.23046875,1.375,1.5707963267948966,2026-07-09 17:15:35.318213
1271.73046875,547.60546875,1.375,1.5707963267948966,2026-07-09 17:15:35.319283
1271.73046875,548.29296875,0.6875,1.5707963267948966,2026-07-09 17:15:35.320273
1271.73046875,549.66796875,1.375,1.5707963267948966,2026-07-09 17:15:35.323069
1271.73046875,551.04296875,1.375,1.5707963267948966,2026-07-09 17:15:35.323697
1271.73046875,552.41796875,1.375,1.5707963267948966,2026-07-09 17:15:35.324056
1271.73046875,553.79296875,1.375,1.5707963267948966,2026-07-09 17:15:35.324571
1271.73046875,555.16796875,1.375,1.5707963267948966,2026-07-09 17:15:35.325274
1271.73046875,557.23046875,2.0625,1.5707963267948966,2026-07-09 17:15:35.326268
1271.73046875,557.91796875,0.6875,1.5707963267948966,2026-07-09 17:15:35.327224
1271.73046875,559.29296875,1.375,1.5707963267948966,2026-07-09 17:15:35.328303
1271.73046875,560.66796875,1.375,1.5707963267948966,2026-07-09 17:15:35.329215
1271.73046875,562.04296875,1.375,1.5707963267948966,2026-07-09 17:15:35.330315
1271.73046875,563.41796875,1.375,1.5707963267948966,2026-07-09 17:15:35.331204
1271.04296875,564.79296875,1.5372967345311055,2.0344439357957027,2026-07-09 17:15:35.332300
1271.04296875,566.16796875,1.375,1.5707963267948966,2026-07-09 17:15:35.333220
1271.04296875,567.54296875,1.375,1.5707963267948966,2026-07-09 17:15:35.334356
1271.04296875,568.91796875,1.375,1.5707963267948966,2026-07-09 17:15:35.335209
1271.04296875,570.29296875,1.375,1.5707963267948966,2026-07-09 17:15:35.336317
1271.04296875,571.66796875,1.375,1.5707963267948966,2026-07-09 17:15:35.337275
1271.04296875,573.04296875,1.375,1.5707963267948966,2026-07-09 17:15:35.339715
1271.04296875,574.41796875,1.375,1.5707963267948966,2026-07-09 17:15:35.340168
1271.04296875,575.79296875,1.375,1.5707963267948966,2026-07-09 17:15:35.340615
1271.04296875,577.16796875,1.375,1.5707963267948966,2026-07-09 17:15:35.341351
1271.04296875,578.54296875,1.375,1.5707963267948966,2026-07-09 17:15:35.342221
1271.04296875,579.23046875,0.6875,1.5707963267948966,2026-07-09 17:15:35.343253
1271.04296875,580.60546875,1.375,1.5707963267948966,2026-07-09 17:15:35.344287
1270.35546875,581.98046875,1.5372967345311055,2.0344439357957027,2026-07-09 17:15:35.345228
1270.35546875,583.35546875,1.375,1.5707963267948966,2026-07-09 17:15:35.346316
1270.35546875,584.73046875,1.375,1.5707963267948966,2026-07-09 17:15:35.347205
1270.35546875,586.10546875,1.375,1.5707963267948966,2026-07-09 17:15:35.348310
1270.35546875,587.48046875,1.375,1.5707963267948966,2026-07-09 17:15:35.349253
1270.35546875,588.85546875,1.375,1.5707963267948966,2026-07-09 17:15:35.350279
1270.35546875,590.23046875,1.375,1.5707963267948966,2026-07-09 17:15:35.351211
1270.35546875,591.60546875,1.375,1.5707963267948966,2026-07-09 17:15:35.352222
1270.35546875,592.29296875,0.6875,1.5707963267948966,2026-07-09 17:15:35.353376
1269.66796875,593.66796875,1.5372967345311055,2.0344439357957027,2026-07-09 17:15:35.354222
1269.66796875,595.73046875,2.0625,1.5707963267948966,2026-07-09 17:15:35.356497
1269.66796875,596.41796875,0.6875,1.5707963267948966,2026-07-09 17:15:35.356941
1269.66796875,597.79296875,1.375,1.5707963267948966,2026-07-09 17:15:35.357387
1269.66796875,599.16796875,1.375,1.5707963267948966,2026-07-09 17:15:35.358222
1269.66796875,600.54296875,1.375,1.5707963267948966,2026-07-09 17:15:35.359422
1268.98046875,601.91796875,1.5372967345311055,2.0344439357957027,2026-07-09 17:15:35.360227
1268.98046875,603.29296875,1.375,1.5707963267948966,2026-07-09 17:15:35.361243
1268.98046875,604.66796875,1.375,1.5707963267948966,2026-07-09 17:15:35.362284
1268.98046875,606.04296875,1.375,1.5707963267948966,2026-07-09 17:15:35.363203
1268.98046875,607.41796875,1.375,1.5707963267948966,2026-07-09 17:15:35.364275
1268.29296875,608.79296875,1.5372967345311055,2.0344439357957027,2026-07-09 17:15:35.365345
1268.29296875,610.16796875,1.375,1.5707963267948966,2026-07-09 17:15:35.366212
1268.29296875,611.54296875,1.375,1.5707963267948966,2026-07-09 17:15:35.367277
1268.29296875,612.23046875,0.6875,1.5707963267948966,2026-07-09 17:15:35.368282
1268.29296875,613.60546875,1.375,1.5707963267948966,2026-07-09 17:15:35.369204
1267.60546875,614.98046875,1.5372967345311055,2.0344439357957027,2026-07-09 17:15:35.370197
1267.60546875,616.35546875,1.375,1.5707963267948966,2026-07-09 17:15:35.373052
1267.60546875,617.04296875,0.6875,1.5707963267948966,2026-07-09 17:15:35.373584
1267.60546875,618.41796875,1.375,1.5707963267948966,2026-07-09 17:15:35.374090
1266.91796875,619.79296875,1.5372967345311055,2.0344439357957027,2026-07-09 17:15:35.374513
1266.91796875,621.16796875,1.375,1.5707963267948966,2026-07-09 17:15:35.375295
1266.91796875,622.54296875,1.375,1.5707963267948966,2026-07-09 17:15:35.376255
1266.91796875,623.91796875,1.375,1.5707963267948966,2026-07-09 17:15:35.377283
1266.23046875,625.29296875,1.5372967345311055,2.0344439357957027,2026-07-09 17:15:35.378288
1266.23046875,625.98046875,0.6875,1.5707963267948966,2026-07-09 17:15:35.379284
1266.23046875,627.35546875,1.375,1.5707963267948966,2026-07-09 17:15:35.380225
1266.23046875,628.73046875,1.375,1.5707963267948966,2026-07-09 17:15:35.381360
1265.54296875,630.10546875,1.5372967345311055,2.0344439357957027,2026-07-09 17:15:35.382294
1265.54296875,631.48046875,1.375,1.5707963267948966,2026-07-09 17:15:35.383245
1265.54296875,632.85546875,1.375,1.5707963267948966,2026-07-09 17:15:35.384347
1265.54296875,633.54296875,0.6875,1.5707963267948966,2026-07-09 17:15:35.385242
1264.85546875,634.91796875,1.5372967345311055,2.0344439357957027,2026-07-09 17:15:35.386351
1264.85546875,636.29296875,1.375,1.5707963267948966,2026-07-09 17:15:35.387304
1264.85546875,636.98046875,0.6875,1.5707963267948966,2026-07-09 17:15:35.389783
1264.16796875,638.35546875,1.5372967345311055,2.0344439357957027,2026-07-09 17:15:35.390362
1264.16796875,639.73046875,1.375,1.5707963267948966,2026-07-09 17:15:35.390885
1264.16796875,641.10546875,1.375,1.5707963267948966,2026-07-09 17:15:35.391378
1263.48046875,641.79296875,0.9722718241315028,2.356194490192345,2026-07-09 17:15:35.392245
1263.48046875,643.16796875,1.375,1.5707963267948966,2026-07-09 17:15:35.393284
1262.79296875,643.85546875,0.9722718241315028,2.356194490192345,2026-07-09 17:15:35.394237
1262.79296875,645.23046875,1.375,1.5707963267948966,2026-07-09 17:15:35.395275
1262.79296875,646.60546875,1.375,1.5707963267948966,2026-07-09 17:15:35.396207
1262.10546875,647.29296875,0.9722718241315028,2.356194490192345,2026-07-09 17:15:35.397311
1262.10546875,648.66796875,1.375,1.5707963267948966,2026-07-09 17:15:35.398290
1261.41796875,650.73046875,2.174065891365761,1.892546881191539,2026-07-09 17:15:35.399303
1261.41796875,651.41796875,0.6875,1.5707963267948966,2026-07-09 17:15:35.400291
1260.73046875,652.79296875,1.5372967345311055,2.0344439357957027,2026-07-09 17:15:35.401277
1260.73046875,653.48046875,0.6875,1.5707963267948966,2026-07-09 17:15:35.402271
1260.04296875,654.85546875,1.5372967345311055,2.0344439357957027,2026-07-09 17:15:35.403206
1260.04296875,655.54296875,0.6875,1.5707963267948966,2026-07-09 17:15:35.404222
1259.35546875,656.91796875,1.5372967345311055,2.0344439357957027,2026-07-09 17:15:35.406430
1259.35546875,658.29296875,1.375,1.5707963267948966,2026-07-09 17:15:35.407001
1258.66796875,658.98046875,0.9722718241315028,2.356194490192345,2026-07-09 17:15:35.407517
1258.66796875,660.35546875,1.375,1.5707963267948966,2026-07-09 17:15:35.408260
1258.66796875,661.04296875,0.6875,1.5707963267948966,2026-07-09 17:15:35.409256
1257.98046875,661.73046875,0.9722718241315028,2.356194490192345,2026-07-09 17:15:35.410296
1257.29296875,663.10546875,1.5372967345311055,2.0344439357957027,2026-07-09 17:15:35.411220
1257.29296875,664.48046875,1.375,1.5707963267948966,2026-07-09 17:15:35.412273
1256.60546875,665.16796875,0.9722718241315028,2.356194490192345,2026-07-09 17:15:35.413211
1256.60546875,666.54296875,1.375,1.5707963267948966,2026-07-09 17:15:35.414279
1255.91796875,667.23046875,0.9722718241315028,2.356194490192345,2026-07-09 17:15:35.415278
1255.23046875,668.60546875,1.5372967345311055,2.0344439357957027,2026-07-09 17:15:35.416238
1255.23046875,669.29296875,0.6875,1.5707963267948966,2026-07-09 17:15:35.417266
1254.54296875,669.98046875,0.9722718241315028,2.356194490192345,2026-07-09 17:15:35.418288
1253.85546875,671.35546875,1.5372967345311055,2.0344439357957027,2026-07-09 17:15:35.419271
1253.85546875,672.04296875,0.6875,1.5707963267948966,2026-07-09 17:15:35.420275
1253.16796875,672.73046875,0.9722718241315028,2.356194490192345,2026-07-09 17:15:35.421203
1253.16796875,674.10546875,1.375,1.5707963267948966,2026-07-09 17:15:35.422964
1253.16796875,675.48046875,1.375,1.5707963267948966,2026-07-09 17:15:35.423512
1252.48046875,676.16796875,0.9722718241315028,2.356194490192345,2026-07-09 17:15:35.424255
1252.48046875,676.85546875,0.6875,1.5707963267948966,2026-07-09 17:15:35.425291
1251.79296875,677.54296875,0.9722718241315028,2.356194490192345,2026-07-09 17:15:35.426209
1251.10546875,678.91796875,1.5372967345311055,2.0344439357957027,2026-07-09 17:15:35.427286
1250.41796875,679.60546875,0.9722718241315028,2.356194490192345,2026-07-09 17:15:35.428210
1250.41796875,680.29296875,0.6875,1.5707963267948966,2026-07-09 17:15:35.429310
1249.73046875,680.98046875,0.9722718241315028,2.356194490192345,2026-07-09 17:15:35.430333
1249.73046875,682.35546875,1.375,1.5707963267948966,2026-07-09 17:15:35.431216
1249.04296875,683.73046875,1.5372967345311055,2.0344439357957027,2026-07-09 17:15:35.432361
1249.04296875,684.41796875,0.6875,1.5707963267948966,2026-07-09 17:15:35.433202
1248.35546875,685.10546875,0.9722718241315028,2.356194490192345,2026-07-09 17:15:35.434386
1247.66796875,685.79296875,0.9722718241315028,2.356194490192345,2026-07-09 17:15:35.435217
1246.98046875,686.48046875,0.9722718241315028,2.356194490192345,2026-07-09 17:15:35.436285
1246.98046875,687.16796875,0.6875,1.5707963267948966,2026-07-09 17:15:35.437271
1246.29296875,688.54296875,1.5372967345311055,2.0344439357957027,2026-07-09 17:15:35.439738
1246.29296875,689.91796875,1.375,1.5707963267948966,2026-07-09 17:15:35.440204
1245.60546875,690.60546875,0.9722718241315028,2.356194490192345,2026-07-09 17:15:35.440690
1245.60546875,691.29296875,0.6875,1.5707963267948966,2026-07-09 17:15:35.441297
1244.91796875,691.98046875,0.9722718241315028,2.356194490192345,2026-07-09 17:15:35.442256
1244.91796875,692.66796875,0.6875,1.5707963267948966,2026-07-09 17:15:35.443229
1244.23046875,694.04296875,1.5372967345311055,2.0344439357957027,2026-07-09 17:15:35.444255
1243.54296875,694.73046875,0.9722718241315028,2.356194490192345,2026-07-09 17:15:35.445238
1242.85546875,695.41796875,0.9722718241315028,2.356194490192345,2026-07-09 17:15:35.446262
1242.85546875,696.79296875,1.375,1.5707963267948966,2026-07-09 17:15:35.447216
1242.16796875,698.16796875,1.5372967345311055,2.0344439357957027,2026-07-09 17:15:35.448290
1241.48046875,698.85546875,0.9722718241315028,2.356194490192345,2026-07-09 17:15:35.449207
1241.48046875,699.54296875,0.6875,1.5707963267948966,2026-07-09 17:15:35.450212
1240.79296875,700.23046875,0.9722718241315028,2.356194490192345,2026-07-09 17:15:35.451243
1240.10546875,700.91796875,0.9722718241315028,2.356194490192345,2026-07-09 17:15:35.452276
1239.41796875,701.60546875,0.9722718241315028,2.356194490192345,2026-07-09 17:15:35.453288
1239.41796875,702.98046875,1.375,1.5707963267948966,2026-07-09 17:15:35.454294
1238.73046875,704.35546875,1.5372967345311055,2.0344439357957027,2026-07-09 17:15:35.456272
1238.73046875,705.04296875,0.6875,1.5707963267948966,2026-07-09 17:15:35.456901
1238.04296875,705.73046875,0.9722718241315028,2.356194490192345,2026-07-09 17:15:35.457358
1238.04296875,706.41796875,0.6875,1.5707963267948966,2026-07-09 17:15:35.458226
1237.35546875,707.10546875,0.9722718241315028,2.356194490192345,2026-07-09 17:15:35.459326
1236.66796875,707.79296875,0.9722718241315028,2.356194490192345,2026-07-09 17:15:35.460317
1235.98046875,708.48046875,0.9722718241315028,2.356194490192345,2026-07-09 17:15:35.461219
1235.98046875,709.16796875,0.6875,1.5707963267948966,2026-07-09 17:15:35.462256
1235.29296875,710.54296875,1.5372967345311055,2.0344439357957027,2026-07-09 17:15:35.463296
1234.60546875,711.91796875,1.5372967345311055,2.0344439357957027,2026-07-09 17:15:35.464290
1233.91796875,712.60546875,0.9722718241315028,2.356194490192345,2026-07-09 17:15:35.465282
1233.91796875,713.29296875,0.6875,1.5707963267948966,2026-07-09 17:15:35.466227
1233.23046875,713.98046875,0.9722718241315028,2.356194490192345,2026-07-09 17:15:35.467286
1232.54296875,714.66796875,0.9722718241315028,2.356194490192345,2026-07-09 17:15:35.468218
1231.85546875,715.35546875,0.9722718241315028,2.356194490192345,2026-07-09 17:15:35.469296
1231.16796875,716.04296875,0.9722718241315028,2.356194490192345,2026-07-09 17:15:35.470206
1231.16796875,717.41796875,1.375,1.5707963267948966,2026-07-09 17:15:35.473334
1230.48046875,718.10546875,0.9722718241315028,2.356194490192345,2026-07-09 17:15:35.473731
1229.79296875,718.79296875,0.9722718241315028,2.356194490192345,2026-07-09 17:15:35.474085
1229.10546875,719.48046875,0.9722718241315028,2.356194490192345,2026-07-09 17:15:35.474513
1228.41796875,720.16796875,0.9722718241315028,2.356194490192345,2026-07-09 17:15:35.475288
1227.73046875,720.85546875,0.9722718241315028,2.356194490192345,2026-07-09 17:15:35.476211
1227.04296875,721.54296875,0.9722718241315028,2.356194490192345,2026-07-09 17:15:35.477283
1227.04296875,722.23046875,0.6875,1.5707963267948966,2026-07-09 17:15:35.478205
1226.35546875,723.60546875,1.5372967345311055,2.0344439357957027,2026-07-09 17:15:35.479338
1225.66796875,724.29296875,0.9722718241315028,2.356194490192345,2026-07-09 17:15:35.480261
1224.98046875,724.98046875,0.9722718241315028,2.356194490192345,2026-07-09 17:15:35.481243
1224.29296875,725.66796875,0.9722718241315028,2.356194490192345,2026-07-09 17:15:35.482283
1224.29296875,726.35546875,0.6875,1.5707963267948966,2026-07-09 17:15:35.483277
1223.60546875,727.04296875,0.9722718241315028,2.356194490192345,2026-07-09 17:15:35.484266
1222.91796875,727.73046875,0.9722718241315028,2.356194490192345,2026-07-09 17:15:35.485277
1222.23046875,728.41796875,0.9722718241315028,2.356194490192345,2026-07-09 17:15:35.486271
1221.54296875,729.10546875,0.9722718241315028,2.356194490192345,2026-07-09 17:15:35.487271
1220.85546875,729.79296875,0.9722718241315028,2.356194490192345,2026-07-09 17:15:35.489596
1220.16796875,730.48046875,0.9722718241315028,2.356194490192345,2026-07-09 17:15:35.490028
1219.48046875,731.16796875,0.9722718241315028,2.356194490192345,2026-07-09 17:15:35.490440
1218.79296875,731.85546875,0.9722718241315028,2.356194490192345,2026-07-09 17:15:35.491273
1218.10546875,732.54296875,0.9722718241315028,2.356194490192345,2026-07-09 17:15:35.492277
1217.41796875,733.23046875,0.9722718241315028,2.356194490192345,2026-07-09 17:15:35.493280
1216.73046875,733.91796875,0.9722718241315028,2.356194490192345,2026-07-09 17:15:35.494284
1216.04296875,734.60546875,0.9722718241315028,2.356194490192345,2026-07-09 17:15:35.495272
1215.35546875,735.29296875,0.9722718241315028,2.356194490192345,2026-07-09 17:15:35.496224
1214.66796875,735.98046875,0.9722718241315028,2.356194490192345,2026-07-09 17:15:35.497292
1213.98046875,736.66796875,0.9722718241315028,2.356194490192345,2026-07-09 17:15:35.498215
1213.29296875,737.35546875,0.9722718241315028,2.356194490192345,2026-07-09 17:15:35.499304
1212.60546875,738.04296875,0.9722718241315028,2.356194490192345,2026-07-09 17:15:35.500308
1211.91796875,738.73046875,0.9722718241315028,2.356194490192345,2026-07-09 17:15:35.501220
1211.23046875,739.41796875,0.9722718241315028,2.356194490192345,2026-07-09 17:15:35.502274
1210.54296875,740.10546875,0.9722718241315028,2.356194490192345,2026-07-09 17:15:35.503277
1209.85546875,740.79296875,0.9722718241315028,2.356194490192345,2026-07-09 17:15:35.504220
1209.16796875,741.48046875,0.9722718241315028,2.356194490192345,2026-07-09 17:15:35.506412
1208.48046875,742.16796875,0.9722718241315028,2.356194490192345,2026-07-09 17:15:35.506967
1207.79296875,742.85546875,0.9722718241315028,2.356194490192345,2026-07-09 17:15:35.507495
1207.10546875,743.54296875,0.9722718241315028,2.356194490192345,2026-07-09 17:15:35.508254
1206.41796875,744.23046875,0.9722718241315028,2.356194490192345,2026-07-09 17:15:35.509218
1205.73046875,744.91796875,0.9722718241315028,2.356194490192345,2026-07-09 17:15:35.510287
1205.04296875,745.60546875,0.9722718241315028,2.356194490192345,2026-07-09 17:15:35.511282
1203.66796875,746.29296875,1.5372967345311055,2.677945044588987,2026-07-09 17:15:35.512279
1202.98046875,746.98046875,0.9722718241315028,2.356194490192345,2026-07-09 17:15:35.513212
1202.29296875,747.66796875,0.9722718241315028,2.356194490192345,2026-07-09 17:15:35.514274
1200.91796875,748.35546875,1.5372967345311055,2.677945044588987,2026-07-09 17:15:35.515205
1200.23046875,749.04296875,0.9722718241315028,2.356194490192345,2026-07-09 17:15:35.516246
1199.54296875,749.73046875,0.9722718241315028,2.356194490192345,2026-07-09 17:15:35.517231
1198.85546875,750.41796875,0.9722718241315028,2.356194490192345,2026-07-09 17:15:35.518217
1198.16796875,751.10546875,0.9722718241315028,2.356194490192345,2026-07-09 17:15:35.519228
1197.48046875,751.79296875,0.9722718241315028,2.356194490192345,2026-07-09 17:15:35.520211
1196.10546875,752.48046875,1.5372967345311055,2.677945044588987,2026-07-09 17:15:35.521214
1195.41796875,753.16796875,0.9722718241315028,2.356194490192345,2026-07-09 17:15:35.522912
1194.73046875,753.16796875,0.6875,3.141592653589793,2026-07-09 17:15:35.523475
1194.04296875,753.85546875,0.9722718241315028,2.356194490192345,2026-07-09 17:15:35.524268
1193.35546875,754.54296875,0.9722718241315028,2.356194490192345,2026-07-09 17:15:35.525232
1192.66796875,755.23046875,0.9722718241315028,2.356194490192345,2026-07-09 17:15:35.526217
1191.98046875,755.91796875,0.9722718241315028,2.356194490192345,2026-07-09 17:15:35.527285
1191.29296875,756.60546875,0.9722718241315028,2.356194490192345,2026-07-09 17:15:35.528221
1189.91796875,757.29296875,1.5372967345311055,2.677945044588987,2026-07-09 17:15:35.529336
1189.23046875,757.29296875,0.6875,3.141592653589793,2026-07-09 17:15:35.530236
1188.54296875,757.98046875,0.9722718241315028,2.356194490192345,2026-07-09 17:15:35.531224
1187.85546875,758.66796875,0.9722718241315028,2.356194490192345,2026-07-09 17:15:35.532208
1186.48046875,759.35546875,1.5372967345311055,2.677945044588987,2026-07-09 17:15:35.533238
1185.79296875,760.04296875,0.9722718241315028,2.356194490192345,2026-07-09 17:15:35.534219
1185.10546875,760.73046875,0.9722718241315028,2.356194490192345,2026-07-09 17:15:35.535219
1184.41796875,761.41796875,0.9722718241315028,2.356194490192345,2026-07-09 17:15:35.536261
1183.04296875,761.41796875,1.375,3.141592653589793,2026-07-09 17:15:35.537227
1182.35546875,762.10546875,0.9722718241315028,2.356194490192345,2026-07-09 17:15:35.539944
1181.66796875,762.79296875,0.9722718241315028,2.356194490192345,2026-07-09 17:15:35.540648
1180.98046875,763.48046875,0.9722718241315028,2.356194490192345,2026-07-09 17:15:35.541038
1180.29296875,763.48046875,0.6875,3.141592653589793,2026-07-09 17:15:35.541607
1178.91796875,764.16796875,1.5372967345311055,2.677945044588987,2026-07-09 17:15:35.542277
1178.23046875,764.85546875,0.9722718241315028,2.356194490192345,2026-07-09 17:15:35.543242
1177.54296875,765.54296875,0.9722718241315028,2.356194490192345,2026-07-09 17:15:35.544339
1176.16796875,766.23046875,1.5372967345311055,2.677945044588987,2026-07-09 17:15:35.545238
1175.48046875,766.91796875,0.9722718241315028,2.356194490192345,2026-07-09 17:15:35.546320
1174.79296875,766.91796875,0.6875,3.141592653589793,2026-07-09 17:15:35.547242
1173.41796875,767.60546875,1.5372967345311055,2.677945044588987,2026-07-09 17:15:35.548229
1172.73046875,768.29296875,0.9722718241315028,2.356194490192345,2026-07-09 17:15:35.549223
1172.04296875,768.98046875,0.9722718241315028,2.356194490192345,2026-07-09 17:15:35.550230
1171.35546875,769.66796875,0.9722718241315028,2.356194490192345,2026-07-09 17:15:35.551256
1169.98046875,770.35546875,1.5372967345311055,2.677945044588987,2026-07-09 17:15:35.552222
1168.60546875,770.35546875,1.375,3.141592653589793,2026-07-09 17:15:35.553220
1167.91796875,771.04296875,0.9722718241315028,2.356194490192345,2026-07-09 17:15:35.554216
1167.23046875,771.73046875,0.9722718241315028,2.356194490192345,2026-07-09 17:15:35.556438
1165.85546875,771.73046875,1.375,3.141592653589793,2026-07-09 17:15:35.556926
1165.16796875,772.41796875,0.9722718241315028,2.356194490192345,2026-07-09 17:15:35.557421
1164.48046875,773.10546875,0.9722718241315028,2.356194490192345,2026-07-09 17:15:35.558220
1163.10546875,773.79296875,1.5372967345311055,2.677945044588987,2026-07-09 17:15:35.559198
1162.41796875,774.48046875,0.9722718241315028,2.356194490192345,2026-07-09 17:15:35.560227
1161.04296875,774.48046875,1.375,3.141592653589793,2026-07-09 17:15:35.561230
1160.35546875,775.16796875,0.9722718241315028,2.356194490192345,2026-07-09 17:15:35.562187
1159.66796875,775.16796875,0.6875,3.141592653589793,2026-07-09 17:15:35.563191
1158.29296875,775.85546875,1.5372967345311055,2.677945044588987,2026-07-09 17:15:35.564203
1157.60546875,776.54296875,0.9722718241315028,2.356194490192345,2026-07-09 17:15:35.565245
1156.91796875,777.23046875,0.9722718241315028,2.356194490192345,2026-07-09 17:15:35.566215
1155.54296875,777.91796875,1.5372967345311055,2.677945044588987,2026-07-09 17:15:35.567269
1154.85546875,777.91796875,0.6875,3.141592653589793,2026-07-09 17:15:35.568254
1154.16796875,778.60546875,0.9722718241315028,2.356194490192345,2026-07-09 17:15:35.569217
1152.79296875,779.29296875,1.5372967345311055,2.677945044588987,2026-07-09 17:15:35.570257
1152.10546875,779.29296875,0.6875,3.141592653589793,2026-07-09 17:15:35.571232
1150.73046875,779.98046875,1.5372967345311055,2.677945044588987,2026-07-09 17:15:35.573156
1150.04296875,780.66796875,0.9722718241315028,2.356194490192345,2026-07-09 17:15:35.573692
1149.35546875,781.35546875,0.9722718241315028,2.356194490192345,2026-07-09 17:15:35.574263
1147.98046875,782.04296875,1.5372967345311055,2.677945044588987,2026-07-09 17:15:35.575228
1147.29296875,782.04296875,0.6875,3.141592653589793,2026-07-09 17:15:35.576214
1146.60546875,782.73046875,0.9722718241315028,2.356194490192345,2026-07-09 17:15:35.577284
1145.23046875,782.73046875,1.375,3.141592653589793,2026-07-09 17:15:35.578292
1143.85546875,783.41796875,1.5372967345311055,2.677945044588987,2026-07-09 17:15:35.579212
1143.16796875,784.10546875,0.9722718241315028,2.356194490192345,2026-07-09 17:15:35.580229
1142.48046875,784.10546875,0.6875,3.141592653589793,2026-07-09 17:15:35.581241
1141.79296875,784.79296875,0.9722718241315028,2.356194490192345,2026-07-09 17:15:35.582296
1140.41796875,785.48046875,1.5372967345311055,2.677945044588987,2026-07-09 17:15:35.583222
1139.73046875,785.48046875,0.6875,3.141592653589793,2026-07-09 17:15:35.584271
1139.04296875,786.16796875,0.9722718241315028,2.356194490192345,2026-07-09 17:15:35.585276
1137.66796875,786.16796875,1.375,3.141592653589793,2026-07-09 17:15:35.586219
1136.29296875,786.85546875,1.5372967345311055,2.677945044588987,2026-07-09 17:15:35.587212
1135.60546875,786.85546875,0.6875,3.141592653589793,2026-07-09 17:15:35.589655
1134.91796875,787.54296875,0.9722718241315028,2.356194490192345,2026-07-09 17:15:35.590125
1134.23046875,787.54296875,0.6875,3.141592653589793,2026-07-09 17:15:35.590523
1132.85546875,788.23046875,1.5372967345311055,2.677945044588987,2026-07-09 17:15:35.591302
1132.16796875,788.91796875,0.9722718241315028,2.356194490192345,2026-07-09 17:15:35.592215
1130.79296875,788.91796875,1.375,3.141592653589793,2026-07-09 17:15:35.593259
1129.41796875,789.60546875,1.5372967345311055,2.677945044588987,2026-07-09 17:15:35.594204
1128.73046875,789.60546875,0.6875,3.141592653589793,2026-07-09 17:15:35.595335
1128.04296875,790.29296875,0.9722718241315028,2.356194490192345,2026-07-09 17:15:35.596234
1126.66796875,790.29296875,1.375,3.141592653589793,2026-07-09 17:15:35.597218
1125.98046875,790.98046875,0.9722718241315028,2.356194490192345,2026-07-09 17:15:35.598264
1124.60546875,791.66796875,1.5372967345311055,2.677945044588987,2026-07-09 17:15:35.599281
1123.91796875,791.66796875,0.6875,3.141592653589793,2026-07-09 17:15:35.600225
1123.23046875,792.35546875,0.9722718241315028,2.356194490192345,2026-07-09 17:15:35.601263
1121.85546875,792.35546875,1.375,3.141592653589793,2026-07-09 17:15:35.602260
1120.48046875,793.04296875,1.5372967345311055,2.677945044588987,2026-07-09 17:15:35.603273
1119.10546875,793.04296875,1.375,3.141592653589793,2026-07-09 17:15:35.604280
1118.41796875,793.73046875,0.9722718241315028,2.356194490192345,2026-07-09 17:15:35.606263
1117.73046875,793.73046875,0.6875,3.141592653589793,2026-07-09 17:15:35.606737
1116.35546875,794.41796875,1.5372967345311055,2.677945044588987,2026-07-09 17:15:35.607340
1115.66796875,794.41796875,0.6875,3.141592653589793,2026-07-09 17:15:35.608220
1114.29296875,795.10546875,1.5372967345311055,2.677945044588987,2026-07-09 17:15:35.609272
1112.91796875,795.10546875,1.375,3.141592653589793,2026-07-09 17:15:35.610271
1112.23046875,795.79296875,0.9722718241315028,2.356194490192345,2026-07-09 17:15:35.611272
1110.85546875,795.79296875,1.375,3.141592653589793,2026-07-09 17:15:35.612199
1110.16796875,796.48046875,0.9722718241315028,2.356194490192345,2026-07-09 17:15:35.613273
1108.79296875,796.48046875,1.375,3.141592653589793,2026-07-09 17:15:35.614231
1108.10546875,797.16796875,0.9722718241315028,2.356194490192345,2026-07-09 17:15:35.615303
1106.73046875,797.16796875,1.375,3.141592653589793,2026-07-09 17:15:35.616278
1106.04296875,797.85546875,0.9722718241315028,2.356194490192345,2026-07-09 17:15:35.617247
1104.66796875,797.85546875,1.375,3.141592653589793,2026-07-09 17:15:35.618308
1103.29296875,798.54296875,1.5372967345311055,2.677945044588987,2026-07-09 17:15:35.619204
1102.60546875,798.54296875,0.6875,3.141592653589793,2026-07-09 17:15:35.620273
1101.23046875,799.23046875,1.5372967345311055,2.677945044588987,2026-07-09 17:15:35.622930
1100.54296875,799.23046875,0.6875,3.141592653589793,2026-07-09 17:15:35.623386
1099.16796875,799.91796875,1.5372967345311055,2.677945044588987,2026-07-09 17:15:35.623779
1098.48046875,799.91796875,0.6875,3.141592653589793,2026-07-09 17:15:35.624244
1097.10546875,800.60546875,1.5372967345311055,2.677945044588987,2026-07-09 17:15:35.625225
1095.73046875,800.60546875,1.375,3.141592653589793,2026-07-09 17:15:35.626264
1094.35546875,801.29296875,1.5372967345311055,2.677945044588987,2026-07-09 17:15:35.627218
1093.66796875,801.29296875,0.6875,3.141592653589793,2026-07-09 17:15:35.628268
1092.29296875,801.29296875,1.375,3.141592653589793,2026-07-09 17:15:35.629216
1091.60546875,801.98046875,0.9722718241315028,2.356194490192345,2026-07-09 17:15:35.630282
1090.91796875,801.98046875,0.6875,3.141592653589793,2026-07-09 17:15:35.631281
1089.54296875,802.66796875,1.5372967345311055,2.677945044588987,2026-07-09 17:15:35.632275
1088.16796875,803.35546875,1.5372967345311055,2.677945044588987,2026-07-09 17:15:35.633284
1087.48046875,803.35546875,0.6875,3.141592653589793,2026-07-09 17:15:35.634277
1086.10546875,803.35546875,1.375,3.141592653589793,2026-07-09 17:15:35.635289
1084.73046875,804.04296875,1.5372967345311055,2.677945044588987,2026-07-09 17:15:35.636206
1084.04296875,804.04296875,0.6875,3.141592653589793,2026-07-09 17:15:35.637352
1082.66796875,804.73046875,1.5372967345311055,2.677945044588987,2026-07-09 17:15:35.639716
1081.98046875,804.73046875,0.6875,3.141592653589793,2026-07-09 17:15:35.640204
1080.60546875,805.41796875,1.5372967345311055,2.677945044588987,2026-07-09 17:15:35.640679
1079.23046875,805.41796875,1.375,3.141592653589793,2026-07-09 17:15:35.641286
1078.54296875,806.10546875,0.9722718241315028,2.356194490192345,2026-07-09 17:15:35.642237
1077.16796875,806.10546875,1.375,3.141592653589793,2026-07-09 17:15:35.643275
1075.79296875,806.79296875,1.5372967345311055,2.677945044588987,2026-07-09 17:15:35.644211
1075.10546875,806.79296875,0.6875,3.141592653589793,2026-07-09 17:15:35.645271
1074.41796875,807.48046875,0.9722718241315028,2.356194490192345,2026-07-09 17:15:35.646206
1073.04296875,807.48046875,1.375,3.141592653589793,2026-07-09 17:15:35.647263
1071.66796875,808.16796875,1.5372967345311055,2.677945044588987,2026-07-09 17:15:35.648204
1070.98046875,808.16796875,0.6875,3.141592653589793,2026-07-09 17:15:35.649281
1070.29296875,808.85546875,0.9722718241315028,2.356194490192345,2026-07-09 17:15:35.650198
1068.91796875,808.85546875,1.375,3.141592653589793,2026-07-09 17:15:35.651264
1067.54296875,808.85546875,1.375,3.141592653589793,2026-07-09 17:15:35.652262
1066.16796875,809.54296875,1.5372967345311055,2.677945044588987,2026-07-09 17:15:35.653266
1065.48046875,809.54296875,0.6875,3.141592653589793,2026-07-09 17:15:35.654220
1064.79296875,810.23046875,0.9722718241315028,2.356194490192345,2026-07-09 17:15:35.656376
1063.41796875,810.23046875,1.375,3.141592653589793,2026-07-09 17:15:35.656842
1062.04296875,810.91796875,1.5372967345311055,2.677945044588987,2026-07-09 17:15:35.657297
1061.35546875,810.91796875,0.6875,3.141592653589793,2026-07-09 17:15:35.658312
1059.98046875,811.60546875,1.5372967345311055,2.677945044588987,2026-07-09 17:15:35.659205
1058.60546875,811.60546875,1.375,3.141592653589793,2026-07-09 17:15:35.660323
1057.91796875,811.60546875,0.6875,3.141592653589793,2026-07-09 17:15:35.661204
1057.23046875,812.29296875,0.9722718241315028,2.356194490192345,2026-07-09 17:15:35.662297
1055.85546875,812.29296875,1.375,3.141592653589793,2026-07-09 17:15:35.663268
1055.16796875,812.98046875,0.9722718241315028,2.356194490192345,2026-07-09 17:15:35.664213
1053.79296875,812.98046875,1.375,3.141592653589793,2026-07-09 17:15:35.665277
1053.10546875,813.66796875,0.9722718241315028,2.356194490192345,2026-07-09 17:15:35.666333
1052.41796875,813.66796875,0.6875,3.141592653589793,2026-07-09 17:15:35.667209
1051.04296875,813.66796875,1.375,3.141592653589793,2026-07-09 17:15:35.668325
1049.66796875,814.35546875,1.5372967345311055,2.677945044588987,2026-07-09 17:15:35.669207
1048.98046875,814.35546875,0.6875,3.141592653589793,2026-07-09 17:15:35.670254
1047.60546875,814.35546875,1.375,3.141592653589793,2026-07-09 17:15:35.671267
1046.91796875,815.04296875,0.9722718241315028,2.356194490192345,2026-07-09 17:15:35.672986
1045.54296875,815.04296875,1.375,3.141592653589793,2026-07-09 17:15:35.673530
1044.85546875,815.73046875,0.9722718241315028,2.356194490192345,2026-07-09 17:15:35.674327
1044.16796875,815.73046875,0.6875,3.141592653589793,2026-07-09 17:15:35.675207
1042.79296875,816.41796875,1.5372967345311055,2.677945044588987,2026-07-09 17:15:35.676293
1041.41796875,816.41796875,1.375,3.141592653589793,2026-07-09 17:15:35.677259
1040.04296875,816.41796875,1.375,3.141592653589793,2026-07-09 17:15:35.678266
1039.35546875,817.10546875,0.9722718241315028,2.356194490192345,2026-07-09 17:15:35.679306
1037.98046875,817.10546875,1.375,3.141592653589793,2026-07-09 17:15:35.680213
1037.29296875,817.79296875,0.9722718241315028,2.356194490192345,2026-07-09 17:15:35.681272
1035.91796875,817.79296875,1.375,3.141592653589793,2026-07-09 17:15:35.682272
1035.23046875,818.48046875,0.9722718241315028,2.356194490192345,2026-07-09 17:15:35.683270
1033.85546875,818.48046875,1.375,3.141592653589793,2026-07-09 17:15:35.684201
1032.48046875,818.48046875,1.375,3.141592653589793,2026-07-09 17:15:35.685277
1031.79296875,818.48046875,0.6875,3.141592653589793,2026-07-09 17:15:35.686227
1030.41796875,819.16796875,1.5372967345311055,2.677945044588987,2026-07-09 17:15:35.687279
1029.73046875,819.16796875,0.6875,3.141592653589793,2026-07-09 17:15:35.689615
1028.35546875,819.85546875,1.5372967345311055,2.677945044588987,2026-07-09 17:15:35.690057
1026.98046875,819.85546875,1.375,3.141592653589793,2026-07-09 17:15:35.690474
1026.29296875,819.85546875,0.6875,3.141592653589793,2026-07-09 17:15:35.691285
1024.91796875,820.54296875,1.5372967345311055,2.677945044588987,2026-07-09 17:15:35.692271
1023.54296875,820.54296875,1.375,3.141592653589793,2026-07-09 17:15:35.693272
1022.16796875,821.23046875,1.5372967345311055,2.677945044588987,2026-07-09 17:15:35.694272
1021.48046875,821.23046875,0.6875,3.141592653589793,2026-07-09 17:15:35.695213
1020.10546875,821.23046875,1.375,3.141592653589793,2026-07-09 17:15:35.696328
1018.73046875,821.91796875,1.5372967345311055,2.677945044588987,2026-07-09 17:15:35.697222
1018.04296875,821.91796875,0.6875,3.141592653589793,2026-07-09 17:15:35.698286
1016.66796875,822.60546875,1.5372967345311055,2.677945044588987,2026-07-09 17:15:35.699221
1015.29296875,822.60546875,1.375,3.141592653589793,2026-07-09 17:15:35.700262
1013.91796875,823.29296875,1.5372967345311055,2.677945044588987,2026-07-09 17:15:35.701277
1012.54296875,823.29296875,1.375,3.141592653589793,2026-07-09 17:15:35.702211
1011.85546875,823.29296875,0.6875,3.141592653589793,2026-07-09 17:15:35.703277
1010.48046875,823.29296875,1.375,3.141592653589793,2026-07-09 17:15:35.704278
1009.10546875,823.98046875,1.5372967345311055,2.677945044588987,2026-07-09 17:15:35.706314
1008.41796875,823.98046875,0.6875,3.141592653589793,2026-07-09 17:15:35.706745
1007.04296875,824.66796875,1.5372967345311055,2.677945044588987,2026-07-09 17:15:35.707341
1005.66796875,824.66796875,1.375,3.141592653589793,2026-07-09 17:15:35.708236
1004.29296875,824.66796875,1.375,3.141592653589793,2026-07-09 17:15:35.709260
1003.60546875,825.35546875,0.9722718241315028,2.356194490192345,2026-07-09 17:15:35.710282
1002.23046875,825.35546875,1.375,3.141592653589793,2026-07-09 17:15:35.711274
1001.54296875,825.35546875,0.6875,3.141592653589793,2026-07-09 17:15:35.712267
1000.16796875,826.04296875,1.5372967345311055,2.677945044588987,2026-07-09 17:15:35.713203
999.48046875,826.04296875,0.6875,3.141592653589793,2026-07-09 17:15:35.714227
998.10546875,826.04296875,1.375,3.141592653589793,2026-07-09 17:15:35.715347
996.73046875,826.73046875,1.5372967345311055,2.677945044588987,2026-07-09 17:15:35.716202
995.35546875,826.73046875,1.375,3.141592653589793,2026-07-09 17:15:35.717328
994.66796875,826.73046875,0.6875,3.141592653589793,2026-07-09 17:15:35.718211
993.29296875,826.73046875,1.375,3.141592653589793,2026-07-09 17:15:35.719255
992.60546875,826.73046875,0.6875,3.141592653589793,2026-07-09 17:15:35.720269
991.23046875,827.41796875,1.5372967345311055,2.677945044588987,2026-07-09 17:15:35.721231
990.54296875,827.41796875,0.6875,3.141592653589793,2026-07-09 17:15:35.722860
989.16796875,827.41796875,1.375,3.141592653589793,2026-07-09 17:15:35.723505
988.48046875,827.41796875,0.6875,3.141592653589793,2026-07-09 17:15:35.724299
987.10546875,827.41796875,1.375,3.141592653589793,2026-07-09 17:15:35.725285
985.73046875,828.10546875,1.5372967345311055,2.677945044588987,2026-07-09 17:15:35.726278
985.04296875,828.10546875,0.6875,3.141592653589793,2026-07-09 17:15:35.727212
984.35546875,828.10546875,0.6875,3.141592653589793,2026-07-09 17:15:35.728247
982.98046875,828.10546875,1.375,3.141592653589793,2026-07-09 17:15:35.729209
981.60546875,828.10546875,1.375,3.141592653589793,2026-07-09 17:15:35.730254
980.91796875,828.79296875,0.9722718241315028,2.356194490192345,2026-07-09 17:15:35.731280
980.23046875,828.79296875,0.6875,3.141592653589793,2026-07-09 17:15:35.732209
978.85546875,828.79296875,1.375,3.141592653589793,2026-07-09 17:15:35.733261
977.48046875,828.79296875,1.375,3.141592653589793,2026-07-09 17:15:35.734224
976.79296875,828.79296875,0.6875,3.141592653589793,2026-07-09 17:15:35.735288
975.41796875,828.79296875,1.375,3.141592653589793,2026-07-09 17:15:35.736199
974.73046875,828.79296875,0.6875,3.141592653589793,2026-07-09 17:15:35.737310
973.35546875,828.79296875,1.375,3.141592653589793,2026-07-09 17:15:35.739598
972.66796875,829.48046875,0.9722718241315028,2.356194490192345,2026-07-09 17:15:35.739997
971.29296875,829.48046875,1.375,3.141592653589793,2026-07-09 17:15:35.740382
969.91796875,829.48046875,1.375,3.141592653589793,2026-07-09 17:15:35.741203
969.23046875,829.48046875,0.6875,3.141592653589793,2026-07-09 17:15:35.742373
968.54296875,829.48046875,0.6875,3.141592653589793,2026-07-09 17:15:35.743213
967.16796875,829.48046875,1.375,3.141592653589793,2026-07-09 17:15:35.744286
966.48046875,829.48046875,0.6875,3.141592653589793,2026-07-09 17:15:35.745274
965.10546875,829.48046875,1.375,3.141592653589793,2026-07-09 17:15:35.746288
964.41796875,829.48046875,0.6875,3.141592653589793,2026-07-09 17:15:35.747289
963.73046875,829.48046875,0.6875,3.141592653589793,2026-07-09 17:15:35.748271
962.35546875,829.48046875,1.375,3.141592653589793,2026-07-09 17:15:35.749307
960.98046875,829.48046875,1.375,3.141592653589793,2026-07-09 17:15:35.750272
960.29296875,829.48046875,0.6875,3.141592653589793,2026-07-09 17:15:35.751233
959.60546875,829.48046875,0.6875,3.141592653589793,2026-07-09 17:15:35.752301
958.23046875,829.48046875,1.375,3.141592653589793,2026-07-09 17:15:35.753276
957.54296875,829.48046875,0.6875,3.141592653589793,2026-07-09 17:15:35.754285
956.16796875,829.48046875,1.375,3.141592653589793,2026-07-09 17:15:35.756322
955.48046875,829.48046875,0.6875,3.141592653589793,2026-07-09 17:15:35.756915
954.79296875,829.48046875,0.6875,3.141592653589793,2026-07-09 17:15:35.757422
953.41796875,829.48046875,1.375,3.141592653589793,2026-07-09 17:15:35.758226
952.04296875,829.48046875,1.375,3.141592653589793,2026-07-09 17:15:35.759283
951.35546875,829.48046875,0.6875,3.141592653589793,2026-07-09 17:15:35.760209
950.66796875,829.48046875,0.6875,3.141592653589793,2026-07-09 17:15:35.761290
949.29296875,829.48046875,1.375,3.141592653589793,2026-07-09 17:15:35.762237
948.60546875,829.48046875,0.6875,3.141592653589793,2026-07-09 17:15:35.763306
947.91796875,829.48046875,0.6875,3.141592653589793,2026-07-09 17:15:35.764241
946.54296875,829.48046875,1.375,3.141592653589793,2026-07-09 17:15:35.765286
945.16796875,829.48046875,1.375,3.141592653589793,2026-07-09 17:15:35.766237
944.48046875,829.48046875,0.6875,3.141592653589793,2026-07-09 17:15:35.767239
943.10546875,829.48046875,1.375,3.141592653589793,2026-07-09 17:15:35.768261
942.41796875,829.48046875,0.6875,3.141592653589793,2026-07-09 17:15:35.769301
941.73046875,829.48046875,0.6875,3.141592653589793,2026-07-09 17:15:35.770223
940.35546875,829.48046875,1.375,3.141592653589793,2026-07-09 17:15:35.773224
939.66796875,829.48046875,0.6875,3.141592653589793,2026-07-09 17:15:35.773760
938.98046875,829.48046875,0.6875,3.141592653589793,2026-07-09 17:15:35.774233
937.60546875,829.48046875,1.375,3.141592653589793,2026-07-09 17:15:35.774757
936.23046875,829.48046875,1.375,3.141592653589793,2026-07-09 17:15:35.775307
935.54296875,829.48046875,0.6875,3.141592653589793,2026-07-09 17:15:35.776266
934.85546875,829.48046875,0.6875,3.141592653589793,2026-07-09 17:15:35.777268
933.48046875,829.48046875,1.375,3.141592653589793,2026-07-09 17:15:35.778259
932.79296875,829.48046875,0.6875,3.141592653589793,2026-07-09 17:15:35.779224
931.41796875,829.48046875,1.375,3.141592653589793,2026-07-09 17:15:35.780301
930.73046875,829.48046875,0.6875,3.141592653589793,2026-07-09 17:15:35.781278
929.35546875,829.48046875,1.375,3.141592653589793,2026-07-09 17:15:35.782203
927.98046875,829.48046875,1.375,3.141592653589793,2026-07-09 17:15:35.783278
927.29296875,829.48046875,0.6875,3.141592653589793,2026-07-09 17:15:35.784235
926.60546875,829.48046875,0.6875,3.141592653589793,2026-07-09 17:15:35.785286
925.23046875,829.48046875,1.375,3.141592653589793,2026-07-09 17:15:35.786265
924.54296875,829.48046875,0.6875,3.141592653589793,2026-07-09 17:15:35.787314
923.16796875,829.48046875,1.375,3.141592653589793,2026-07-09 17:15:35.789642
922.48046875,829.48046875,0.6875,3.141592653589793,2026-07-09 17:15:35.790102
921.10546875,829.48046875,1.375,3.141592653589793,2026-07-09 17:15:35.790656
919.73046875,829.48046875,1.375,3.141592653589793,2026-07-09 17:15:35.791305
919.04296875,829.48046875,0.6875,3.141592653589793,2026-07-09 17:15:35.792318
918.35546875,829.48046875,0.6875,3.141592653589793,2026-07-09 17:15:35.793238
916.98046875,829.48046875,1.375,3.141592653589793,2026-07-09 17:15:35.794255
915.60546875,828.79296875,1.5372967345311055,-2.677945044588987,2026-07-09 17:15:35.795229
914.91796875,828.79296875,0.6875,3.141592653589793,2026-07-09 17:15:35.796256
914.23046875,828.79296875,0.6875,3.141592653589793,2026-07-09 17:15:35.797270
912.85546875,828.79296875,1.375,3.141592653589793,2026-07-09 17:15:35.798221
911.48046875,828.79296875,1.375,3.141592653589793,2026-07-09 17:15:35.799274
910.79296875,828.79296875,0.6875,3.141592653589793,2026-07-09 17:15:35.800232
909.41796875,828.10546875,1.5372967345311055,-2.677945044588987,2026-07-09 17:15:35.801264
908.73046875,828.10546875,0.6875,3.141592653589793,2026-07-09 17:15:35.802220
907.35546875,828.10546875,1.375,3.141592653589793,2026-07-09 17:15:35.803286
905.98046875,828.10546875,1.375,3.141592653589793,2026-07-09 17:15:35.804295
905.29296875,828.10546875,0.6875,3.141592653589793,2026-07-09 17:15:35.806518
904.60546875,827.41796875,0.9722718241315028,-2.356194490192345,2026-07-09 17:15:35.806986
903.23046875,827.41796875,1.375,3.141592653589793,2026-07-09 17:15:35.807462
901.85546875,827.41796875,1.375,3.141592653589793,2026-07-09 17:15:35.808265
900.48046875,827.41796875,1.375,3.141592653589793,2026-07-09 17:15:35.809268
899.79296875,827.41796875,0.6875,3.141592653589793,2026-07-09 17:15:35.810288
898.41796875,826.73046875,1.5372967345311055,-2.677945044588987,2026-07-09 17:15:35.811219
897.04296875,826.73046875,1.375,3.141592653589793,2026-07-09 17:15:35.812271
896.35546875,826.73046875,0.6875,3.141592653589793,2026-07-09 17:15:35.813193
894.98046875,826.73046875,1.375,3.141592653589793,2026-07-09 17:15:35.814307
893.60546875,826.04296875,1.5372967345311055,-2.677945044588987,2026-07-09 17:15:35.815221
892.23046875,826.04296875,1.375,3.141592653589793,2026-07-09 17:15:35.816220
891.54296875,826.04296875,0.6875,3.141592653589793,2026-07-09 17:15:35.817286
890.16796875,826.04296875,1.375,3.141592653589793,2026-07-09 17:15:35.818276
888.79296875,825.35546875,1.5372967345311055,-2.677945044588987,2026-07-09 17:15:35.819204
887.41796875,825.35546875,1.375,3.141592653589793,2026-07-09 17:15:35.820218
886.73046875,825.35546875,0.6875,3.141592653589793,2026-07-09 17:15:35.821241
885.35546875,824.66796875,1.5372967345311055,-2.677945044588987,2026-07-09 17:15:35.822891
883.98046875,824.66796875,1.375,3.141592653589793,2026-07-09 17:15:35.823443
882.60546875,824.66796875,1.375,3.141592653589793,2026-07-09 17:15:35.824225
881.91796875,824.66796875,0.6875,3.141592653589793,2026-07-09 17:15:35.825254
880.54296875,823.98046875,1.5372967345311055,-2.677945044588987,2026-07-09 17:15:35.826355
879.16796875,823.98046875,1.375,3.141592653589793,2026-07-09 17:15:35.827265
877.79296875,823.98046875,1.375,3.141592653589793,2026-07-09 17:15:35.828267
877.10546875,823.29296875,0.9722718241315028,-2.356194490192345,2026-07-09 17:15:35.829198
875.73046875,823.29296875,1.375,3.141592653589793,2026-07-09 17:15:35.830220
874.35546875,823.29296875,1.375,3.141592653589793,2026-07-09 17:15:35.831274
872.98046875,823.29296875,1.375,3.141592653589793,2026-07-09 17:15:35.832206
871.60546875,823.29296875,1.375,3.141592653589793,2026-07-09 17:15:35.833269
870.91796875,822.60546875,0.9722718241315028,-2.356194490192345,2026-07-09 17:15:35.834281
869.54296875,822.60546875,1.375,3.141592653589793,2026-07-09 17:15:35.835262
868.16796875,822.60546875,1.375,3.141592653589793,2026-07-09 17:15:35.836292
866.79296875,821.91796875,1.5372967345311055,-2.677945044588987,2026-07-09 17:15:35.837282
866.10546875,821.91796875,0.6875,3.141592653589793,2026-07-09 17:15:35.839664
864.73046875,821.91796875,1.375,3.141592653589793,2026-07-09 17:15:35.840158
863.35546875,821.91796875,1.375,3.141592653589793,2026-07-09 17:15:35.840628
861.98046875,821.91796875,1.375,3.141592653589793,2026-07-09 17:15:35.841284
860.60546875,821.23046875,1.5372967345311055,-2.677945044588987,2026-07-09 17:15:35.842277
859.23046875,821.23046875,1.375,3.141592653589793,2026-07-09 17:15:35.843206
857.85546875,821.23046875,1.375,3.141592653589793,2026-07-09 17:15:35.844276
857.16796875,821.23046875,0.6875,3.141592653589793,2026-07-09 17:15:35.845193
855.79296875,820.54296875,1.5372967345311055,-2.677945044588987,2026-07-09 17:15:35.846310
854.41796875,820.54296875,1.375,3.141592653589793,2026-07-09 17:15:35.847307
853.04296875,820.54296875,1.375,3.141592653589793,2026-07-09 17:15:35.848238
851.66796875,820.54296875,1.375,3.141592653589793,2026-07-09 17:15:35.849332
850.29296875,820.54296875,1.375,3.141592653589793,2026-07-09 17:15:35.850216
849.60546875,819.85546875,0.9722718241315028,-2.356194490192345,2026-07-09 17:15:35.851261
848.23046875,819.85546875,1.375,3.141592653589793,2026-07-09 17:15:35.852219
846.85546875,819.85546875,1.375,3.141592653589793,2026-07-09 17:15:35.853285
845.48046875,819.85546875,1.375,3.141592653589793,2026-07-09 17:15:35.854198
844.79296875,819.16796875,0.9722718241315028,-2.356194490192345,2026-07-09 17:15:35.856332
843.41796875,819.16796875,1.375,3.141592653589793,2026-07-09 17:15:35.856776
841.35546875,819.16796875,2.0625,3.141592653589793,2026-07-09 17:15:35.857235
840.66796875,819.16796875,0.6875,3.141592653589793,2026-07-09 17:15:35.858268
839.29296875,819.16796875,1.375,3.141592653589793,2026-07-09 17:15:35.859272
837.91796875,818.48046875,1.5372967345311055,-2.677945044588987,2026-07-09 17:15:35.860283
836.54296875,818.48046875,1.375,3.141592653589793,2026-07-09 17:15:35.861202
835.16796875,818.48046875,1.375,3.141592653589793,2026-07-09 17:15:35.862362
834.48046875,817.79296875,0.9722718241315028,-2.356194490192345,2026-07-09 17:15:35.863208
833.10546875,817.79296875,1.375,3.141592653589793,2026-07-09 17:15:35.864298
831.04296875,817.79296875,2.0625,3.141592653589793,2026-07-09 17:15:35.865219
830.35546875,817.79296875,0.6875,3.141592653589793,2026-07-09 17:15:35.866281
828.98046875,817.10546875,1.5372967345311055,-2.677945044588987,2026-07-09 17:15:35.867278
827.60546875,817.10546875,1.375,3.141592653589793,2026-07-09 17:15:35.868203
826.23046875,817.10546875,1.375,3.141592653589793,2026-07-09 17:15:35.869280
824.85546875,816.41796875,1.5372967345311055,-2.677945044588987,2026-07-09 17:15:35.870194
823.48046875,816.41796875,1.375,3.141592653589793,2026-07-09 17:15:35.871273
822.10546875,816.41796875,1.375,3.141592653589793,2026-07-09 17:15:35.872824
820.04296875,815.73046875,2.174065891365761,-2.819842099193151,2026-07-09 17:15:35.873437
819.35546875,815.73046875,0.6875,3.141592653589793,2026-07-09 17:15:35.874309
817.98046875,815.73046875,1.375,3.141592653589793,2026-07-09 17:15:35.875221
816.60546875,815.73046875,1.375,3.141592653589793,2026-07-09 17:15:35.876262
815.23046875,815.04296875,1.5372967345311055,-2.677945044588987,2026-07-09 17:15:35.877224
813.16796875,815.04296875,2.0625,3.141592653589793,2026-07-09 17:15:35.878288
812.48046875,814.35546875,0.9722718241315028,-2.356194490192345,2026-07-09 17:15:35.879192
811.10546875,814.35546875,1.375,3.141592653589793,2026-07-09 17:15:35.880317
809.73046875,813.66796875,1.5372967345311055,-2.677945044588987,2026-07-09 17:15:35.881214
807.66796875,813.66796875,2.0625,3.141592653589793,2026-07-09 17:15:35.882293
806.29296875,813.66796875,1.375,3.141592653589793,2026-07-09 17:15:35.883268
804.91796875,812.98046875,1.5372967345311055,-2.677945044588987,2026-07-09 17:15:35.884220
803.54296875,812.98046875,1.375,3.141592653589793,2026-07-09 17:15:35.885290
802.16796875,812.29296875,1.5372967345311055,-2.677945044588987,2026-07-09 17:15:35.886198
800.10546875,812.29296875,2.0625,3.141592653589793,2026-07-09 17:15:35.887271
798.73046875,812.29296875,1.375,3.141592653589793,2026-07-09 17:15:35.889625
797.35546875,811.60546875,1.5372967345311055,-2.677945044588987,2026-07-09 17:15:35.890137
795.29296875,811.60546875,2.0625,3.141592653589793,2026-07-09 17:15:35.890571
793.91796875,811.60546875,1.375,3.141592653589793,2026-07-09 17:15:35.891233
792.54296875,810.91796875,1.5372967345311055,-2.677945044588987,2026-07-09 17:15:35.892264
791.16796875,810.91796875,1.375,3.141592653589793,2026-07-09 17:15:35.893221
789.79296875,810.23046875,1.5372967345311055,-2.677945044588987,2026-07-09 17:15:35.894289
787.73046875,810.23046875,2.0625,3.141592653589793,2026-07-09 17:15:35.895209
786.35546875,810.23046875,1.375,3.141592653589793,2026-07-09 17:15:35.896274
784.98046875,809.54296875,1.5372967345311055,-2.677945044588987,2026-07-09 17:15:35.897202
782.91796875,809.54296875,2.0625,3.141592653589793,2026-07-09 17:15:35.898338
781.54296875,808.85546875,1.5372967345311055,-2.677945044588987,2026-07-09 17:15:35.899225
780.16796875,808.85546875,1.375,3.141592653589793,2026-07-09 17:15:35.900272
778.79296875,808.85546875,1.375,3.141592653589793,2026-07-09 17:15:35.901297
776.73046875,808.16796875,2.174065891365761,-2.819842099193151,2026-07-09 17:15:35.902210
775.35546875,808.16796875,1.375,3.141592653589793,2026-07-09 17:15:35.903211
773.98046875,807.48046875,1.5372967345311055,-2.677945044588987,2026-07-09 17:15:35.904271
772.60546875,807.48046875,1.375,3.141592653589793,2026-07-09 17:15:35.906324
770.54296875,807.48046875,2.0625,3.141592653589793,2026-07-09 17:15:35.906831
768.48046875,806.79296875,2.174065891365761,-2.819842099193151,2026-07-09 17:15:35.907306
767.10546875,806.79296875,1.375,3.141592653589793,2026-07-09 17:15:35.908233
765.73046875,806.10546875,1.5372967345311055,-2.677945044588987,2026-07-09 17:15:35.909233
764.35546875,806.10546875,1.375,3.141592653589793,2026-07-09 17:15:35.910306
762.29296875,805.41796875,2.174065891365761,-2.819842099193151,2026-07-09 17:15:35.911208
760.91796875,805.41796875,1.375,3.141592653589793,2026-07-09 17:15:35.912261
759.54296875,805.41796875,1.375,3.141592653589793,2026-07-09 17:15:35.913262
757.48046875,804.73046875,2.174065891365761,-2.819842099193151,2026-07-09 17:15:35.914298
756.10546875,804.73046875,1.375,3.141592653589793,2026-07-09 17:15:35.915295
754.73046875,804.73046875,1.375,3.141592653589793,2026-07-09 17:15:35.916232
753.35546875,804.04296875,1.5372967345311055,-2.677945044588987,2026-07-09 17:15:35.917278
751.98046875,804.04296875,1.375,3.141592653589793,2026-07-09 17:15:35.918262
749.91796875,803.35546875,2.174065891365761,-2.819842099193151,2026-07-09 17:15:35.919267
748.54296875,803.35546875,1.375,3.141592653589793,2026-07-09 17:15:35.920197
747.16796875,803.35546875,1.375,3.141592653589793,2026-07-09 17:15:35.921270
745.79296875,802.66796875,1.5372967345311055,-2.677945044588987,2026-07-09 17:15:35.922942
743.73046875,802.66796875,2.0625,3.141592653589793,2026-07-09 17:15:35.923488
742.35546875,802.66796875,1.375,3.141592653589793,2026-07-09 17:15:35.924229
740.98046875,801.98046875,1.5372967345311055,-2.677945044588987,2026-07-09 17:15:35.925287
739.60546875,801.29296875,1.5372967345311055,-2.677945044588987,2026-07-09 17:15:35.926215
738.23046875,801.29296875,1.375,3.141592653589793,2026-07-09 17:15:35.927314
736.16796875,801.29296875,2.0625,3.141592653589793,2026-07-09 17:15:35.928194
734.10546875,800.60546875,2.174065891365761,-2.819842099193151,2026-07-09 17:15:35.929230
732.73046875,800.60546875,1.375,3.141592653589793,2026-07-09 17:15:35.930212
730.66796875,800.60546875,2.0625,3.141592653589793,2026-07-09 17:15:35.931211
729.29296875,799.91796875,1.5372967345311055,-2.677945044588987,2026-07-09 17:15:35.932309
727.91796875,799.91796875,1.375,3.141592653589793,2026-07-09 17:15:35.933207
726.54296875,799.23046875,1.5372967345311055,-2.677945044588987,2026-07-09 17:15:35.934272
725.16796875,799.23046875,1.375,3.141592653589793,2026-07-09 17:15:35.935198
723.10546875,799.23046875,2.0625,3.141592653589793,2026-07-09 17:15:35.936272
721.73046875,798.54296875,1.5372967345311055,-2.677945044588987,2026-07-09 17:15:35.937272
720.35546875,798.54296875,1.375,3.141592653589793,2026-07-09 17:15:35.939641
718.29296875,798.54296875,2.0625,3.141592653589793,2026-07-09 17:15:35.940076
717.60546875,797.85546875,0.9722718241315028,-2.356194490192345,2026-07-09 17:15:35.940480
716.23046875,797.85546875,1.375,3.141592653589793,2026-07-09 17:15:35.941277
714.85546875,797.16796875,1.5372967345311055,-2.677945044588987,2026-07-09 17:15:35.942207
713.48046875,797.16796875,1.375,3.141592653589793,2026-07-09 17:15:35.943285
711.41796875,796.48046875,2.174065891365761,-2.819842099193151,2026-07-09 17:15:35.944195
710.04296875,796.48046875,1.375,3.141592653589793,2026-07-09 17:15:35.945282
708.66796875,796.48046875,1.375,3.141592653589793,2026-07-09 17:15:35.946214
706.60546875,795.79296875,2.174065891365761,-2.819842099193151,2026-07-09 17:15:35.947255
705.23046875,795.79296875,1.375,3.141592653589793,2026-07-09 17:15:35.948243
703.85546875,795.10546875,1.5372967345311055,-2.677945044588987,2026-07-09 17:15:35.949258
702.48046875,795.10546875,1.375,3.141592653589793,2026-07-09 17:15:35.950283
701.10546875,794.41796875,1.5372967345311055,-2.677945044588987,2026-07-09 17:15:35.951215
699.73046875,794.41796875,1.375,3.141592653589793,2026-07-09 17:15:35.952316
698.35546875,793.73046875,1.5372967345311055,-2.677945044588987,2026-07-09 17:15:35.953193
696.98046875,793.73046875,1.375,3.141592653589793,2026-07-09 17:15:35.954201
695.60546875,793.73046875,1.375,3.141592653589793,2026-07-09 17:15:35.956230
694.23046875,793.04296875,1.5372967345311055,-2.677945044588987,2026-07-09 17:15:35.956739
692.85546875,793.04296875,1.375,3.141592653589793,2026-07-09 17:15:35.957245
691.48046875,792.35546875,1.5372967345311055,-2.677945044588987,2026-07-09 17:15:35.958255
690.10546875,791.66796875,1.5372967345311055,-2.677945044588987,2026-07-09 17:15:35.959215
688.73046875,791.66796875,1.375,3.141592653589793,2026-07-09 17:15:35.960275
687.35546875,791.66796875,1.375,3.141592653589793,2026-07-09 17:15:35.961262
685.98046875,790.98046875,1.5372967345311055,-2.677945044588987,2026-07-09 17:15:35.962257
684.60546875,790.98046875,1.375,3.141592653589793,2026-07-09 17:15:35.963203
683.23046875,790.29296875,1.5372967345311055,-2.677945044588987,2026-07-09 17:15:35.964281
681.85546875,790.29296875,1.375,3.141592653589793,2026-07-09 17:15:35.965271
681.16796875,789.60546875,0.9722718241315028,-2.356194490192345,2026-07-09 17:15:35.966206
679.79296875,789.60546875,1.375,3.141592653589793,2026-07-09 17:15:35.967265
677.73046875,788.91796875,2.174065891365761,-2.819842099193151,2026-07-09 17:15:35.968276
677.04296875,788.91796875,0.6875,3.141592653589793,2026-07-09 17:15:35.969203
675.66796875,788.23046875,1.5372967345311055,-2.677945044588987,2026-07-09 17:15:35.970222
674.29296875,788.23046875,1.375,3.141592653589793,2026-07-09 17:15:35.971262
672.91796875,787.54296875,1.5372967345311055,-2.677945044588987,2026-07-09 17:15:35.972970
671.54296875,787.54296875,1.375,3.141592653589793,2026-07-09 17:15:35.973570
670.16796875,786.85546875,1.5372967345311055,-2.677945044588987,2026-07-09 17:15:35.974229
668.79296875,786.16796875,1.5372967345311055,-2.677945044588987,2026-07-09 17:15:35.975278
667.41796875,786.16796875,1.375,3.141592653589793,2026-07-09 17:15:35.976273
666.04296875,785.48046875,1.5372967345311055,-2.677945044588987,2026-07-09 17:15:35.977208
664.66796875,785.48046875,1.375,3.141592653589793,2026-07-09 17:15:35.978328
663.29296875,784.79296875,1.5372967345311055,-2.677945044588987,2026-07-09 17:15:35.979194
661.91796875,784.79296875,1.375,3.141592653589793,2026-07-09 17:15:35.980294
660.54296875,784.10546875,1.5372967345311055,-2.677945044588987,2026-07-09 17:15:35.981275
659.85546875,784.10546875,0.6875,3.141592653589793,2026-07-09 17:15:35.982293
658.48046875,783.41796875,1.5372967345311055,-2.677945044588987,2026-07-09 17:15:35.983196
657.10546875,782.73046875,1.5372967345311055,-2.677945044588987,2026-07-09 17:15:35.984286
655.73046875,782.73046875,1.375,3.141592653589793,2026-07-09 17:15:35.985206
654.35546875,782.04296875,1.5372967345311055,-2.677945044588987,2026-07-09 17:15:35.986301
652.98046875,781.35546875,1.5372967345311055,-2.677945044588987,2026-07-09 17:15:35.987205
650.91796875,781.35546875,2.0625,3.141592653589793,2026-07-09 17:15:35.989597
650.23046875,780.66796875,0.9722718241315028,-2.356194490192345,2026-07-09 17:15:35.990039
648.85546875,780.66796875,1.375,3.141592653589793,2026-07-09 17:15:35.990454
647.48046875,779.98046875,1.5372967345311055,-2.677945044588987,2026-07-09 17:15:35.991226
646.10546875,779.29296875,1.5372967345311055,-2.677945044588987,2026-07-09 17:15:35.992305
644.73046875,778.60546875,1.5372967345311055,-2.677945044588987,2026-07-09 17:15:35.993315
643.35546875,778.60546875,1.375,3.141592653589793,2026-07-09 17:15:35.994201
641.98046875,777.91796875,1.5372967345311055,-2.677945044588987,2026-07-09 17:15:35.995202
639.91796875,777.23046875,2.174065891365761,-2.819842099193151,2026-07-09 17:15:35.996344
639.23046875,777.23046875,0.6875,3.141592653589793,2026-07-09 17:15:35.997305
637.85546875,776.54296875,1.5372967345311055,-2.677945044588987,2026-07-09 17:15:35.998201
636.48046875,775.85546875,1.5372967345311055,-2.677945044588987,2026-07-09 17:15:35.999264
635.10546875,775.16796875,1.5372967345311055,-2.677945044588987,2026-07-09 17:15:36.000235
633.73046875,775.16796875,1.375,3.141592653589793,2026-07-09 17:15:36.001290
632.35546875,774.48046875,1.5372967345311055,-2.677945044588987,2026-07-09 17:15:36.002193
630.98046875,773.79296875,1.5372967345311055,-2.677945044588987,2026-07-09 17:15:36.003284
629.60546875,773.79296875,1.375,3.141592653589793,2026-07-09 17:15:36.004266
628.23046875,773.10546875,1.5372967345311055,-2.677945044588987,2026-07-09 17:15:36.006219
626.85546875,772.41796875,1.5372967345311055,-2.677945044588987,2026-07-09 17:15:36.006745
626.16796875,772.41796875,0.6875,3.141592653589793,2026-07-09 17:15:36.007288
624.79296875,771.73046875,1.5372967345311055,-2.677945044588987,2026-07-09 17:15:36.008194
623.41796875,771.04296875,1.5372967345311055,-2.677945044588987,2026-07-09 17:15:36.009223
622.04296875,770.35546875,1.5372967345311055,-2.677945044588987,2026-07-09 17:15:36.010278
620.66796875,769.66796875,1.5372967345311055,-2.677945044588987,2026-07-09 17:15:36.011200
619.29296875,769.66796875,1.375,3.141592653589793,2026-07-09 17:15:36.012348
617.91796875,768.98046875,1.5372967345311055,-2.677945044588987,2026-07-09 17:15:36.013295
616.54296875,768.29296875,1.5372967345311055,-2.677945044588987,2026-07-09 17:15:36.014211
615.85546875,768.29296875,0.6875,3.141592653589793,2026-07-09 17:15:36.015265
614.48046875,767.60546875,1.5372967345311055,-2.677945044588987,2026-07-09 17:15:36.016256
613.10546875,766.91796875,1.5372967345311055,-2.677945044588987,2026-07-09 17:15:36.017251
611.73046875,766.23046875,1.5372967345311055,-2.677945044588987,2026-07-09 17:15:36.018212
610.35546875,765.54296875,1.5372967345311055,-2.677945044588987,2026-07-09 17:15:36.019263
608.98046875,764.85546875,1.5372967345311055,-2.677945044588987,2026-07-09 17:15:36.020255
607.60546875,764.85546875,1.375,3.141592653589793,2026-07-09 17:15:36.021208
606.91796875,764.16796875,0.9722718241315028,-2.356194490192345,2026-07-09 17:15:36.022814
604.85546875,763.48046875,2.174065891365761,-2.819842099193151,2026-07-09 17:15:36.023423
604.16796875,762.79296875,0.9722718241315028,-2.356194490192345,2026-07-09 17:15:36.024228
602.79296875,762.10546875,1.5372967345311055,-2.677945044588987,2026-07-09 17:15:36.025249
601.41796875,761.41796875,1.5372967345311055,-2.677945044588987,2026-07-09 17:15:36.026208
600.04296875,761.41796875,1.375,3.141592653589793,2026-07-09 17:15:36.027285
598.66796875,760.73046875,1.5372967345311055,-2.677945044588987,2026-07-09 17:15:36.028209
597.29296875,760.04296875,1.5372967345311055,-2.677945044588987,2026-07-09 17:15:36.029235
596.60546875,760.04296875,0.6875,3.141592653589793,2026-07-09 17:15:36.030298
595.23046875,759.35546875,1.5372967345311055,-2.677945044588987,2026-07-09 17:15:36.031293
594.54296875,758.66796875,0.9722718241315028,-2.356194490192345,2026-07-09 17:15:36.032264
593.16796875,757.98046875,1.5372967345311055,-2.677945044588987,2026-07-09 17:15:36.033267
591.79296875,757.98046875,1.375,3.141592653589793,2026-07-09 17:15:36.034274
590.41796875,757.29296875,1.5372967345311055,-2.677945044588987,2026-07-09 17:15:36.035289
589.04296875,756.60546875,1.5372967345311055,-2.677945044588987,2026-07-09 17:15:36.036204
588.35546875,755.91796875,0.9722718241315028,-2.356194490192345,2026-07-09 17:15:36.037222
586.98046875,755.23046875,1.5372967345311055,-2.677945044588987,2026-07-09 17:15:36.039598
585.60546875,755.23046875,1.375,3.141592653589793,2026-07-09 17:15:36.039992
584.91796875,754.54296875,0.9722718241315028,-2.356194490192345,2026-07-09 17:15:36.040380
583.54296875,753.85546875,1.5372967345311055,-2.677945044588987,2026-07-09 17:15:36.041275
582.16796875,753.85546875,1.375,3.141592653589793,2026-07-09 17:15:36.042211
580.79296875,753.16796875,1.5372967345311055,-2.677945044588987,2026-07-09 17:15:36.043204
580.10546875,753.16796875,0.6875,3.141592653589793,2026-07-09 17:15:36.044229
578.73046875,752.48046875,1.5372967345311055,-2.677945044588987,2026-07-09 17:15:36.045224
577.35546875,751.79296875,1.5372967345311055,-2.677945044588987,2026-07-09 17:15:36.046315
575.98046875,751.10546875,1.5372967345311055,-2.677945044588987,2026-07-09 17:15:36.047317
575.29296875,751.10546875,0.6875,3.141592653589793,2026-07-09 17:15:36.048205
573.91796875,750.41796875,1.5372967345311055,-2.677945044588987,2026-07-09 17:15:36.049369
572.54296875,749.73046875,1.5372967345311055,-2.677945044588987,2026-07-09 17:15:36.050221
571.85546875,749.04296875,0.9722718241315028,-2.356194490192345,2026-07-09 17:15:36.051295
570.48046875,748.35546875,1.5372967345311055,-2.677945044588987,2026-07-09 17:15:36.052191
569.10546875,748.35546875,1.375,3.141592653589793,2026-07-09 17:15:36.053269
567.73046875,747.66796875,1.5372967345311055,-2.677945044588987,2026-07-09 17:15:36.054210
566.35546875,747.66796875,1.375,3.141592653589793,2026-07-09 17:15:36.056304
565.66796875,746.98046875,0.9722718241315028,-2.356194490192345,2026-07-09 17:15:36.056798
564.29296875,746.29296875,1.5372967345311055,-2.677945044588987,2026-07-09 17:15:36.057310
562.91796875,745.60546875,1.5372967345311055,-2.677945044588987,2026-07-09 17:15:36.058301
562.23046875,744.91796875,0.9722718241315028,-2.356194490192345,2026-07-09 17:15:36.059205
560.85546875,744.91796875,1.375,3.141592653589793,2026-07-09 17:15:36.060289
559.48046875,744.23046875,1.5372967345311055,-2.677945044588987,2026-07-09 17:15:36.061203
558.79296875,743.54296875,0.9722718241315028,-2.356194490192345,2026-07-09 17:15:36.062275
557.41796875,743.54296875,1.375,3.141592653589793,2026-07-09 17:15:36.063202
556.04296875,742.85546875,1.5372967345311055,-2.677945044588987,2026-07-09 17:15:36.064281
555.35546875,742.85546875,0.6875,3.141592653589793,2026-07-09 17:15:36.065202
553.98046875,742.16796875,1.5372967345311055,-2.677945044588987,2026-07-09 17:15:36.066304
552.60546875,741.48046875,1.5372967345311055,-2.677945044588987,2026-07-09 17:15:36.067228
551.91796875,740.79296875,0.9722718241315028,-2.356194490192345,2026-07-09 17:15:36.068248
550.54296875,740.10546875,1.5372967345311055,-2.677945044588987,2026-07-09 17:15:36.069237
549.16796875,740.10546875,1.375,3.141592653589793,2026-07-09 17:15:36.070271
547.79296875,739.41796875,1.5372967345311055,-2.677945044588987,2026-07-09 17:15:36.071226
547.10546875,738.73046875,0.9722718241315028,-2.356194490192345,2026-07-09 17:15:36.073011
545.73046875,738.73046875,1.375,3.141592653589793,2026-07-09 17:15:36.073675
544.35546875,738.04296875,1.5372967345311055,-2.677945044588987,2026-07-09 17:15:36.074289
543.66796875,737.35546875,0.9722718241315028,-2.356194490192345,2026-07-09 17:15:36.075235
542.98046875,736.66796875,0.9722718241315028,-2.356194490192345,2026-07-09 17:15:36.076271
541.60546875,736.66796875,1.375,3.141592653589793,2026-07-09 17:15:36.077272
540.23046875,735.98046875,1.5372967345311055,-2.677945044588987,2026-07-09 17:15:36.078266
539.54296875,735.29296875,0.9722718241315028,-2.356194490192345,2026-07-09 17:15:36.079277
538.16796875,735.29296875,1.375,3.141592653589793,2026-07-09 17:15:36.080219
537.48046875,734.60546875,0.9722718241315028,-2.356194490192345,2026-07-09 17:15:36.081220
536.10546875,733.91796875,1.5372967345311055,-2.677945044588987,2026-07-09 17:15:36.082264
535.41796875,733.23046875,0.9722718241315028,-2.356194490192345,2026-07-09 17:15:36.083270
534.04296875,733.23046875,1.375,3.141592653589793,2026-07-09 17:15:36.084263
532.66796875,732.54296875,1.5372967345311055,-2.677945044588987,2026-07-09 17:15:36.085267
531.98046875,731.85546875,0.9722718241315028,-2.356194490192345,2026-07-09 17:15:36.086262
531.29296875,731.85546875,0.6875,3.141592653589793,2026-07-09 17:15:36.087259
529.91796875,731.16796875,1.5372967345311055,-2.677945044588987,2026-07-09 17:15:36.089571
529.23046875,730.48046875,0.9722718241315028,-2.356194490192345,2026-07-09 17:15:36.089990
527.85546875,729.79296875,1.5372967345311055,-2.677945044588987,2026-07-09 17:15:36.090384
527.16796875,729.10546875,0.9722718241315028,-2.356194490192345,2026-07-09 17:15:36.091196
526.48046875,729.10546875,0.6875,3.141592653589793,2026-07-09 17:15:36.092266
525.10546875,728.41796875,1.5372967345311055,-2.677945044588987,2026-07-09 17:15:36.093275
523.73046875,727.73046875,1.5372967345311055,-2.677945044588987,2026-07-09 17:15:36.094197
523.04296875,727.04296875,0.9722718241315028,-2.356194490192345,2026-07-09 17:15:36.095268
522.35546875,727.04296875,0.6875,3.141592653589793,2026-07-09 17:15:36.096214
520.98046875,726.35546875,1.5372967345311055,-2.677945044588987,2026-07-09 17:15:36.097281
520.29296875,725.66796875,0.9722718241315028,-2.356194490192345,2026-07-09 17:15:36.098264
519.60546875,724.98046875,0.9722718241315028,-2.356194490192345,2026-07-09 17:15:36.099304
518.23046875,724.29296875,1.5372967345311055,-2.677945044588987,2026-07-09 17:15:36.100236
516.85546875,723.60546875,1.5372967345311055,-2.677945044588987,2026-07-09 17:15:36.101229
516.16796875,722.91796875,0.9722718241315028,-2.356194490192345,2026-07-09 17:15:36.102268
515.48046875,722.91796875,0.6875,3.141592653589793,2026-07-09 17:15:36.103200
514.10546875,722.23046875,1.5372967345311055,-2.677945044588987,2026-07-09 17:15:36.104278
513.41796875,721.54296875,0.9722718241315028,-2.356194490192345,2026-07-09 17:15:36.106311
512.73046875,720.85546875,0.9722718241315028,-2.356194490192345,2026-07-09 17:15:36.106794
512.04296875,720.16796875,0.9722718241315028,-2.356194490192345,2026-07-09 17:15:36.107242
510.66796875,719.48046875,1.5372967345311055,-2.677945044588987,2026-07-09 17:15:36.108204
509.98046875,718.79296875,0.9722718241315028,-2.356194490192345,2026-07-09 17:15:36.109211
508.60546875,718.79296875,1.375,3.141592653589793,2026-07-09 17:15:36.110273
507.91796875,718.10546875,0.9722718241315028,-2.356194490192345,2026-07-09 17:15:36.111201
507.23046875,717.41796875,0.9722718241315028,-2.356194490192345,2026-07-09 17:15:36.112251
506.54296875,716.73046875,0.9722718241315028,-2.356194490192345,2026-07-09 17:15:36.113204
505.85546875,716.04296875,0.9722718241315028,-2.356194490192345,2026-07-09 17:15:36.114307
504.48046875,715.35546875,1.5372967345311055,-2.677945044588987,2026-07-09 17:15:36.115290
503.79296875,714.66796875,0.9722718241315028,-2.356194490192345,2026-07-09 17:15:36.116240
503.10546875,713.98046875,0.9722718241315028,-2.356194490192345,2026-07-09 17:15:36.117217
501.73046875,713.29296875,1.5372967345311055,-2.677945044588987,2026-07-09 17:15:36.118234
501.04296875,712.60546875,0.9722718241315028,-2.356194490192345,2026-07-09 17:15:36.119299
500.35546875,711.91796875,0.9722718241315028,-2.356194490192345,2026-07-09 17:15:36.120294
499.66796875,711.23046875,0.9722718241315028,-2.356194490192345,2026-07-09 17:15:36.121232
498.29296875,711.23046875,1.375,3.141592653589793,2026-07-09 17:15:36.122902
497.60546875,710.54296875,0.9722718241315028,-2.356194490192345,2026-07-09 17:15:36.123445
496.91796875,709.85546875,0.9722718241315028,-2.356194490192345,2026-07-09 17:15:36.124217
496.23046875,709.16796875,0.9722718241315028,-2.356194490192345,2026-07-09 17:15:36.125289
494.85546875,708.48046875,1.5372967345311055,-2.677945044588987,2026-07-09 17:15:36.126284
494.16796875,707.79296875,0.9722718241315028,-2.356194490192345,2026-07-09 17:15:36.127282
493.48046875,707.10546875,0.9722718241315028,-2.356194490192345,2026-07-09 17:15:36.128227
492.79296875,706.41796875,0.9722718241315028,-2.356194490192345,2026-07-09 17:15:36.129290
492.10546875,705.73046875,0.9722718241315028,-2.356194490192345,2026-07-09 17:15:36.130274
491.41796875,705.04296875,0.9722718241315028,-2.356194490192345,2026-07-09 17:15:36.131263
490.73046875,704.35546875,0.9722718241315028,-2.356194490192345,2026-07-09 17:15:36.132274
490.04296875,703.66796875,0.9722718241315028,-2.356194490192345,2026-07-09 17:15:36.133254
488.66796875,702.98046875,1.5372967345311055,-2.677945044588987,2026-07-09 17:15:36.134261
487.98046875,702.29296875,0.9722718241315028,-2.356194490192345,2026-07-09 17:15:36.135263
487.29296875,701.60546875,0.9722718241315028,-2.356194490192345,2026-07-09 17:15:36.136258
486.60546875,700.91796875,0.9722718241315028,-2.356194490192345,2026-07-09 17:15:36.137222
485.91796875,700.23046875,0.9722718241315028,-2.356194490192345,2026-07-09 17:15:36.139437
485.23046875,699.54296875,0.9722718241315028,-2.356194490192345,2026-07-09 17:15:36.139974
484.54296875,698.85546875,0.9722718241315028,-2.356194490192345,2026-07-09 17:15:36.140411
483.85546875,698.16796875,0.9722718241315028,-2.356194490192345,2026-07-09 17:15:36.141209
483.16796875,697.48046875,0.9722718241315028,-2.356194490192345,2026-07-09 17:15:36.142277
482.48046875,696.79296875,0.9722718241315028,-2.356194490192345,2026-07-09 17:15:36.143186
481.79296875,696.10546875,0.9722718241315028,-2.356194490192345,2026-07-09 17:15:36.144258
481.10546875,695.41796875,0.9722718241315028,-2.356194490192345,2026-07-09 17:15:36.145224
480.41796875,694.73046875,0.9722718241315028,-2.356194490192345,2026-07-09 17:15:36.146276
479.73046875,694.04296875,0.9722718241315028,-2.356194490192345,2026-07-09 17:15:36.147206
479.04296875,693.35546875,0.9722718241315028,-2.356194490192345,2026-07-09 17:15:36.148302
478.35546875,692.66796875,0.9722718241315028,-2.356194490192345,2026-07-09 17:15:36.149338
477.66796875,691.98046875,0.9722718241315028,-2.356194490192345,2026-07-09 17:15:36.150214
476.98046875,691.29296875,0.9722718241315028,-2.356194490192345,2026-07-09 17:15:36.151229
476.29296875,690.60546875,0.9722718241315028,-2.356194490192345,2026-07-09 17:15:36.152271
475.60546875,689.91796875,0.9722718241315028,-2.356194490192345,2026-07-09 17:15:36.153257
474.91796875,689.23046875,0.9722718241315028,-2.356194490192345,2026-07-09 17:15:36.154221
474.23046875,688.54296875,0.9722718241315028,-2.356194490192345,2026-07-09 17:15:36.156337
473.54296875,687.85546875,0.9722718241315028,-2.356194490192345,2026-07-09 17:15:36.156811
472.85546875,687.16796875,0.9722718241315028,-2.356194490192345,2026-07-09 17:15:36.157266
472.85546875,686.48046875,0.6875,-1.5707963267948966,2026-07-09 17:15:36.158220
472.16796875,685.10546875,1.5372967345311055,-2.0344439357957027,2026-07-09 17:15:36.159287
471.48046875,684.41796875,0.9722718241315028,-2.356194490192345,2026-07-09 17:15:36.160199
470.79296875,683.73046875,0.9722718241315028,-2.356194490192345,2026-07-09 17:15:36.161285
470.79296875,683.04296875,0.6875,-1.5707963267948966,2026-07-09 17:15:36.162224
470.10546875,682.35546875,0.9722718241315028,-2.356194490192345,2026-07-09 17:15:36.163272
469.41796875,681.66796875,0.9722718241315028,-2.356194490192345,2026-07-09 17:15:36.164299
468.73046875,680.98046875,0.9722718241315028,-2.356194490192345,2026-07-09 17:15:36.165256
468.04296875,680.29296875,0.9722718241315028,-2.356194490192345,2026-07-09 17:15:36.166325
468.04296875,679.60546875,0.6875,-1.5707963267948966,2026-07-09 17:15:36.167218
467.35546875,678.91796875,0.9722718241315028,-2.356194490192345,2026-07-09 17:15:36.168205
466.66796875,678.23046875,0.9722718241315028,-2.356194490192345,2026-07-09 17:15:36.169259
466.66796875,677.54296875,0.6875,-1.5707963267948966,2026-07-09 17:15:36.170221
465.98046875,676.85546875,0.9722718241315028,-2.356194490192345,2026-07-09 17:15:36.171267
465.29296875,676.16796875,0.9722718241315028,-2.356194490192345,2026-07-09 17:15:36.172962
464.60546875,675.48046875,0.9722718241315028,-2.356194490192345,2026-07-09 17:15:36.173514
464.60546875,674.79296875,0.6875,-1.5707963267948966,2026-07-09 17:15:36.174220
463.91796875,673.41796875,1.5372967345311055,-2.0344439357957027,2026-07-09 17:15:36.175268
463.91796875,672.73046875,0.6875,-1.5707963267948966,2026-07-09 17:15:36.176334
463.23046875,672.04296875,0.9722718241315028,-2.356194490192345,2026-07-09 17:15:36.177206
462.54296875,671.35546875,0.9722718241315028,-2.356194490192345,2026-07-09 17:15:36.178261
462.54296875,670.66796875,0.6875,-1.5707963267948966,2026-07-09 17:15:36.179301
461.85546875,669.98046875,0.9722718241315028,-2.356194490192345,2026-07-09 17:15:36.180290
461.16796875,669.29296875,0.9722718241315028,-2.356194490192345,2026-07-09 17:15:36.181266
461.16796875,667.91796875,1.375,-1.5707963267948966,2026-07-09 17:15:36.182213
460.48046875,667.23046875,0.9722718241315028,-2.356194490192345,2026-07-09 17:15:36.183257
460.48046875,666.54296875,0.6875,-1.5707963267948966,2026-07-09 17:15:36.184219
459.79296875,665.85546875,0.9722718241315028,-2.356194490192345,2026-07-09 17:15:36.185253
459.10546875,665.16796875,0.9722718241315028,-2.356194490192345,2026-07-09 17:15:36.186269
459.10546875,664.48046875,0.6875,-1.5707963267948966,2026-07-09 17:15:36.187260
458.41796875,663.10546875,1.5372967345311055,-2.0344439357957027,2026-07-09 17:15:36.189610
457.73046875,662.41796875,0.9722718241315028,-2.356194490192345,2026-07-09 17:15:36.190070
457.73046875,661.73046875,0.6875,-1.5707963267948966,2026-07-09 17:15:36.190592
457.04296875,660.35546875,1.5372967345311055,-2.0344439357957027,2026-07-09 17:15:36.191206
457.04296875,659.66796875,0.6875,-1.5707963267948966,2026-07-09 17:15:36.192212
457.04296875,658.98046875,0.6875,-1.5707963267948966,2026-07-09 17:15:36.193211
456.35546875,658.29296875,0.9722718241315028,-2.356194490192345,2026-07-09 17:15:36.194366
456.35546875,656.91796875,1.375,-1.5707963267948966,2026-07-09 17:15:36.195263
455.66796875,656.23046875,0.9722718241315028,-2.356194490192345,2026-07-09 17:15:36.196235
454.98046875,655.54296875,0.9722718241315028,-2.356194490192345,2026-07-09 17:15:36.197205
454.98046875,654.85546875,0.6875,-1.5707963267948966,2026-07-09 17:15:36.198284
454.29296875,653.48046875,1.5372967345311055,-2.0344439357957027,2026-07-09 17:15:36.199314
454.29296875,652.10546875,1.375,-1.5707963267948966,2026-07-09 17:15:36.200278
453.60546875,651.41796875,0.9722718241315028,-2.356194490192345,2026-07-09 17:15:36.201278
453.60546875,650.73046875,0.6875,-1.5707963267948966,2026-07-09 17:15:36.202266
453.60546875,650.04296875,0.6875,-1.5707963267948966,2026-07-09 17:15:36.203268
452.91796875,648.66796875,1.5372967345311055,-2.0344439357957027,2026-07-09 17:15:36.204216
452.23046875,647.98046875,0.9722718241315028,-2.356194490192345,2026-07-09 17:15:36.206362
452.23046875,647.29296875,0.6875,-1.5707963267948966,2026-07-09 17:15:36.206798
452.23046875,645.91796875,1.375,-1.5707963267948966,2026-07-09 17:15:36.207332
451.54296875,644.54296875,1.5372967345311055,-2.0344439357957027,2026-07-09 17:15:36.208226
451.54296875,643.85546875,0.6875,-1.5707963267948966,2026-07-09 17:15:36.209273
450.85546875,643.16796875,0.9722718241315028,-2.356194490192345,2026-07-09 17:15:36.210206
450.85546875,642.48046875,0.6875,-1.5707963267948966,2026-07-09 17:15:36.211286
450.85546875,641.10546875,1.375,-1.5707963267948966,2026-07-09 17:15:36.212187
450.16796875,640.41796875,0.9722718241315028,-2.356194490192345,2026-07-09 17:15:36.213234
450.16796875,639.73046875,0.6875,-1.5707963267948966,2026-07-09 17:15:36.214218
449.48046875,639.04296875,0.9722718241315028,-2.356194490192345,2026-07-09 17:15:36.215274
449.48046875,637.66796875,1.375,-1.5707963267948966,2026-07-09 17:15:36.216257
449.48046875,636.29296875,1.375,-1.5707963267948966,2026-07-09 17:15:36.217283
448.79296875,635.60546875,0.9722718241315028,-2.356194490192345,2026-07-09 17:15:36.218305
448.79296875,634.91796875,0.6875,-1.5707963267948966,2026-07-09 17:15:36.219282
448.79296875,634.23046875,0.6875,-1.5707963267948966,2026-07-09 17:15:36.220266
448.10546875,632.85546875,1.5372967345311055,-2.0344439357957027,2026-07-09 17:15:36.222979
448.10546875,632.16796875,0.6875,-1.5707963267948966,2026-07-09 17:15:36.223633
448.10546875,631.48046875,0.6875,-1.5707963267948966,2026-07-09 17:15:36.224065
448.10546875,630.10546875,1.375,-1.5707963267948966,2026-07-09 17:15:36.224473
447.41796875,629.41796875,0.9722718241315028,-2.356194490192345,2026-07-09 17:15:36.225233
447.41796875,628.73046875,0.6875,-1.5707963267948966,2026-07-09 17:15:36.226286
447.41796875,628.04296875,0.6875,-1.5707963267948966,2026-07-09 17:15:36.227214
447.41796875,627.35546875,0.6875,-1.5707963267948966,2026-07-09 17:15:36.228291
446.73046875,626.66796875,0.9722718241315028,-2.356194490192345,2026-07-09 17:15:36.229302
446.73046875,625.98046875,0.6875,-1.5707963267948966,2026-07-09 17:15:36.230279
446.73046875,625.29296875,0.6875,-1.5707963267948966,2026-07-09 17:15:36.231213
446.73046875,624.60546875,0.6875,-1.5707963267948966,2026-07-09 17:15:36.232290
446.73046875,623.23046875,1.375,-1.5707963267948966,2026-07-09 17:15:36.233197
446.04296875,621.85546875,1.5372967345311055,-2.0344439357957027,2026-07-09 17:15:36.234224
446.04296875,621.16796875,0.6875,-1.5707963267948966,2026-07-09 17:15:36.235201
446.04296875,620.48046875,0.6875,-1.5707963267948966,2026-07-09 17:15:36.236257
446.04296875,619.79296875,0.6875,-1.5707963267948966,2026-07-09 17:15:36.237255
445.35546875,618.41796875,1.5372967345311055,-2.0344439357957027,2026-07-09 17:15:36.239664
445.35546875,617.73046875,0.6875,-1.5707963267948966,2026-07-09 17:15:36.240240
445.35546875,616.35546875,1.375,-1.5707963267948966,2026-07-09 17:15:36.241243
445.35546875,615.66796875,0.6875,-1.5707963267948966,2026-07-09 17:15:36.242234
445.35546875,614.98046875,0.6875,-1.5707963267948966,2026-07-09 17:15:36.243236
445.35546875,614.29296875,0.6875,-1.5707963267948966,2026-07-09 17:15:36.244221
445.35546875,613.60546875,0.6875,-1.5707963267948966,2026-07-09 17:15:36.245265
444.66796875,612.91796875,0.9722718241315028,-2.356194490192345,2026-07-09 17:15:36.246252
444.66796875,611.54296875,1.375,-1.5707963267948966,2026-07-09 17:15:36.248364
444.66796875,610.16796875,1.375,-1.5707963267948966,2026-07-09 17:15:36.249287
444.66796875,609.48046875,0.6875,-1.5707963267948966,2026-07-09 17:15:36.250197
444.66796875,608.79296875,0.6875,-1.5707963267948966,2026-07-09 17:15:36.251252
444.66796875,607.41796875,1.375,-1.5707963267948966,2026-07-09 17:15:36.252263
443.98046875,606.73046875,0.9722718241315028,-2.356194490192345,2026-07-09 17:15:36.253217
443.98046875,606.04296875,0.6875,-1.5707963267948966,2026-07-09 17:15:36.256387
443.98046875,604.66796875,1.375,-1.5707963267948966,2026-07-09 17:15:36.257223
443.98046875,603.98046875,0.6875,-1.5707963267948966,2026-07-09 17:15:36.258300
443.98046875,603.29296875,0.6875,-1.5707963267948966,2026-07-09 17:15:36.259291
443.98046875,602.60546875,0.6875,-1.5707963267948966,2026-07-09 17:15:36.260297
443.98046875,601.91796875,0.6875,-1.5707963267948966,2026-07-09 17:15:36.261290
443.98046875,601.23046875,0.6875,-1.5707963267948966,2026-07-09 17:15:36.262213
443.29296875,599.85546875,1.5372967345311055,-2.0344439357957027,2026-07-09 17:15:36.263299
443.29296875,599.16796875,0.6875,-1.5707963267948966,2026-07-09 17:15:36.264225
443.29296875,597.79296875,1.375,-1.5707963267948966,2026-07-09 17:15:36.265256
443.29296875,597.10546875,0.6875,-1.5707963267948966,2026-07-09 17:15:36.266220
443.29296875,596.41796875,0.6875,-1.5707963267948966,2026-07-09 17:15:36.267286
443.29296875,595.73046875,0.6875,-1.5707963267948966,2026-07-09 17:15:36.268217
443.29296875,595.04296875,0.6875,-1.5707963267948966,2026-07-09 17:15:36.269219
443.29296875,594.35546875,0.6875,-1.5707963267948966,2026-07-09 17:15:36.270214
443.29296875,593.66796875,0.6875,-1.5707963267948966,2026-07-09 17:15:36.271272
443.29296875,592.98046875,0.6875,-1.5707963267948966,2026-07-09 17:15:36.273035
443.29296875,592.29296875,0.6875,-1.5707963267948966,2026-07-09 17:15:36.273695
443.29296875,590.91796875,1.375,-1.5707963267948966,2026-07-09 17:15:36.274237
443.29296875,590.23046875,0.6875,-1.5707963267948966,2026-07-09 17:15:36.275267
442.60546875,588.85546875,1.5372967345311055,-2.0344439357957027,2026-07-09 17:15:36.276354
442.60546875,588.16796875,0.6875,-1.5707963267948966,2026-07-09 17:15:36.277205
442.60546875,587.48046875,0.6875,-1.5707963267948966,2026-07-09 17:15:36.278290
442.60546875,586.79296875,0.6875,-1.5707963267948966,2026-07-09 17:15:36.279228
442.60546875,586.10546875,0.6875,-1.5707963267948966,2026-07-09 17:15:36.280240
442.60546875,585.41796875,0.6875,-1.5707963267948966,2026-07-09 17:15:36.281282
442.60546875,584.04296875,1.375,-1.5707963267948966,2026-07-09 17:15:36.282343
442.60546875,583.35546875,0.6875,-1.5707963267948966,2026-07-09 17:15:36.283212
442.60546875,582.66796875,0.6875,-1.5707963267948966,2026-07-09 17:15:36.284242
442.60546875,581.29296875,1.375,-1.5707963267948966,2026-07-09 17:15:36.285278
442.60546875,580.60546875,0.6875,-1.5707963267948966,2026-07-09 17:15:36.286278
441.91796875,579.91796875,0.9722718241315028,-2.356194490192345,2026-07-09 17:15:36.287195
441.91796875,579.23046875,0.6875,-1.5707963267948966,2026-07-09 17:15:36.289613
441.91796875,578.54296875,0.6875,-1.5707963267948966,2026-07-09 17:15:36.290036
441.91796875,577.16796875,1.375,-1.5707963267948966,2026-07-09 17:15:36.290534
441.91796875,576.48046875,0.6875,-1.5707963267948966,2026-07-09 17:15:36.291280
441.91796875,575.79296875,0.6875,-1.5707963267948966,2026-07-09 17:15:36.292292
441.91796875,574.41796875,1.375,-1.5707963267948966,2026-07-09 17:15:36.293301
441.91796875,573.73046875,0.6875,-1.5707963267948966,2026-07-09 17:15:36.294190
441.91796875,573.04296875,0.6875,-1.5707963267948966,2026-07-09 17:15:36.295330
441.91796875,572.35546875,0.6875,-1.5707963267948966,2026-07-09 17:15:36.296303
441.91796875,571.66796875,0.6875,-1.5707963267948966,2026-07-09 17:15:36.297344
441.91796875,570.29296875,1.375,-1.5707963267948966,2026-07-09 17:15:36.298198
441.91796875,568.91796875,1.375,-1.5707963267948966,2026-07-09 17:15:36.299278
441.91796875,568.23046875,0.6875,-1.5707963267948966,2026-07-09 17:15:36.300227
441.23046875,567.54296875,0.9722718241315028,-2.356194490192345,2026-07-09 17:15:36.301237
441.23046875,566.85546875,0.6875,-1.5707963267948966,2026-07-09 17:15:36.302221
441.23046875,566.16796875,0.6875,-1.5707963267948966,2026-07-09 17:15:36.303218
441.23046875,565.48046875,0.6875,-1.5707963267948966,2026-07-09 17:15:36.304210
441.23046875,564.79296875,0.6875,-1.5707963267948966,2026-07-09 17:15:36.306366
441.23046875,563.41796875,1.375,-1.5707963267948966,2026-07-09 17:15:36.306787
441.23046875,562.04296875,1.375,-1.5707963267948966,2026-07-09 17:15:36.307269
441.23046875,561.35546875,0.6875,-1.5707963267948966,2026-07-09 17:15:36.308242
441.23046875,560.66796875,0.6875,-1.5707963267948966,2026-07-09 17:15:36.309207
441.23046875,559.98046875,0.6875,-1.5707963267948966,2026-07-09 17:15:36.310283
441.23046875,559.29296875,0.6875,-1.5707963267948966,2026-07-09 17:15:36.311223
441.23046875,558.60546875,0.6875,-1.5707963267948966,2026-07-09 17:15:36.312236
441.23046875,557.91796875,0.6875,-1.5707963267948966,2026-07-09 17:15:36.313245
441.23046875,556.54296875,1.375,-1.5707963267948966,2026-07-09 17:15:36.314217
441.23046875,555.16796875,1.375,-1.5707963267948966,2026-07-09 17:15:36.315240
441.23046875,554.48046875,0.6875,-1.5707963267948966,2026-07-09 17:15:36.316329
441.23046875,553.79296875,0.6875,-1.5707963267948966,2026-07-09 17:15:36.317204
441.23046875,553.10546875,0.6875,-1.5707963267948966,2026-07-09 17:15:36.318282
441.23046875,552.41796875,0.6875,-1.5707963267948966,2026-07-09 17:15:36.319223
441.23046875,551.73046875,0.6875,-1.5707963267948966,2026-07-09 17:15:36.320256
441.91796875,551.04296875,0.9722718241315028,-0.7853981633974483,2026-07-09 17:15:36.321218
441.91796875,550.35546875,0.6875,-1.5707963267948966,2026-07-09 17:15:36.323035
441.91796875,548.98046875,1.375,-1.5707963267948966,2026-07-09 17:15:36.323664
441.91796875,548.29296875,0.6875,-1.5707963267948966,2026-07-09 17:15:36.324338
441.91796875,546.91796875,1.375,-1.5707963267948966,2026-07-09 17:15:36.325205
441.91796875,546.23046875,0.6875,-1.5707963267948966,2026-07-09 17:15:36.326278
441.91796875,545.54296875,0.6875,-1.5707963267948966,2026-07-09 17:15:36.327275
441.91796875,544.85546875,0.6875,-1.5707963267948966,2026-07-09 17:15:36.328262
441.91796875,544.16796875,0.6875,-1.5707963267948966,2026-07-09 17:15:36.329290
442.60546875,543.48046875,0.9722718241315028,-0.7853981633974483,2026-07-09 17:15:36.330278
442.60546875,542.10546875,1.375,-1.5707963267948966,2026-07-09 17:15:36.331193
442.60546875,541.41796875,0.6875,-1.5707963267948966,2026-07-09 17:15:36.332305
442.60546875,540.73046875,0.6875,-1.5707963267948966,2026-07-09 17:15:36.333275
442.60546875,540.04296875,0.6875,-1.5707963267948966,2026-07-09 17:15:36.334258
442.60546875,539.35546875,0.6875,-1.5707963267948966,2026-07-09 17:15:36.335382
442.60546875,538.66796875,0.6875,-1.5707963267948966,2026-07-09 17:15:36.336220
442.60546875,537.98046875,0.6875,-1.5707963267948966,2026-07-09 17:15:36.337256
443.29296875,537.29296875,0.9722718241315028,-0.7853981633974483,2026-07-09 17:15:36.339548
443.29296875,535.91796875,1.375,-1.5707963267948966,2026-07-09 17:15:36.339971
443.29296875,535.23046875,0.6875,-1.5707963267948966,2026-07-09 17:15:36.340387
443.29296875,534.54296875,0.6875,-1.5707963267948966,2026-07-09 17:15:36.341256
443.29296875,533.85546875,0.6875,-1.5707963267948966,2026-07-09 17:15:36.342277
443.29296875,533.16796875,0.6875,-1.5707963267948966,2026-07-09 17:15:36.343197
443.29296875,532.48046875,0.6875,-1.5707963267948966,2026-07-09 17:15:36.344358
443.29296875,531.79296875,0.6875,-1.5707963267948966,2026-07-09 17:15:36.345271
443.29296875,531.10546875,0.6875,-1.5707963267948966,2026-07-09 17:15:36.346228
443.98046875,529.73046875,1.5372967345311055,-1.1071487177940904,2026-07-09 17:15:36.347307
443.98046875,529.04296875,0.6875,-1.5707963267948966,2026-07-09 17:15:36.348254
443.98046875,528.35546875,0.6875,-1.5707963267948966,2026-07-09 17:15:36.349287
443.98046875,527.66796875,0.6875,-1.5707963267948966,2026-07-09 17:15:36.350217
443.98046875,526.98046875,0.6875,-1.5707963267948966,2026-07-09 17:15:36.351285
443.98046875,526.29296875,0.6875,-1.5707963267948966,2026-07-09 17:15:36.352220
443.98046875,525.60546875,0.6875,-1.5707963267948966,2026-07-09 17:15:36.353259
443.98046875,524.91796875,0.6875,-1.5707963267948966,2026-07-09 17:15:36.354295
443.98046875,523.54296875,1.375,-1.5707963267948966,2026-07-09 17:15:36.356213
443.98046875,522.85546875,0.6875,-1.5707963267948966,2026-07-09 17:15:36.356728
443.98046875,522.16796875,0.6875,-1.5707963267948966,2026-07-09 17:15:36.357252
443.98046875,521.48046875,0.6875,-1.5707963267948966,2026-07-09 17:15:36.358217
443.98046875,520.79296875,0.6875,-1.5707963267948966,2026-07-09 17:15:36.359272
443.98046875,519.41796875,1.375,-1.5707963267948966,2026-07-09 17:15:36.360198
443.98046875,518.73046875,0.6875,-1.5707963267948966,2026-07-09 17:15:36.361338
444.66796875,518.04296875,0.9722718241315028,-0.7853981633974483,2026-07-09 17:15:36.362198
444.66796875,516.66796875,1.375,-1.5707963267948966,2026-07-09 17:15:36.363277
444.66796875,515.98046875,0.6875,-1.5707963267948966,2026-07-09 17:15:36.364272
444.66796875,515.29296875,0.6875,-1.5707963267948966,2026-07-09 17:15:36.365200
444.66796875,514.60546875,0.6875,-1.5707963267948966,2026-07-09 17:15:36.366284
444.66796875,513.91796875,0.6875,-1.5707963267948966,2026-07-09 17:15:36.367279
444.66796875,513.23046875,0.6875,-1.5707963267948966,2026-07-09 17:15:36.368227
444.66796875,512.54296875,0.6875,-1.5707963267948966,2026-07-09 17:15:36.369290
444.66796875,511.85546875,0.6875,-1.5707963267948966,2026-07-09 17:15:36.370282
444.66796875,511.16796875,0.6875,-1.5707963267948966,2026-07-09 17:15:36.371215
444.66796875,509.79296875,1.375,-1.5707963267948966,2026-07-09 17:15:36.372938
444.66796875,509.10546875,0.6875,-1.5707963267948966,2026-07-09 17:15:36.373592
444.66796875,508.41796875,0.6875,-1.5707963267948966,2026-07-09 17:15:36.374303
444.66796875,507.73046875,0.6875,-1.5707963267948966,2026-07-09 17:15:36.375200
444.66796875,507.04296875,0.6875,-1.5707963267948966,2026-07-09 17:15:36.376246
444.66796875,506.35546875,0.6875,-1.5707963267948966,2026-07-09 17:15:36.377224
444.66796875,505.66796875,0.6875,-1.5707963267948966,2026-07-09 17:15:36.378303
444.66796875,504.98046875,0.6875,-1.5707963267948966,2026-07-09 17:15:36.379304
444.66796875,503.60546875,1.375,-1.5707963267948966,2026-07-09 17:15:36.380228
444.66796875,502.91796875,0.6875,-1.5707963267948966,2026-07-09 17:15:36.381213
444.66796875,502.23046875,0.6875,-1.5707963267948966,2026-07-09 17:15:36.382291
444.66796875,501.54296875,0.6875,-1.5707963267948966,2026-07-09 17:15:36.383197
444.66796875,500.85546875,0.6875,-1.5707963267948966,2026-07-09 17:15:36.384259
444.66796875,500.16796875,0.6875,-1.5707963267948966,2026-07-09 17:15:36.385245
444.66796875,498.79296875,1.375,-1.5707963267948966,2026-07-09 17:15:36.386246
444.66796875,498.10546875,0.6875,-1.5707963267948966,2026-07-09 17:15:36.387239
444.66796875,496.73046875,1.375,-1.5707963267948966,2026-07-09 17:15:36.389600
444.66796875,496.04296875,0.6875,-1.5707963267948966,2026-07-09 17:15:36.390038
444.66796875,495.35546875,0.6875,-1.5707963267948966,2026-07-09 17:15:36.390475
444.66796875,494.66796875,0.6875,-1.5707963267948966,2026-07-09 17:15:36.391221
444.66796875,493.98046875,0.6875,-1.5707963267948966,2026-07-09 17:15:36.392228
444.66796875,493.29296875,0.6875,-1.5707963267948966,2026-07-09 17:15:36.393223
444.66796875,492.60546875,0.6875,-1.5707963267948966,2026-07-09 17:15:36.394221
444.66796875,491.91796875,0.6875,-1.5707963267948966,2026-07-09 17:15:36.395216
444.66796875,490.54296875,1.375,-1.5707963267948966,2026-07-09 17:15:36.396212
444.66796875,489.85546875,0.6875,-1.5707963267948966,2026-07-09 17:15:36.397239
444.66796875,489.16796875,0.6875,-1.5707963267948966,2026-07-09 17:15:36.398214
444.66796875,488.48046875,0.6875,-1.5707963267948966,2026-07-09 17:15:36.399215
444.66796875,487.79296875,0.6875,-1.5707963267948966,2026-07-09 17:15:36.400213
444.66796875,487.10546875,0.6875,-1.5707963267948966,2026-07-09 17:15:36.401301
444.66796875,486.41796875,0.6875,-1.5707963267948966,2026-07-09 17:15:36.402271
444.66796875,485.73046875,0.6875,-1.5707963267948966,2026-07-09 17:15:36.403277
444.66796875,484.35546875,1.375,-1.5707963267948966,2026-07-09 17:15:36.404239
444.66796875,483.66796875,0.6875,-1.5707963267948966,2026-07-09 17:15:36.406529
444.66796875,482.98046875,0.6875,-1.5707963267948966,2026-07-09 17:15:36.407128
444.66796875,482.29296875,0.6875,-1.5707963267948966,2026-07-09 17:15:36.407706
444.66796875,481.60546875,0.6875,-1.5707963267948966,2026-07-09 17:15:36.408321
445.35546875,480.91796875,0.9722718241315028,-0.7853981633974483,2026-07-09 17:15:36.409223
445.35546875,480.23046875,0.6875,-1.5707963267948966,2026-07-09 17:15:36.410235
445.35546875,479.54296875,0.6875,-1.5707963267948966,2026-07-09 17:15:36.411210
445.35546875,478.85546875,0.6875,-1.5707963267948966,2026-07-09 17:15:36.412201
445.35546875,477.48046875,1.375,-1.5707963267948966,2026-07-09 17:15:36.413228
445.35546875,476.79296875,0.6875,-1.5707963267948966,2026-07-09 17:15:36.414232
445.35546875,476.10546875,0.6875,-1.5707963267948966,2026-07-09 17:15:36.415237
445.35546875,475.41796875,0.6875,-1.5707963267948966,2026-07-09 17:15:36.416235
446.04296875,474.73046875,0.9722718241315028,-0.7853981633974483,2026-07-09 17:15:36.417207
446.04296875,474.04296875,0.6875,-1.5707963267948966,2026-07-09 17:15:36.419372
446.04296875,473.35546875,0.6875,-1.5707963267948966,2026-07-09 17:15:36.420222
446.04296875,471.98046875,1.375,-1.5707963267948966,2026-07-09 17:15:36.421215
446.04296875,471.29296875,0.6875,-1.5707963267948966,2026-07-09 17:15:36.423228
446.04296875,470.60546875,0.6875,-1.5707963267948966,2026-07-09 17:15:36.423843
446.73046875,469.91796875,0.9722718241315028,-0.7853981633974483,2026-07-09 17:15:36.424371
446.73046875,469.23046875,0.6875,-1.5707963267948966,2026-07-09 17:15:36.425218
446.73046875,468.54296875,0.6875,-1.5707963267948966,2026-07-09 17:15:36.426214
446.73046875,467.85546875,0.6875,-1.5707963267948966,2026-07-09 17:15:36.427199
446.73046875,467.16796875,0.6875,-1.5707963267948966,2026-07-09 17:15:36.428196
447.41796875,466.48046875,0.9722718241315028,-0.7853981633974483,2026-07-09 17:15:36.429232
447.41796875,465.79296875,0.6875,-1.5707963267948966,2026-07-09 17:15:36.430265
447.41796875,465.10546875,0.6875,-1.5707963267948966,2026-07-09 17:15:36.431218
447.41796875,464.41796875,0.6875,-1.5707963267948966,2026-07-09 17:15:36.432215
447.41796875,463.73046875,0.6875,-1.5707963267948966,2026-07-09 17:15:36.433215
448.10546875,463.04296875,0.9722718241315028,-0.7853981633974483,2026-07-09 17:15:36.435302
448.10546875,462.35546875,0.6875,-1.5707963267948966,2026-07-09 17:15:36.436180
448.10546875,461.66796875,0.6875,-1.5707963267948966,2026-07-09 17:15:36.437198
448.79296875,460.98046875,0.9722718241315028,-0.7853981633974483,2026-07-09 17:15:36.439836
448.79296875,460.29296875,0.6875,-1.5707963267948966,2026-07-09 17:15:36.440387
448.79296875,459.60546875,0.6875,-1.5707963267948966,2026-07-09 17:15:36.441228
449.48046875,458.91796875,0.9722718241315028,-0.7853981633974483,2026-07-09 17:15:36.442202
449.48046875,458.23046875,0.6875,-1.5707963267948966,2026-07-09 17:15:36.443199
450.16796875,456.85546875,1.5372967345311055,-1.1071487177940904,2026-07-09 17:15:36.444185
450.16796875,456.16796875,0.6875,-1.5707963267948966,2026-07-09 17:15:36.446301
450.16796875,455.48046875,0.6875,-1.5707963267948966,2026-07-09 17:15:36.447180
450.16796875,454.79296875,0.6875,-1.5707963267948966,2026-07-09 17:15:36.448195
450.85546875,454.10546875,0.9722718241315028,-0.7853981633974483,2026-07-09 17:15:36.449199
450.85546875,453.41796875,0.6875,-1.5707963267948966,2026-07-09 17:15:36.450190
450.85546875,452.73046875,0.6875,-1.5707963267948966,2026-07-09 17:15:36.451212
451.54296875,452.04296875,0.9722718241315028,-0.7853981633974483,2026-07-09 17:15:36.452176
451.54296875,451.35546875,0.6875,-1.5707963267948966,2026-07-09 17:15:36.454309
451.54296875,450.66796875,0.6875,-1.5707963267948966,2026-07-09 17:15:36.456204
452.23046875,449.98046875,0.9722718241315028,-0.7853981633974483,2026-07-09 17:15:36.456734
452.23046875,449.29296875,0.6875,-1.5707963267948966,2026-07-09 17:15:36.457193
452.91796875,448.60546875,0.9722718241315028,-0.7853981633974483,2026-07-09 17:15:36.458205
452.91796875,447.91796875,0.6875,-1.5707963267948966,2026-07-09 17:15:36.459184
452.91796875,447.23046875,0.6875,-1.5707963267948966,2026-07-09 17:15:36.461197
453.60546875,445.85546875,1.5372967345311055,-1.1071487177940904,2026-07-09 17:15:36.462250
453.60546875,445.16796875,0.6875,-1.5707963267948966,2026-07-09 17:15:36.463171
453.60546875,444.48046875,0.6875,-1.5707963267948966,2026-07-09 17:15:36.464210
454.29296875,443.79296875,0.9722718241315028,-0.7853981633974483,2026-07-09 17:15:36.465163
454.29296875,443.10546875,0.6875,-1.5707963267948966,2026-07-09 17:15:36.466205
454.98046875,442.41796875,0.9722718241315028,-0.7853981633974483,2026-07-09 17:15:36.467167
454.98046875,441.73046875,0.6875,-1.5707963267948966,2026-07-09 17:15:36.468160
454.98046875,441.04296875,0.6875,-1.5707963267948966,2026-07-09 17:15:36.469227
455.66796875,440.35546875,0.9722718241315028,-0.7853981633974483,2026-07-09 17:15:36.470141
455.66796875,439.66796875,0.6875,-1.5707963267948966,2026-07-09 17:15:36.471151
456.35546875,438.98046875,0.9722718241315028,-0.7853981633974483,2026-07-09 17:15:36.473294
456.35546875,438.29296875,0.6875,-1.5707963267948966,2026-07-09 17:15:36.474174
457.04296875,437.60546875,0.9722718241315028,-0.7853981633974483,2026-07-09 17:15:36.475220
457.04296875,436.91796875,0.6875,-1.5707963267948966,2026-07-09 17:15:36.476193
457.04296875,435.54296875,1.375,-1.5707963267948966,2026-07-09 17:15:36.477163
457.73046875,434.85546875,0.9722718241315028,-0.7853981633974483,2026-07-09 17:15:36.478203
457.73046875,434.16796875,0.6875,-1.5707963267948966,2026-07-09 17:15:36.479255
457.73046875,433.48046875,0.6875,-1.5707963267948966,2026-07-09 17:15:36.480157
458.41796875,432.79296875,0.9722718241315028,-0.7853981633974483,2026-07-09 17:15:36.481272
458.41796875,432.10546875,0.6875,-1.5707963267948966,2026-07-09 17:15:36.482169
459.10546875,431.41796875,0.9722718241315028,-0.7853981633974483,2026-07-09 17:15:36.483418
459.10546875,430.73046875,0.6875,-1.5707963267948966,2026-07-09 17:15:36.484152
459.79296875,430.04296875,0.9722718241315028,-0.7853981633974483,2026-07-09 17:15:36.485387
459.79296875,429.35546875,0.6875,-1.5707963267948966,2026-07-09 17:15:36.487377
460.48046875,428.66796875,0.9722718241315028,-0.7853981633974483,2026-07-09 17:15:36.489777
460.48046875,427.98046875,0.6875,-1.5707963267948966,2026-07-09 17:15:36.490382
461.16796875,427.29296875,0.9722718241315028,-0.7853981633974483,2026-07-09 17:15:36.491287
461.16796875,426.60546875,0.6875,-1.5707963267948966,2026-07-09 17:15:36.492157
461.85546875,425.91796875,0.9722718241315028,-0.7853981633974483,2026-07-09 17:15:36.493383
461.85546875,425.23046875,0.6875,-1.5707963267948966,2026-07-09 17:15:36.494140
462.54296875,424.54296875,0.9722718241315028,-0.7853981633974483,2026-07-09 17:15:36.495380
462.54296875,423.85546875,0.6875,-1.5707963267948966,2026-07-09 17:15:36.496225
463.23046875,423.85546875,0.6875,0.0,2026-07-09 17:15:36.497374
463.23046875,423.16796875,0.6875,-1.5707963267948966,2026-07-09 17:15:36.498139
463.91796875,422.48046875,0.9722718241315028,-0.7853981633974483,2026-07-09 17:15:36.499305
463.91796875,421.79296875,0.6875,-1.5707963267948966,2026-07-09 17:15:36.500156
463.91796875,421.10546875,0.6875,-1.5707963267948966,2026-07-09 17:15:36.501342
464.60546875,421.10546875,0.6875,0.0,2026-07-09 17:15:36.502135
464.60546875,420.41796875,0.6875,-1.5707963267948966,2026-07-09 17:15:36.503347
465.29296875,419.73046875,0.9722718241315028,-0.7853981633974483,2026-07-09 17:15:36.504236
465.29296875,419.04296875,0.6875,-1.5707963267948966,2026-07-09 17:15:36.506299
465.98046875,418.35546875,0.9722718241315028,-0.7853981633974483,2026-07-09 17:15:36.507412
465.98046875,417.66796875,0.6875,-1.5707963267948966,2026-07-09 17:15:36.508154
466.66796875,417.66796875,0.6875,0.0,2026-07-09 17:15:36.509403
466.66796875,416.98046875,0.6875,-1.5707963267948966,2026-07-09 17:15:36.510141
467.35546875,416.29296875,0.9722718241315028,-0.7853981633974483,2026-07-09 17:15:36.511374
468.04296875,415.60546875,0.9722718241315028,-0.7853981633974483,2026-07-09 17:15:36.513375
468.04296875,414.91796875,0.6875,-1.5707963267948966,2026-07-09 17:15:36.514257
468.73046875,414.23046875,0.9722718241315028,-0.7853981633974483,2026-07-09 17:15:36.516266
469.41796875,413.54296875,0.9722718241315028,-0.7853981633974483,2026-07-09 17:15:36.517222
469.41796875,412.85546875,0.6875,-1.5707963267948966,2026-07-09 17:15:36.518289
470.10546875,412.85546875,0.6875,0.0,2026-07-09 17:15:36.519177
470.10546875,412.16796875,0.6875,-1.5707963267948966,2026-07-09 17:15:36.520260
470.79296875,411.48046875,0.9722718241315028,-0.7853981633974483,2026-07-09 17:15:36.521215
470.79296875,410.79296875,0.6875,-1.5707963267948966,2026-07-09 17:15:36.523332
471.48046875,410.10546875,0.9722718241315028,-0.7853981633974483,2026-07-09 17:15:36.524287
472.16796875,409.41796875,0.9722718241315028,-0.7853981633974483,2026-07-09 17:15:36.527410
472.85546875,408.73046875,0.9722718241315028,-0.7853981633974483,2026-07-09 17:15:36.528306
473.54296875,408.04296875,0.9722718241315028,-0.7853981633974483,2026-07-09 17:15:36.529225
473.54296875,407.35546875,0.6875,-1.5707963267948966,2026-07-09 17:15:36.531400
474.23046875,406.66796875,0.9722718241315028,-0.7853981633974483,2026-07-09 17:15:36.533399
474.91796875,405.98046875,0.9722718241315028,-0.7853981633974483,2026-07-09 17:15:36.534281
474.91796875,405.29296875,0.6875,-1.5707963267948966,2026-07-09 17:15:36.535233
475.60546875,404.60546875,0.9722718241315028,-0.7853981633974483,2026-07-09 17:15:36.536297
476.29296875,403.91796875,0.9722718241315028,-0.7853981633974483,2026-07-09 17:15:36.539809
476.29296875,403.23046875,0.6875,-1.5707963267948966,2026-07-09 17:15:36.540414
476.98046875,403.23046875,0.6875,0.0,2026-07-09 17:15:36.541311
476.98046875,402.54296875,0.6875,-1.5707963267948966,2026-07-09 17:15:36.542301
477.66796875,401.85546875,0.9722718241315028,-0.7853981633974483,2026-07-09 17:15:36.543229
477.66796875,401.16796875,0.6875,-1.5707963267948966,2026-07-09 17:15:36.546316
478.35546875,401.16796875,0.6875,0.0,2026-07-09 17:15:36.547234
478.35546875,400.48046875,0.6875,-1.5707963267948966,2026-07-09 17:15:36.548236
479.04296875,399.79296875,0.9722718241315028,-0.7853981633974483,2026-07-09 17:15:36.549257
479.73046875,399.10546875,0.9722718241315028,-0.7853981633974483,2026-07-09 17:15:36.551360
479.73046875,398.41796875,0.6875,-1.5707963267948966,2026-07-09 17:15:36.553374
480.41796875,398.41796875,0.6875,0.0,2026-07-09 17:15:36.554273
480.41796875,397.73046875,0.6875,-1.5707963267948966,2026-07-09 17:15:36.556384
481.10546875,397.04296875,0.9722718241315028,-0.7853981633974483,2026-07-09 17:15:36.558399
481.79296875,396.35546875,0.9722718241315028,-0.7853981633974483,2026-07-09 17:15:36.561356
482.48046875,395.66796875,0.9722718241315028,-0.7853981633974483,2026-07-09 17:15:36.563324
483.16796875,394.98046875,0.9722718241315028,-0.7853981633974483,2026-07-09 17:15:36.564246
483.85546875,394.29296875,0.9722718241315028,-0.7853981633974483,2026-07-09 17:15:36.565218
483.85546875,393.60546875,0.6875,-1.5707963267948966,2026-07-09 17:15:36.566253
484.54296875,392.91796875,0.9722718241315028,-0.7853981633974483,2026-07-09 17:15:36.568366
484.54296875,392.23046875,0.6875,-1.5707963267948966,2026-07-09 17:15:36.569225
485.23046875,392.23046875,0.6875,0.0,2026-07-09 17:15:36.573307
485.91796875,391.54296875,0.9722718241315028,-0.7853981633974483,2026-07-09 17:15:36.573831
485.91796875,390.85546875,0.6875,-1.5707963267948966,2026-07-09 17:15:36.574304
486.60546875,390.16796875,0.9722718241315028,-0.7853981633974483,2026-07-09 17:15:36.574844
487.29296875,389.48046875,0.9722718241315028,-0.7853981633974483,2026-07-09 17:15:36.576332
487.29296875,388.79296875,0.6875,-1.5707963267948966,2026-07-09 17:15:36.579360
487.98046875,388.79296875,0.6875,0.0,2026-07-09 17:15:36.580234
488.66796875,388.10546875,0.9722718241315028,-0.7853981633974483,2026-07-09 17:15:36.581268
488.66796875,387.41796875,0.6875,-1.5707963267948966,2026-07-09 17:15:36.582219
489.35546875,386.73046875,0.9722718241315028,-0.7853981633974483,2026-07-09 17:15:36.583230
490.04296875,386.73046875,0.6875,0.0,2026-07-09 17:15:36.586400
490.04296875,386.04296875,0.6875,-1.5707963267948966,2026-07-09 17:15:36.587225
490.73046875,385.35546875,0.9722718241315028,-0.7853981633974483,2026-07-09 17:15:36.589832
491.41796875,384.66796875,0.9722718241315028,-0.7853981633974483,2026-07-09 17:15:36.590353
491.41796875,383.98046875,0.6875,-1.5707963267948966,2026-07-09 17:15:36.591314
492.10546875,383.29296875,0.9722718241315028,-0.7853981633974483,2026-07-09 17:15:36.593368
492.10546875,382.60546875,0.6875,-1.5707963267948966,2026-07-09 17:15:36.594246
492.79296875,382.60546875,0.6875,0.0,2026-07-09 17:15:36.596441
493.48046875,381.91796875,0.9722718241315028,-0.7853981633974483,2026-07-09 17:15:36.597281
493.48046875,381.23046875,0.6875,-1.5707963267948966,2026-07-09 17:15:36.598249
494.16796875,381.23046875,0.6875,0.0,2026-07-09 17:15:36.599239
494.16796875,380.54296875,0.6875,-1.5707963267948966,2026-07-09 17:15:36.601395
494.85546875,380.54296875,0.6875,0.0,2026-07-09 17:15:36.602250
494.85546875,379.85546875,0.6875,-1.5707963267948966,2026-07-09 17:15:36.603316
495.54296875,379.16796875,0.9722718241315028,-0.7853981633974483,2026-07-09 17:15:36.606558
496.23046875,378.48046875,0.9722718241315028,-0.7853981633974483,2026-07-09 17:15:36.607090
496.23046875,377.79296875,0.6875,-1.5707963267948966,2026-07-09 17:15:36.607586
496.91796875,377.10546875,0.9722718241315028,-0.7853981633974483,2026-07-09 17:15:36.609327
497.60546875,376.41796875,0.9722718241315028,-0.7853981633974483,2026-07-09 17:15:36.611402
498.29296875,375.73046875,0.9722718241315028,-0.7853981633974483,2026-07-09 17:15:36.613332
498.29296875,375.04296875,0.6875,-1.5707963267948966,2026-07-09 17:15:36.614262
498.98046875,374.35546875,0.9722718241315028,-0.7853981633974483,2026-07-09 17:15:36.615301
499.66796875,373.66796875,0.9722718241315028,-0.7853981633974483,2026-07-09 17:15:36.616210
500.35546875,372.98046875,0.9722718241315028,-0.7853981633974483,2026-07-09 17:15:36.619389
501.04296875,372.29296875,0.9722718241315028,-0.7853981633974483,2026-07-09 17:15:36.623227
501.73046875,371.60546875,0.9722718241315028,-0.7853981633974483,2026-07-09 17:15:36.623773
502.41796875,370.91796875,0.9722718241315028,-0.7853981633974483,2026-07-09 17:15:36.624247
503.10546875,370.23046875,0.9722718241315028,-0.7853981633974483,2026-07-09 17:15:36.626399
503.10546875,369.54296875,0.6875,-1.5707963267948966,2026-07-09 17:15:36.627228
503.79296875,369.54296875,0.6875,0.0,2026-07-09 17:15:36.628252
503.79296875,368.85546875,0.6875,-1.5707963267948966,2026-07-09 17:15:36.629232
504.48046875,368.85546875,0.6875,0.0,2026-07-09 17:15:36.630317
505.16796875,368.16796875,0.9722718241315028,-0.7853981633974483,2026-07-09 17:15:36.631304
505.16796875,367.48046875,0.6875,-1.5707963267948966,2026-07-09 17:15:36.632221
505.85546875,366.79296875,0.9722718241315028,-0.7853981633974483,2026-07-09 17:15:36.634294
505.85546875,366.10546875,0.6875,-1.5707963267948966,2026-07-09 17:15:36.635211
506.54296875,366.10546875,0.6875,0.0,2026-07-09 17:15:36.636279
506.54296875,365.41796875,0.6875,-1.5707963267948966,2026-07-09 17:15:36.637227
507.23046875,365.41796875,0.6875,0.0,2026-07-09 17:15:36.639923
507.91796875,364.73046875,0.9722718241315028,-0.7853981633974483,2026-07-09 17:15:36.640508
508.60546875,364.04296875,0.9722718241315028,-0.7853981633974483,2026-07-09 17:15:36.641316
509.29296875,363.35546875,0.9722718241315028,-0.7853981633974483,2026-07-09 17:15:36.643587
509.29296875,362.66796875,0.6875,-1.5707963267948966,2026-07-09 17:15:36.644326
509.98046875,361.98046875,0.9722718241315028,-0.7853981633974483,2026-07-09 17:15:36.645275
509.98046875,361.29296875,0.6875,-1.5707963267948966,2026-07-09 17:15:36.646281
510.66796875,360.60546875,0.9722718241315028,-0.7853981633974483,2026-07-09 17:15:36.647289
511.35546875,360.60546875,0.6875,0.0,2026-07-09 17:15:36.648278
511.35546875,359.91796875,0.6875,-1.5707963267948966,2026-07-09 17:15:36.649314
512.04296875,359.23046875,0.9722718241315028,-0.7853981633974483,2026-07-09 17:15:36.650280
512.73046875,358.54296875,0.9722718241315028,-0.7853981633974483,2026-07-09 17:15:36.651285
513.41796875,357.85546875,0.9722718241315028,-0.7853981633974483,2026-07-09 17:15:36.654370
514.10546875,357.16796875,0.9722718241315028,-0.7853981633974483,2026-07-09 17:15:36.657349
514.10546875,356.48046875,0.6875,-1.5707963267948966,2026-07-09 17:15:36.657859
514.79296875,356.48046875,0.6875,0.0,2026-07-09 17:15:36.658340
514.79296875,355.79296875,0.6875,-1.5707963267948966,2026-07-09 17:15:36.658821
515.48046875,355.79296875,0.6875,0.0,2026-07-09 17:15:36.659298
515.48046875,355.10546875,0.6875,-1.5707963267948966,2026-07-09 17:15:36.660278
516.16796875,354.41796875,0.9722718241315028,-0.7853981633974483,2026-07-09 17:15:36.661290
516.85546875,353.73046875,0.9722718241315028,-0.7853981633974483,2026-07-09 17:15:36.662278
516.85546875,353.04296875,0.6875,-1.5707963267948966,2026-07-09 17:15:36.664452
517.54296875,353.04296875,0.6875,0.0,2026-07-09 17:15:36.665268
517.54296875,352.35546875,0.6875,-1.5707963267948966,2026-07-09 17:15:36.666281
518.23046875,351.66796875,0.9722718241315028,-0.7853981633974483,2026-07-09 17:15:36.667263
518.91796875,350.98046875,0.9722718241315028,-0.7853981633974483,2026-07-09 17:15:36.669448
519.60546875,350.29296875,0.9722718241315028,-0.7853981633974483,2026-07-09 17:15:36.671301
519.60546875,349.60546875,0.6875,-1.5707963267948966,2026-07-09 17:15:36.674085
520.29296875,349.60546875,0.6875,0.0,2026-07-09 17:15:36.674513
520.29296875,348.91796875,0.6875,-1.5707963267948966,2026-07-09 17:15:36.674923
520.98046875,348.23046875,0.9722718241315028,-0.7853981633974483,2026-07-09 17:15:36.675321
521.66796875,347.54296875,0.9722718241315028,-0.7853981633974483,2026-07-09 17:15:36.677444
521.66796875,346.85546875,0.6875,-1.5707963267948966,2026-07-09 17:15:36.679331
522.35546875,346.16796875,0.9722718241315028,-0.7853981633974483,2026-07-09 17:15:36.680284
523.04296875,346.16796875,0.6875,0.0,2026-07-09 17:15:36.681321
523.04296875,345.48046875,0.6875,-1.5707963267948966,2026-07-09 17:15:36.682276
523.73046875,345.48046875,0.6875,0.0,2026-07-09 17:15:36.683287
523.73046875,344.79296875,0.6875,-1.5707963267948966,2026-07-09 17:15:36.684268
524.41796875,344.79296875,0.6875,0.0,2026-07-09 17:15:36.685279
524.41796875,344.10546875,0.6875,-1.5707963267948966,2026-07-09 17:15:36.686301
525.10546875,343.41796875,0.9722718241315028,-0.7853981633974483,2026-07-09 17:15:36.687263
525.79296875,342.73046875,0.9722718241315028,-0.7853981633974483,2026-07-09 17:15:36.690632
525.79296875,342.04296875,0.6875,-1.5707963267948966,2026-07-09 17:15:36.691373
526.48046875,342.04296875,0.6875,0.0,2026-07-09 17:15:36.692282
526.48046875,341.35546875,0.6875,-1.5707963267948966,2026-07-09 17:15:36.693310
527.16796875,341.35546875,0.6875,0.0,2026-07-09 17:15:36.694312
527.16796875,340.66796875,0.6875,-1.5707963267948966,2026-07-09 17:15:36.695280
527.85546875,339.98046875,0.9722718241315028,-0.7853981633974483,2026-07-09 17:15:36.696318
528.54296875,339.29296875,0.9722718241315028,-0.7853981633974483,2026-07-09 17:15:36.698480
529.23046875,338.60546875,0.9722718241315028,-0.7853981633974483,2026-07-09 17:15:36.699321
529.91796875,337.91796875,0.9722718241315028,-0.7853981633974483,2026-07-09 17:15:36.702476
529.91796875,337.23046875,0.6875,-1.5707963267948966,2026-07-09 17:15:36.703355
530.60546875,337.23046875,0.6875,0.0,2026-07-09 17:15:36.704317
530.60546875,336.54296875,0.6875,-1.5707963267948966,2026-07-09 17:15:36.707655
531.29296875,336.54296875,0.6875,0.0,2026-07-09 17:15:36.708056
531.29296875,335.85546875,0.6875,-1.5707963267948966,2026-07-09 17:15:36.708433
531.98046875,335.16796875,0.9722718241315028,-0.7853981633974483,2026-07-09 17:15:36.709365
532.66796875,334.48046875,0.9722718241315028,-0.7853981633974483,2026-07-09 17:15:36.711486
533.35546875,333.79296875,0.9722718241315028,-0.7853981633974483,2026-07-09 17:15:36.713333
534.04296875,333.10546875,0.9722718241315028,-0.7853981633974483,2026-07-09 17:15:36.714294
534.04296875,332.41796875,0.6875,-1.5707963267948966,2026-07-09 17:15:36.717486
534.73046875,332.41796875,0.6875,0.0,2026-07-09 17:15:36.718294
534.73046875,331.73046875,0.6875,-1.5707963267948966,2026-07-09 17:15:36.719292
535.41796875,331.73046875,0.6875,0.0,2026-07-09 17:15:36.720288
535.41796875,331.04296875,0.6875,-1.5707963267948966,2026-07-09 17:15:36.721269
536.10546875,331.04296875,0.6875,0.0,2026-07-09 17:15:36.723909
536.10546875,330.35546875,0.6875,-1.5707963267948966,2026-07-09 17:15:36.724357
536.79296875,330.35546875,0.6875,0.0,2026-07-09 17:15:36.724792
536.79296875,329.66796875,0.6875,-1.5707963267948966,2026-07-09 17:15:36.725265
537.48046875,329.66796875,0.6875,0.0,2026-07-09 17:15:36.727457
537.48046875,328.98046875,0.6875,-1.5707963267948966,2026-07-09 17:15:36.728203
538.16796875,328.29296875,0.9722718241315028,-0.7853981633974483,2026-07-09 17:15:36.729251
538.85546875,328.29296875,0.6875,0.0,2026-07-09 17:15:36.731421
538.85546875,327.60546875,0.6875,-1.5707963267948966,2026-07-09 17:15:36.732202
539.54296875,327.60546875,0.6875,0.0,2026-07-09 17:15:36.733284
539.54296875,326.91796875,0.6875,-1.5707963267948966,2026-07-09 17:15:36.734276
540.23046875,326.91796875,0.6875,0.0,2026-07-09 17:15:36.735199
540.23046875,326.23046875,0.6875,-1.5707963267948966,2026-07-09 17:15:36.736274
540.91796875,326.23046875,0.6875,0.0,2026-07-09 17:15:36.737201
540.91796875,325.54296875,0.6875,-1.5707963267948966,2026-07-09 17:15:36.740109
541.60546875,325.54296875,0.6875,0.0,2026-07-09 17:15:36.740551
542.29296875,324.85546875,0.9722718241315028,-0.7853981633974483,2026-07-09 17:15:36.741298
542.98046875,324.16796875,0.9722718241315028,-0.7853981633974483,2026-07-09 17:15:36.742272
543.66796875,323.48046875,0.9722718241315028,-0.7853981633974483,2026-07-09 17:15:36.745414
544.35546875,322.79296875,0.9722718241315028,-0.7853981633974483,2026-07-09 17:15:36.746197
545.04296875,322.79296875,0.6875,0.0,2026-07-09 17:15:36.749345
545.04296875,322.10546875,0.6875,-1.5707963267948966,2026-07-09 17:15:36.750223
545.73046875,322.10546875,0.6875,0.0,2026-07-09 17:15:36.751220
545.73046875,321.41796875,0.6875,-1.5707963267948966,2026-07-09 17:15:36.752274
546.41796875,320.73046875,0.9722718241315028,-0.7853981633974483,2026-07-09 17:15:36.753293
547.10546875,320.73046875,0.6875,0.0,2026-07-09 17:15:36.756610
547.79296875,320.04296875,0.9722718241315028,-0.7853981633974483,2026-07-09 17:15:36.757381
548.48046875,319.35546875,0.9722718241315028,-0.7853981633974483,2026-07-09 17:15:36.759426
549.16796875,318.66796875,0.9722718241315028,-0.7853981633974483,2026-07-09 17:15:36.761356
549.16796875,317.98046875,0.6875,-1.5707963267948966,2026-07-09 17:15:36.762222
549.85546875,317.98046875,0.6875,0.0,2026-07-09 17:15:36.763277
550.54296875,317.29296875,0.9722718241315028,-0.7853981633974483,2026-07-09 17:15:36.766299
551.23046875,317.29296875,0.6875,0.0,2026-07-09 17:15:36.768419
551.23046875,316.60546875,0.6875,-1.5707963267948966,2026-07-09 17:15:36.769387
551.91796875,315.91796875,0.9722718241315028,-0.7853981633974483,2026-07-09 17:15:36.770306
552.60546875,315.91796875,0.6875,0.0,2026-07-09 17:15:36.771287
552.60546875,315.23046875,0.6875,-1.5707963267948966,2026-07-09 17:15:36.773855
553.29296875,315.23046875,0.6875,0.0,2026-07-09 17:15:36.774401
553.98046875,314.54296875,0.9722718241315028,-0.7853981633974483,2026-07-09 17:15:36.775324
554.66796875,313.85546875,0.9722718241315028,-0.7853981633974483,2026-07-09 17:15:36.777389
555.35546875,313.16796875,0.9722718241315028,-0.7853981633974483,2026-07-09 17:15:36.778220
556.04296875,313.16796875,0.6875,0.0,2026-07-09 17:15:36.780318
556.04296875,312.48046875,0.6875,-1.5707963267948966,2026-07-09 17:15:36.781226
556.73046875,312.48046875,0.6875,0.0,2026-07-09 17:15:36.782218
556.73046875,311.79296875,0.6875,-1.5707963267948966,2026-07-09 17:15:36.783213
557.41796875,311.79296875,0.6875,0.0,2026-07-09 17:15:36.784293
557.41796875,311.10546875,0.6875,-1.5707963267948966,2026-07-09 17:15:36.785220
558.10546875,310.41796875,0.9722718241315028,-0.7853981633974483,2026-07-09 17:15:36.786264
558.79296875,309.73046875,0.9722718241315028,-0.7853981633974483,2026-07-09 17:15:36.790312
559.48046875,309.04296875,0.9722718241315028,-0.7853981633974483,2026-07-09 17:15:36.791311
560.16796875,309.04296875,0.6875,0.0,2026-07-09 17:15:36.793464
560.85546875,308.35546875,0.9722718241315028,-0.7853981633974483,2026-07-09 17:15:36.794280
561.54296875,307.66796875,0.9722718241315028,-0.7853981633974483,2026-07-09 17:15:36.795283
562.23046875,307.66796875,0.6875,0.0,2026-07-09 17:15:36.796290
562.23046875,306.98046875,0.6875,-1.5707963267948966,2026-07-09 17:15:36.797286
562.91796875,306.98046875,0.6875,0.0,2026-07-09 17:15:36.798264
563.60546875,306.29296875,0.9722718241315028,-0.7853981633974483,2026-07-09 17:15:36.800449
564.29296875,305.60546875,0.9722718241315028,-0.7853981633974483,2026-07-09 17:15:36.802406
564.98046875,305.60546875,0.6875,0.0,2026-07-09 17:15:36.803229
564.98046875,304.91796875,0.6875,-1.5707963267948966,2026-07-09 17:15:36.804373
565.66796875,304.91796875,0.6875,0.0,2026-07-09 17:15:36.806592
565.66796875,304.23046875,0.6875,-1.5707963267948966,2026-07-09 17:15:36.807212
566.35546875,304.23046875,0.6875,0.0,2026-07-09 17:15:36.808359
566.35546875,303.54296875,0.6875,-1.5707963267948966,2026-07-09 17:15:36.809218
567.04296875,303.54296875,0.6875,0.0,2026-07-09 17:15:36.810210
567.73046875,302.85546875,0.9722718241315028,-0.7853981633974483,2026-07-09 17:15:36.811297
567.73046875,302.16796875,0.6875,-1.5707963267948966,2026-07-09 17:15:36.812220
568.41796875,302.16796875,0.6875,0.0,2026-07-09 17:15:36.813268
568.41796875,301.48046875,0.6875,-1.5707963267948966,2026-07-09 17:15:36.814221
569.10546875,301.48046875,0.6875,0.0,2026-07-09 17:15:36.815259
569.79296875,300.79296875,0.9722718241315028,-0.7853981633974483,2026-07-09 17:15:36.817425
570.48046875,300.79296875,0.6875,0.0,2026-07-09 17:15:36.818291
570.48046875,300.10546875,0.6875,-1.5707963267948966,2026-07-09 17:15:36.819232
571.16796875,300.10546875,0.6875,0.0,2026-07-09 17:15:36.820319
571.16796875,299.41796875,0.6875,-1.5707963267948966,2026-07-09 17:15:36.821214
571.85546875,299.41796875,0.6875,0.0,2026-07-09 17:15:36.823027
572.54296875,298.73046875,0.9722718241315028,-0.7853981633974483,2026-07-09 17:15:36.824335
573.23046875,298.73046875,0.6875,0.0,2026-07-09 17:15:36.826394
573.91796875,298.04296875,0.9722718241315028,-0.7853981633974483,2026-07-09 17:15:36.827227
573.91796875,297.35546875,0.6875,-1.5707963267948966,2026-07-09 17:15:36.828277
574.60546875,297.35546875,0.6875,0.0,2026-07-09 17:15:36.830349
574.60546875,296.66796875,0.6875,-1.5707963267948966,2026-07-09 17:15:36.831236
575.29296875,296.66796875,0.6875,0.0,2026-07-09 17:15:36.832272
575.98046875,296.66796875,0.6875,0.0,2026-07-09 17:15:36.833221
575.98046875,295.98046875,0.6875,-1.5707963267948966,2026-07-09 17:15:36.834213
576.66796875,295.98046875,0.6875,0.0,2026-07-09 17:15:36.835222
577.35546875,295.29296875,0.9722718241315028,-0.7853981633974483,2026-07-09 17:15:36.836203
578.04296875,294.60546875,0.9722718241315028,-0.7853981633974483,2026-07-09 17:15:36.837267
578.73046875,294.60546875,0.6875,0.0,2026-07-09 17:15:36.840368
578.73046875,293.91796875,0.6875,-1.5707963267948966,2026-07-09 17:15:36.841299
579.41796875,293.91796875,0.6875,0.0,2026-07-09 17:15:36.842225
580.10546875,293.23046875,0.9722718241315028,-0.7853981633974483,2026-07-09 17:15:36.843250
580.79296875,292.54296875,0.9722718241315028,-0.7853981633974483,2026-07-09 17:15:36.845393
581.48046875,292.54296875,0.6875,0.0,2026-07-09 17:15:36.846209
582.16796875,291.85546875,0.9722718241315028,-0.7853981633974483,2026-07-09 17:15:36.848455
582.85546875,291.85546875,0.6875,0.0,2026-07-09 17:15:36.849364
583.54296875,291.16796875,0.9722718241315028,-0.7853981633974483,2026-07-09 17:15:36.851420
584.23046875,290.48046875,0.9722718241315028,-0.7853981633974483,2026-07-09 17:15:36.852222
584.91796875,290.48046875,0.6875,0.0,2026-07-09 17:15:36.854486
585.60546875,289.79296875,0.9722718241315028,-0.7853981633974483,2026-07-09 17:15:36.856855
586.29296875,289.79296875,0.6875,0.0,2026-07-09 17:15:36.857369
586.98046875,289.10546875,0.9722718241315028,-0.7853981633974483,2026-07-09 17:15:36.858241
587.66796875,289.10546875,0.6875,0.0,2026-07-09 17:15:36.859311
588.35546875,288.41796875,0.9722718241315028,-0.7853981633974483,2026-07-09 17:15:36.860291
589.04296875,288.41796875,0.6875,0.0,2026-07-09 17:15:36.861214
589.04296875,287.73046875,0.6875,-1.5707963267948966,2026-07-09 17:15:36.862253
589.73046875,287.73046875,0.6875,0.0,2026-07-09 17:15:36.863274
590.41796875,287.73046875,0.6875,0.0,2026-07-09 17:15:36.864225
590.41796875,287.04296875,0.6875,-1.5707963267948966,2026-07-09 17:15:36.866289
591.10546875,287.04296875,0.6875,0.0,2026-07-09 17:15:36.867211
591.79296875,286.35546875,0.9722718241315028,-0.7853981633974483,2026-07-09 17:15:36.869417
592.48046875,285.66796875,0.9722718241315028,-0.7853981633974483,2026-07-09 17:15:36.870206
593.16796875,285.66796875,0.6875,0.0,2026-07-09 17:15:36.871301
593.85546875,285.66796875,0.6875,0.0,2026-07-09 17:15:36.873090
593.85546875,284.98046875,0.6875,-1.5707963267948966,2026-07-09 17:15:36.873709
594.54296875,284.98046875,0.6875,0.0,2026-07-09 17:15:36.874250
595.23046875,284.29296875,0.9722718241315028,-0.7853981633974483,2026-07-09 17:15:36.876403
595.91796875,283.60546875,0.9722718241315028,-0.7853981633974483,2026-07-09 17:15:36.877208
596.60546875,283.60546875,0.6875,0.0,2026-07-09 17:15:36.878252
597.29296875,282.91796875,0.9722718241315028,-0.7853981633974483,2026-07-09 17:15:36.880371
597.98046875,282.91796875,0.6875,0.0,2026-07-09 17:15:36.881238
598.66796875,282.23046875,0.9722718241315028,-0.7853981633974483,2026-07-09 17:15:36.882223
599.35546875,282.23046875,0.6875,0.0,2026-07-09 17:15:36.883208
600.04296875,282.23046875,0.6875,0.0,2026-07-09 17:15:36.885437
600.73046875,281.54296875,0.9722718241315028,-0.7853981633974483,2026-07-09 17:15:36.886226
601.41796875,280.85546875,0.9722718241315028,-0.7853981633974483,2026-07-09 17:15:36.890171
602.10546875,280.85546875,0.6875,0.0,2026-07-09 17:15:36.890694
602.79296875,280.85546875,0.6875,0.0,2026-07-09 17:15:36.891315
602.79296875,280.16796875,0.6875,-1.5707963267948966,2026-07-09 17:15:36.892216
603.48046875,279.48046875,0.9722718241315028,-0.7853981633974483,2026-07-09 17:15:36.894426
604.16796875,279.48046875,0.6875,0.0,2026-07-09 17:15:36.895390
604.85546875,278.79296875,0.9722718241315028,-0.7853981633974483,2026-07-09 17:15:36.897450
605.54296875,278.79296875,0.6875,0.0,2026-07-09 17:15:36.899417
606.23046875,278.10546875,0.9722718241315028,-0.7853981633974483,2026-07-09 17:15:36.900308
606.91796875,278.10546875,0.6875,0.0,2026-07-09 17:15:36.901274
607.60546875,277.41796875,0.9722718241315028,-0.7853981633974483,2026-07-09 17:15:36.903423
608.29296875,277.41796875,0.6875,0.0,2026-07-09 17:15:36.904262
608.98046875,276.73046875,0.9722718241315028,-0.7853981633974483,2026-07-09 17:15:36.907200
609.66796875,276.73046875,0.6875,0.0,2026-07-09 17:15:36.908300
610.35546875,276.04296875,0.9722718241315028,-0.7853981633974483,2026-07-09 17:15:36.909302
611.04296875,276.04296875,0.6875,0.0,2026-07-09 17:15:36.910270
611.73046875,275.35546875,0.9722718241315028,-0.7853981633974483,2026-07-09 17:15:36.912438
613.10546875,275.35546875,1.375,0.0,2026-07-09 17:15:36.914470
613.79296875,274.66796875,0.9722718241315028,-0.7853981633974483,2026-07-09 17:15:36.915276
614.48046875,274.66796875,0.6875,0.0,2026-07-09 17:15:36.917409
615.16796875,273.98046875,0.9722718241315028,-0.7853981633974483,2026-07-09 17:15:36.918229
615.85546875,273.98046875,0.6875,0.0,2026-07-09 17:15:36.919257
616.54296875,273.29296875,0.9722718241315028,-0.7853981633974483,2026-07-09 17:15:36.923603
617.23046875,273.29296875,0.6875,0.0,2026-07-09 17:15:36.924157
617.91796875,272.60546875,0.9722718241315028,-0.7853981633974483,2026-07-09 17:15:36.924614
618.60546875,272.60546875,0.6875,0.0,2026-07-09 17:15:36.925311
619.29296875,272.60546875,0.6875,0.0,2026-07-09 17:15:36.926217
619.98046875,271.91796875,0.9722718241315028,-0.7853981633974483,2026-07-09 17:15:36.927260
620.66796875,271.91796875,0.6875,0.0,2026-07-09 17:15:36.928217
621.35546875,271.23046875,0.9722718241315028,-0.7853981633974483,2026-07-09 17:15:36.930322
622.04296875,271.23046875,0.6875,0.0,2026-07-09 17:15:36.931301
622.73046875,270.54296875,0.9722718241315028,-0.7853981633974483,2026-07-09 17:15:36.932287
623.41796875,270.54296875,0.6875,0.0,2026-07-09 17:15:36.934325
624.10546875,269.85546875,0.9722718241315028,-0.7853981633974483,2026-07-09 17:15:36.935220
624.79296875,269.85546875,0.6875,0.0,2026-07-09 17:15:36.936215
625.48046875,269.16796875,0.9722718241315028,-0.7853981633974483,2026-07-09 17:15:36.937233
626.85546875,269.16796875,1.375,0.0,2026-07-09 17:15:36.940422
627.54296875,268.48046875,0.9722718241315028,-0.7853981633974483,2026-07-09 17:15:36.941251
628.23046875,268.48046875,0.6875,0.0,2026-07-09 17:15:36.942249
628.91796875,267.79296875,0.9722718241315028,-0.7853981633974483,2026-07-09 17:15:36.943315
629.60546875,267.79296875,0.6875,0.0,2026-07-09 17:15:36.944314
630.29296875,267.79296875,0.6875,0.0,2026-07-09 17:15:36.945207
630.98046875,267.10546875,0.9722718241315028,-0.7853981633974483,2026-07-09 17:15:36.946223
631.66796875,267.10546875,0.6875,0.0,2026-07-09 17:15:36.947283
632.35546875,267.10546875,0.6875,0.0,2026-07-09 17:15:36.949349
632.35546875,266.41796875,0.6875,-1.5707963267948966,2026-07-09 17:15:36.950217
633.04296875,266.41796875,0.6875,0.0,2026-07-09 17:15:36.951269
633.73046875,265.73046875,0.9722718241315028,-0.7853981633974483,2026-07-09 17:15:36.952306
634.41796875,265.73046875,0.6875,0.0,2026-07-09 17:15:36.954376
635.10546875,265.04296875,0.9722718241315028,-0.7853981633974483,2026-07-09 17:15:36.956325
635.79296875,265.04296875,0.6875,0.0,2026-07-09 17:15:36.957251
636.48046875,264.35546875,0.9722718241315028,-0.7853981633974483,2026-07-09 17:15:36.958296
637.16796875,264.35546875,0.6875,0.0,2026-07-09 17:15:36.959209
637.85546875,264.35546875,0.6875,0.0,2026-07-09 17:15:36.960310
638.54296875,263.66796875,0.9722718241315028,-0.7853981633974483,2026-07-09 17:15:36.961214
639.23046875,263.66796875,0.6875,0.0,2026-07-09 17:15:36.962271
639.91796875,262.98046875,0.9722718241315028,-0.7853981633974483,2026-07-09 17:15:36.963216
640.60546875,262.98046875,0.6875,0.0,2026-07-09 17:15:36.966417
641.29296875,262.29296875,0.9722718241315028,-0.7853981633974483,2026-07-09 17:15:36.967284
641.98046875,262.29296875,0.6875,0.0,2026-07-09 17:15:36.969407
642.66796875,261.60546875,0.9722718241315028,-0.7853981633974483,2026-07-09 17:15:36.970400
644.04296875,261.60546875,1.375,0.0,2026-07-09 17:15:36.973986
644.73046875,260.91796875,0.9722718241315028,-0.7853981633974483,2026-07-09 17:15:36.974503
645.41796875,260.91796875,0.6875,0.0,2026-07-09 17:15:36.974982
646.10546875,260.23046875,0.9722718241315028,-0.7853981633974483,2026-07-09 17:15:36.976388
646.79296875,260.23046875,0.6875,0.0,2026-07-09 17:15:36.978424
648.16796875,259.54296875,1.5372967345311055,-0.4636476090008061,2026-07-09 17:15:36.979300
648.85546875,259.54296875,0.6875,0.0,2026-07-09 17:15:36.981437
649.54296875,258.85546875,0.9722718241315028,-0.7853981633974483,2026-07-09 17:15:36.982271
650.23046875,258.85546875,0.6875,0.0,2026-07-09 17:15:36.983260
650.91796875,258.85546875,0.6875,0.0,2026-07-09 17:15:36.984260
651.60546875,258.16796875,0.9722718241315028,-0.7853981633974483,2026-07-09 17:15:36.985270
652.29296875,258.16796875,0.6875,0.0,2026-07-09 17:15:36.986287
652.98046875,258.16796875,0.6875,0.0,2026-07-09 17:15:36.987260
653.66796875,257.48046875,0.9722718241315028,-0.7853981633974483,2026-07-09 17:15:36.989809
654.35546875,257.48046875,0.6875,0.0,2026-07-09 17:15:36.990408
655.04296875,256.79296875,0.9722718241315028,-0.7853981633974483,2026-07-09 17:15:36.991268
655.73046875,256.79296875,0.6875,0.0,2026-07-09 17:15:36.993479
656.41796875,256.10546875,0.9722718241315028,-0.7853981633974483,2026-07-09 17:15:36.994284
657.10546875,256.10546875,0.6875,0.0,2026-07-09 17:15:36.997426
657.79296875,255.41796875,0.9722718241315028,-0.7853981633974483,2026-07-09 17:15:36.999444
658.48046875,255.41796875,0.6875,0.0,2026-07-09 17:15:37.000293
659.16796875,255.41796875,0.6875,0.0,2026-07-09 17:15:37.001284
659.85546875,254.73046875,0.9722718241315028,-0.7853981633974483,2026-07-09 17:15:37.002322
660.54296875,254.73046875,0.6875,0.0,2026-07-09 17:15:37.003331
661.23046875,254.73046875,0.6875,0.0,2026-07-09 17:15:37.004276
661.91796875,254.73046875,0.6875,0.0,2026-07-09 17:15:37.007410
661.91796875,254.04296875,0.6875,-1.5707963267948966,2026-07-09 17:15:37.007831
662.60546875,254.04296875,0.6875,0.0,2026-07-09 17:15:37.008317
663.29296875,254.04296875,0.6875,0.0,2026-07-09 17:15:37.009292
663.98046875,253.35546875,0.9722718241315028,-0.7853981633974483,2026-07-09 17:15:37.011422
664.66796875,253.35546875,0.6875,0.0,2026-07-09 17:15:37.012277
665.35546875,253.35546875,0.6875,0.0,2026-07-09 17:15:37.013312
666.04296875,252.66796875,0.9722718241315028,-0.7853981633974483,2026-07-09 17:15:37.015458
666.73046875,252.66796875,0.6875,0.0,2026-07-09 17:15:37.016317
667.41796875,252.66796875,0.6875,0.0,2026-07-09 17:15:37.017291
668.10546875,251.98046875,0.9722718241315028,-0.7853981633974483,2026-07-09 17:15:37.018293
668.79296875,251.98046875,0.6875,0.0,2026-07-09 17:15:37.021310
669.48046875,251.98046875,0.6875,0.0,2026-07-09 17:15:37.024232
669.48046875,251.29296875,0.6875,-1.5707963267948966,2026-07-09 17:15:37.024699
670.16796875,251.29296875,0.6875,0.0,2026-07-09 17:15:37.026468
670.85546875,251.29296875,0.6875,0.0,2026-07-09 17:15:37.027268
671.54296875,250.60546875,0.9722718241315028,-0.7853981633974483,2026-07-09 17:15:37.028292
672.23046875,250.60546875,0.6875,0.0,2026-07-09 17:15:37.029289
672.91796875,250.60546875,0.6875,0.0,2026-07-09 17:15:37.031342
673.60546875,250.60546875,0.6875,0.0,2026-07-09 17:15:37.032307
674.29296875,249.91796875,0.9722718241315028,-0.7853981633974483,2026-07-09 17:15:37.033258
674.98046875,249.91796875,0.6875,0.0,2026-07-09 17:15:37.035501
675.66796875,249.23046875,0.9722718241315028,-0.7853981633974483,2026-07-09 17:15:37.037466
676.35546875,249.23046875,0.6875,0.0,2026-07-09 17:15:37.040737
677.04296875,249.23046875,0.6875,0.0,2026-07-09 17:15:37.041303
677.73046875,249.23046875,0.6875,0.0,2026-07-09 17:15:37.043482
678.41796875,248.54296875,0.9722718241315028,-0.7853981633974483,2026-07-09 17:15:37.044342
679.10546875,248.54296875,0.6875,0.0,2026-07-09 17:15:37.045320
679.79296875,248.54296875,0.6875,0.0,2026-07-09 17:15:37.047466
680.48046875,248.54296875,0.6875,0.0,2026-07-09 17:15:37.048248
681.16796875,248.54296875,0.6875,0.0,2026-07-09 17:15:37.049328
681.16796875,247.85546875,0.6875,-1.5707963267948966,2026-07-09 17:15:37.050318
681.85546875,247.85546875,0.6875,0.0,2026-07-09 17:15:37.051287
682.54296875,247.85546875,0.6875,0.0,2026-07-09 17:15:37.053517
683.23046875,247.85546875,0.6875,0.0,2026-07-09 17:15:37.054474
683.91796875,247.85546875,0.6875,0.0,2026-07-09 17:15:37.057550
683.91796875,247.16796875,0.6875,-1.5707963267948966,2026-07-09 17:15:37.057980
684.60546875,247.16796875,0.6875,0.0,2026-07-09 17:15:37.058387
685.29296875,247.16796875,0.6875,0.0,2026-07-09 17:15:37.060446
685.98046875,247.16796875,0.6875,0.0,2026-07-09 17:15:37.061328
686.66796875,247.16796875,0.6875,0.0,2026-07-09 17:15:37.063389
687.35546875,246.48046875,0.9722718241315028,-0.7853981633974483,2026-07-09 17:15:37.064269
688.04296875,246.48046875,0.6875,0.0,2026-07-09 17:15:37.067451
689.41796875,246.48046875,1.375,0.0,2026-07-09 17:15:37.069374
690.10546875,246.48046875,0.6875,0.0,2026-07-09 17:15:37.070326
690.79296875,246.48046875,0.6875,0.0,2026-07-09 17:15:37.074962
691.48046875,246.48046875,0.6875,0.0,2026-07-09 17:15:37.075359
692.16796875,246.48046875,0.6875,0.0,2026-07-09 17:15:37.075842
692.85546875,245.79296875,0.9722718241315028,-0.7853981633974483,2026-07-09 17:15:37.076268
693.54296875,245.79296875,0.6875,0.0,2026-07-09 17:15:37.076696
694.23046875,245.79296875,0.6875,0.0,2026-07-09 17:15:37.077488
694.91796875,245.79296875,0.6875,0.0,2026-07-09 17:15:37.080494
695.60546875,245.79296875,0.6875,0.0,2026-07-09 17:15:37.081455
696.29296875,245.79296875,0.6875,0.0,2026-07-09 17:15:37.082370
696.98046875,245.79296875,0.6875,0.0,2026-07-09 17:15:37.083267
697.66796875,245.79296875,0.6875,0.0,2026-07-09 17:15:37.085498
698.35546875,245.79296875,0.6875,0.0,2026-07-09 17:15:37.086253
699.04296875,245.79296875,0.6875,0.0,2026-07-09 17:15:37.091580
699.73046875,245.79296875,0.6875,0.0,2026-07-09 17:15:37.091982
700.41796875,245.10546875,0.9722718241315028,-0.7853981633974483,2026-07-09 17:15:37.092357
701.10546875,245.10546875,0.6875,0.0,2026-07-09 17:15:37.092761
701.79296875,245.10546875,0.6875,0.0,2026-07-09 17:15:37.094520
702.48046875,245.10546875,0.6875,0.0,2026-07-09 17:15:37.095426
703.16796875,245.10546875,0.6875,0.0,2026-07-09 17:15:37.097559
703.85546875,245.10546875,0.6875,0.0,2026-07-09 17:15:37.098273
704.54296875,245.10546875,0.6875,0.0,2026-07-09 17:15:37.100540
705.23046875,245.10546875,0.6875,0.0,2026-07-09 17:15:37.102513
705.91796875,245.10546875,0.6875,0.0,2026-07-09 17:15:37.103258
706.60546875,245.10546875,0.6875,0.0,2026-07-09 17:15:37.104459
707.29296875,245.10546875,0.6875,0.0,2026-07-09 17:15:37.107567
707.98046875,245.10546875,0.6875,0.0,2026-07-09 17:15:37.109499
708.66796875,244.41796875,0.9722718241315028,-0.7853981633974483,2026-07-09 17:15:37.111450
709.35546875,244.41796875,0.6875,0.0,2026-07-09 17:15:37.113346
710.04296875,244.41796875,0.6875,0.0,2026-07-09 17:15:37.114410
710.73046875,244.41796875,0.6875,0.0,2026-07-09 17:15:37.116522
711.41796875,244.41796875,0.6875,0.0,2026-07-09 17:15:37.118502
712.10546875,244.41796875,0.6875,0.0,2026-07-09 17:15:37.120511
712.79296875,244.41796875,0.6875,0.0,2026-07-09 17:15:37.124108
713.48046875,244.41796875,0.6875,0.0,2026-07-09 17:15:37.124580
714.16796875,244.41796875,0.6875,0.0,2026-07-09 17:15:37.126528
714.85546875,244.41796875,0.6875,0.0,2026-07-09 17:15:37.128531
715.54296875,244.41796875,0.6875,0.0,2026-07-09 17:15:37.129456
716.23046875,244.41796875,0.6875,0.0,2026-07-09 17:15:37.131648
716.91796875,244.41796875,0.6875,0.0,2026-07-09 17:15:37.132521
717.60546875,244.41796875,0.6875,0.0,2026-07-09 17:15:37.135718
718.98046875,244.41796875,1.375,0.0,2026-07-09 17:15:37.137668
719.66796875,244.41796875,0.6875,0.0,2026-07-09 17:15:37.141925
720.35546875,244.41796875,0.6875,0.0,2026-07-09 17:15:37.142315
721.04296875,244.41796875,0.6875,0.0,2026-07-09 17:15:37.142684
721.73046875,244.41796875,0.6875,0.0,2026-07-09 17:15:37.143074
722.41796875,244.41796875,0.6875,0.0,2026-07-09 17:15:37.143457
723.10546875,244.41796875,0.6875,0.0,2026-07-09 17:15:37.144463
723.79296875,244.41796875,0.6875,0.0,2026-07-09 17:15:37.147504
724.48046875,244.41796875,0.6875,0.0,2026-07-09 17:15:37.148470
725.16796875,244.41796875,0.6875,0.0,2026-07-09 17:15:37.149424
725.85546875,244.41796875,0.6875,0.0,2026-07-09 17:15:37.150266
726.54296875,244.41796875,0.6875,0.0,2026-07-09 17:15:37.151351
727.23046875,244.41796875,0.6875,0.0,2026-07-09 17:15:37.152446
727.91796875,244.41796875,0.6875,0.0,2026-07-09 17:15:37.158247
728.60546875,244.41796875,0.6875,0.0,2026-07-09 17:15:37.158636
729.29296875,244.41796875,0.6875,0.0,2026-07-09 17:15:37.159009
729.98046875,244.41796875,0.6875,0.0,2026-07-09 17:15:37.159391
730.66796875,244.41796875,0.6875,0.0,2026-07-09 17:15:37.159789
731.35546875,244.41796875,0.6875,0.0,2026-07-09 17:15:37.161598
732.04296875,244.41796875,0.6875,0.0,2026-07-09 17:15:37.163505
732.73046875,244.41796875,0.6875,0.0,2026-07-09 17:15:37.164462
733.41796875,244.41796875,0.6875,0.0,2026-07-09 17:15:37.165450
734.10546875,244.41796875,0.6875,0.0,2026-07-09 17:15:37.167509
734.79296875,244.41796875,0.6875,0.0,2026-07-09 17:15:37.168285
735.48046875,244.41796875,0.6875,0.0,2026-07-09 17:15:37.170268
736.16796875,244.41796875,0.6875,0.0,2026-07-09 17:15:37.174939
736.85546875,244.41796875,0.6875,0.0,2026-07-09 17:15:37.175360
737.54296875,244.41796875,0.6875,0.0,2026-07-09 17:15:37.175744
738.23046875,244.41796875,0.6875,0.0,2026-07-09 17:15:37.177502
738.91796875,244.41796875,0.6875,0.0,2026-07-09 17:15:37.180367
739.60546875,244.41796875,0.6875,0.0,2026-07-09 17:15:37.181276
740.29296875,244.41796875,0.6875,0.0,2026-07-09 17:15:37.184537
740.98046875,244.41796875,0.6875,0.0,2026-07-09 17:15:37.186474
741.66796875,244.41796875,0.6875,0.0,2026-07-09 17:15:37.191249
742.35546875,244.41796875,0.6875,0.0,2026-07-09 17:15:37.194613
743.04296875,244.41796875,0.6875,0.0,2026-07-09 17:15:37.198499
743.73046875,243.73046875,0.9722718241315028,-0.7853981633974483,2026-07-09 17:15:37.201544
744.41796875,243.73046875,0.6875,0.0,2026-07-09 17:15:37.208115
745.10546875,243.73046875,0.6875,0.0,2026-07-09 17:15:37.208723
745.79296875,243.73046875,0.6875,0.0,2026-07-09 17:15:37.211572
746.48046875,243.73046875,0.6875,0.0,2026-07-09 17:15:37.214593
747.16796875,243.04296875,0.9722718241315028,-0.7853981633974483,2026-07-09 17:15:37.215292
747.85546875,243.04296875,0.6875,0.0,2026-07-09 17:15:37.217493
748.54296875,243.04296875,0.6875,0.0,2026-07-09 17:15:37.225004
749.23046875,243.04296875,0.6875,0.0,2026-07-09 17:15:37.225593
749.23046875,242.35546875,0.6875,-1.5707963267948966,2026-07-09 17:15:37.226348
749.91796875,242.35546875,0.6875,0.0,2026-07-09 17:15:37.227377
750.60546875,242.35546875,0.6875,0.0,2026-07-09 17:15:37.230393
751.29296875,242.35546875,0.6875,0.0,2026-07-09 17:15:37.233559
751.29296875,241.66796875,0.6875,-1.5707963267948966,2026-07-09 17:15:37.234307
751.98046875,241.66796875,0.6875,0.0,2026-07-09 17:15:37.237541
752.66796875,241.66796875,0.6875,0.0,2026-07-09 17:15:37.241437
753.35546875,241.66796875,0.6875,0.0,2026-07-09 17:15:37.245602
753.35546875,240.98046875,0.6875,-1.5707963267948966,2026-07-09 17:15:37.247642
754.04296875,240.98046875,0.6875,0.0,2026-07-09 17:15:37.250788
754.73046875,240.98046875,0.6875,0.0,2026-07-09 17:15:37.258610
754.73046875,240.29296875,0.6875,-1.5707963267948966,2026-07-09 17:15:37.262671
