x,y,Magnitude,Direction,time
737.1875,453.203125,0.6875,0.0,2026-07-09 17:18:02.503849
737.875,453.203125,0.6875,0.0,2026-07-09 17:18:02.507714
738.5625,453.203125,0.6875,0.0,2026-07-09 17:18:02.508852
739.25,453.203125,0.6875,0.0,2026-07-09 17:18:02.509507
739.9375,453.203125,0.6875,0.0,2026-07-09 17:18:02.510376
740.625,453.203125,0.6875,0.0,2026-07-09 17:18:02.511084
741.3125,453.203125,0.6875,0.0,2026-07-09 17:18:02.511695
742.0,453.203125,0.6875,0.0,2026-07-09 17:18:02.512258
742.6875,453.203125,0.6875,0.0,2026-07-09 17:18:02.512762
743.375,453.203125,0.6875,0.0,2026-07-09 17:18:02.513246
744.0625,453.203125,0.6875,0.0,2026-07-09 17:18:02.513881
744.75,453.203125,0.6875,0.0,2026-07-09 17:18:02.514456
745.4375,453.890625,0.9722718241315028,0.7853981633974483,2026-07-09 17:18:02.515001
746.125,453.890625,0.6875,0.0,2026-07-09 17:18:02.515489
747.5,453.890625,1.375,0.0,2026-07-09 17:18:02.515979
748.1875,453.890625,0.6875,0.0,2026-07-09 17:18:02.516468
748.875,453.890625,0.6875,0.0,2026-07-09 17:18:02.517125
750.25,453.890625,1.375,0.0,2026-07-09 17:18:02.518248
751.625,453.890625,1.375,0.0,2026-07-09 17:18:02.522017
752.3125,453.890625,0.6875,0.0,2026-07-09 17:18:02.522457
753.6875,453.890625,1.375,0.0,2026-07-09 17:18:02.523029
754.375,453.890625,0.6875,0.0,2026-07-09 17:18:02.523538
755.0625,453.890625,0.6875,0.0,2026-07-09 17:18:02.524018
756.4375,453.890625,1.375,0.0,2026-07-09 17:18:02.524434
757.125,453.890625,0.6875,0.0,2026-07-09 17:18:02.525126
758.5,454.578125,1.5372967345311055,0.4636476090008061,2026-07-09 17:18:02.526181
759.875,454.578125,1.375,0.0,2026-07-09 17:18:02.527152
760.5625,454.578125,0.6875,0.0,2026-07-09 17:18:02.528202
761.9375,454.578125,1.375,0.0,2026-07-09 17:18:02.529205
762.625,454.578125,0.6875,0.0,2026-07-09 17:18:02.530181
764.6875,454.578125,2.0625,0.0,2026-07-09 17:18:02.531204
765.375,454.578125,0.6875,0.0,2026-07-09 17:18:02.532143
766.75,454.578125,1.375,0.0,2026-07-09 17:18:02.533145
768.125,454.578125,1.375,0.0,2026-07-09 17:18:02.534164
768.8125,455.265625,0.9722718241315028,0.7853981633974483,2026-07-09 17:18:02.535162
770.1875,455.265625,1.375,0.0,2026-07-09 17:18:02.538259
772.25,455.265625,2.0625,0.0,2026-07-09 17:18:02.538662
772.9375,455.265625,0.6875,0.0,2026-07-09 17:18:02.539040
774.3125,455.265625,1.375,0.0,2026-07-09 17:18:02.539431
775.6875,455.265625,1.375,0.0,2026-07-09 17:18:02.540147
777.0625,455.265625,1.375,0.0,2026-07-09 17:18:02.541172
778.4375,455.265625,1.375,0.0,2026-07-09 17:18:02.542161
779.8125,455.265625,1.375,0.0,2026-07-09 17:18:02.543166
781.1875,455.953125,1.5372967345311055,0.4636476090008061,2026-07-09 17:18:02.544149
783.25,455.953125,2.0625,0.0,2026-07-09 17:18:02.545166
784.625,455.953125,1.375,0.0,2026-07-09 17:18:02.546147
786.0,455.953125,1.375,0.0,2026-07-09 17:18:02.547160
787.375,455.953125,1.375,0.0,2026-07-09 17:18:02.548154
788.75,455.953125,1.375,0.0,2026-07-09 17:18:02.549146
790.125,455.953125,1.375,0.0,2026-07-09 17:18:02.550164
792.1875,455.953125,2.0625,0.0,2026-07-09 17:18:02.551150
793.5625,455.953125,1.375,0.0,2026-07-09 17:18:02.552197
794.9375,456.640625,1.5372967345311055,0.4636476090008061,2026-07-09 17:18:02.555349
797.0,456.640625,2.0625,0.0,2026-07-09 17:18:02.555780
798.375,456.640625,1.375,0.0,2026-07-09 17:18:02.556134
799.75,456.640625,1.375,0.0,2026-07-09 17:18:02.556489
801.8125,456.640625,2.0625,0.0,2026-07-09 17:18:02.557162
803.1875,457.328125,1.5372967345311055,0.4636476090008061,2026-07-09 17:18:02.558167
805.25,457.328125,2.0625,0.0,2026-07-09 17:18:02.559159
807.3125,457.328125,2.0625,0.0,2026-07-09 17:18:02.560155
808.6875,457.328125,1.375,0.0,2026-07-09 17:18:02.561179
810.75,457.328125,2.0625,0.0,2026-07-09 17:18:02.562205
812.8125,458.015625,2.174065891365761,0.3217505543966422,2026-07-09 17:18:02.563190
814.875,458.015625,2.0625,0.0,2026-07-09 17:18:02.564186
816.25,458.015625,1.375,0.0,2026-07-09 17:18:02.565130
818.3125,458.015625,2.0625,0.0,2026-07-09 17:18:02.566142
820.375,458.703125,2.174065891365761,0.3217505543966422,2026-07-09 17:18:02.567187
822.4375,458.703125,2.0625,0.0,2026-07-09 17:18:02.568178
824.5,458.703125,2.0625,0.0,2026-07-09 17:18:02.572017
826.5625,458.703125,2.0625,0.0,2026-07-09 17:18:02.572382
828.625,458.703125,2.0625,0.0,2026-07-09 17:18:02.572728
830.0,459.390625,1.5372967345311055,0.4636476090008061,2026-07-09 17:18:02.573080
831.375,459.390625,1.375,0.0,2026-07-09 17:18:02.573437
834.125,459.390625,2.75,0.0,2026-07-09 17:18:02.574178
836.1875,459.390625,2.0625,0.0,2026-07-09 17:18:02.575173
838.25,460.078125,2.174065891365761,0.3217505543966422,2026-07-09 17:18:02.576175
840.3125,460.078125,2.0625,0.0,2026-07-09 17:18:02.577169
842.375,460.078125,2.0625,0.0,2026-07-09 17:18:02.578179
845.125,460.078125,2.75,0.0,2026-07-09 17:18:02.579192
846.5,460.078125,1.375,0.0,2026-07-09 17:18:02.580183
848.5625,460.078125,2.0625,0.0,2026-07-09 17:18:02.581199
850.625,460.765625,2.174065891365761,0.3217505543966422,2026-07-09 17:18:02.582229
853.375,460.765625,2.75,0.0,2026-07-09 17:18:02.583220
855.4375,460.765625,2.0625,0.0,2026-07-09 17:18:02.584200
858.1875,460.765625,2.75,0.0,2026-07-09 17:18:02.585204
859.5625,461.453125,1.5372967345311055,0.4636476090008061,2026-07-09 17:18:02.588693
861.625,461.453125,2.0625,0.0,2026-07-09 17:18:02.589041
864.375,461.453125,2.75,0.0,2026-07-09 17:18:02.589381
866.4375,461.453125,2.0625,0.0,2026-07-09 17:18:02.589730
868.5,462.140625,2.174065891365761,0.3217505543966422,2026-07-09 17:18:02.590176
871.25,462.140625,2.75,0.0,2026-07-09 17:18:02.591131
874.0,462.140625,2.75,0.0,2026-07-09 17:18:02.592140
876.75,462.140625,2.75,0.0,2026-07-09 17:18:02.593143
879.5,462.828125,2.834635117612142,0.24497866312686414,2026-07-09 17:18:02.594338
881.5625,462.828125,2.0625,0.0,2026-07-09 17:18:02.595138
883.625,462.828125,2.0625,0.0,2026-07-09 17:18:02.596265
886.375,462.828125,2.75,0.0,2026-07-09 17:18:02.597086
889.125,463.515625,2.834635117612142,0.24497866312686414,2026-07-09 17:18:02.598266
891.875,463.515625,2.75,0.0,2026-07-09 17:18:02.599083
893.9375,463.515625,2.0625,0.0,2026-07-09 17:18:02.600149
896.6875,463.515625,2.75,0.0,2026-07-09 17:18:02.601093
898.75,464.203125,2.174065891365761,0.3217505543966422,2026-07-09 17:18:02.602299
901.5,464.203125,2.75,0.0,2026-07-09 17:18:02.604412
904.25,464.203125,2.75,0.0,2026-07-09 17:18:02.604917
907.0,464.203125,2.75,0.0,2026-07-09 17:18:02.605355
909.0625,464.203125,2.0625,0.0,2026-07-09 17:18:02.606085
911.8125,464.890625,2.834635117612142,0.24497866312686414,2026-07-09 17:18:02.607183
914.5625,464.890625,2.75,0.0,2026-07-09 17:18:02.608072
917.3125,464.890625,2.75,0.0,2026-07-09 17:18:02.609298
920.0625,464.890625,2.75,0.0,2026-07-09 17:18:02.610075
922.8125,464.890625,2.75,0.0,2026-07-09 17:18:02.611221
925.5625,465.578125,2.834635117612142,0.24497866312686414,2026-07-09 17:18:02.612165
928.3125,465.578125,2.75,0.0,2026-07-09 17:18:02.613179
931.0625,465.578125,2.75,0.0,2026-07-09 17:18:02.614080
933.8125,465.578125,2.75,0.0,2026-07-09 17:18:02.615250
936.5625,466.265625,2.834635117612142,0.24497866312686414,2026-07-09 17:18:02.616159
938.625,466.265625,2.0625,0.0,2026-07-09 17:18:02.617147
941.375,466.265625,2.75,0.0,2026-07-09 17:18:02.618152
944.125,466.265625,2.75,0.0,2026-07-09 17:18:02.620651
946.875,466.953125,2.834635117612142,0.24497866312686414,2026-07-09 17:18:02.621203
949.625,466.953125,2.75,0.0,2026-07-09 17:18:02.621631
952.375,466.953125,2.75,0.0,2026-07-09 17:18:02.622099
955.8125,466.953125,3.4375,0.0,2026-07-09 17:18:02.623154
958.5625,466.953125,2.75,0.0,2026-07-09 17:18:02.624080
961.3125,467.640625,2.834635117612142,0.24497866312686414,2026-07-09 17:18:02.625142
964.0625,467.640625,2.75,0.0,2026-07-09 17:18:02.626158
966.8125,467.640625,2.75,0.0,2026-07-09 17:18:02.627163
969.5625,467.640625,2.75,0.0,2026-07-09 17:18:02.628170
973.0,467.640625,3.4375,0.0,2026-07-09 17:18:02.629153
975.75,468.328125,2.834635117612142,0.24497866312686414,2026-07-09 17:18:02.630100
978.5,468.328125,2.75,0.0,2026-07-09 17:18:02.631148
981.25,468.328125,2.75,0.0,2026-07-09 17:18:02.632138
984.6875,468.328125,3.4375,0.0,2026-07-09 17:18:02.633081
987.4375,468.328125,2.75,0.0,2026-07-09 17:18:02.634146
990.875,469.015625,3.5055759155950397,0.19739555984988075,2026-07-09 17:18:02.635151
992.9375,469.015625,2.0625,0.0,2026-07-09 17:18:02.637546
995.6875,469.015625,2.75,0.0,2026-07-09 17:18:02.637967
999.125,469.015625,3.4375,0.0,2026-07-09 17:18:02.638416
1002.5625,469.015625,3.4375,0.0,2026-07-09 17:18:02.639147
1005.3125,469.703125,2.834635117612142,0.24497866312686414,2026-07-09 17:18:02.640145
1008.0625,469.703125,2.75,0.0,2026-07-09 17:18:02.641151
1010.8125,469.703125,2.75,0.0,2026-07-09 17:18:02.642142
1014.25,469.703125,3.4375,0.0,2026-07-09 17:18:02.643074
1017.0,470.390625,2.834635117612142,0.24497866312686414,2026-07-09 17:18:02.644157
1019.75,470.390625,2.75,0.0,2026-07-09 17:18:02.645097
1022.5,470.390625,2.75,0.0,2026-07-09 17:18:02.646250
1025.25,471.078125,2.834635117612142,0.24497866312686414,2026-07-09 17:18:02.647101
1028.6875,471.078125,3.4375,0.0,2026-07-09 17:18:02.648137
1031.4375,471.078125,2.75,0.0,2026-07-09 17:18:02.649143
1034.875,471.078125,3.4375,0.0,2026-07-09 17:18:02.650100
1038.3125,471.078125,3.4375,0.0,2026-07-09 17:18:02.651267
1041.0625,471.078125,2.75,0.0,2026-07-09 17:18:02.652216
1043.8125,471.765625,2.834635117612142,0.24497866312686414,2026-07-09 17:18:02.654203
1047.25,471.765625,3.4375,0.0,2026-07-09 17:18:02.654750
1050.0,472.453125,2.834635117612142,0.24497866312686414,2026-07-09 17:18:02.655177
1053.4375,472.453125,3.4375,0.0,2026-07-09 17:18:02.656091
1056.875,472.453125,3.4375,0.0,2026-07-09 17:18:02.657241
1060.3125,472.453125,3.4375,0.0,2026-07-09 17:18:02.658105
1063.0625,473.140625,2.834635117612142,0.24497866312686414,2026-07-09 17:18:02.659143
1066.5,473.140625,3.4375,0.0,2026-07-09 17:18:02.660178
1069.25,473.140625,2.75,0.0,2026-07-09 17:18:02.661080
1072.6875,473.828125,3.5055759155950397,0.19739555984988075,2026-07-09 17:18:02.662237
1075.4375,473.828125,2.75,0.0,2026-07-09 17:18:02.663122
1078.875,473.828125,3.4375,0.0,2026-07-09 17:18:02.664094
1082.3125,473.828125,3.4375,0.0,2026-07-09 17:18:02.665132
1085.75,473.828125,3.4375,0.0,2026-07-09 17:18:02.666158
1088.5,474.515625,2.834635117612142,0.24497866312686414,2026-07-09 17:18:02.667147
1091.9375,474.515625,3.4375,0.0,2026-07-09 17:18:02.668150
1094.6875,474.515625,2.75,0.0,2026-07-09 17:18:02.670667
1098.125,474.515625,3.4375,0.0,2026-07-09 17:18:02.671212
1100.875,474.515625,2.75,0.0,2026-07-09 17:18:02.671629
1104.3125,474.515625,3.4375,0.0,2026-07-09 17:18:02.672188
1107.75,474.515625,3.4375,0.0,2026-07-09 17:18:02.673147
1111.1875,475.203125,3.5055759155950397,0.19739555984988075,2026-07-09 17:18:02.674081
1113.9375,475.203125,2.75,0.0,2026-07-09 17:18:02.675150
1117.375,475.203125,3.4375,0.0,2026-07-09 17:18:02.676191
1120.8125,475.203125,3.4375,0.0,2026-07-09 17:18:02.677171
1123.5625,475.890625,2.834635117612142,0.24497866312686414,2026-07-09 17:18:02.678161
1127.0,475.890625,3.4375,0.0,2026-07-09 17:18:02.679166
1129.75,475.890625,2.75,0.0,2026-07-09 17:18:02.680140
1133.1875,475.890625,3.4375,0.0,2026-07-09 17:18:02.681168
1136.625,475.890625,3.4375,0.0,2026-07-09 17:18:02.682117
1140.0625,476.578125,3.5055759155950397,0.19739555984988075,2026-07-09 17:18:02.683242
1143.5,476.578125,3.4375,0.0,2026-07-09 17:18:02.684087
1146.25,476.578125,2.75,0.0,2026-07-09 17:18:02.685246
1149.6875,477.265625,3.5055759155950397,0.19739555984988075,2026-07-09 17:18:02.687332
1153.125,477.265625,3.4375,0.0,2026-07-09 17:18:02.687794
1155.875,477.265625,2.75,0.0,2026-07-09 17:18:02.688250
1159.3125,477.265625,3.4375,0.0,2026-07-09 17:18:02.689169
1162.0625,477.265625,2.75,0.0,2026-07-09 17:18:02.690144
1165.5,477.265625,3.4375,0.0,2026-07-09 17:18:02.691135
1168.9375,477.265625,3.4375,0.0,2026-07-09 17:18:02.692170
1172.375,477.953125,3.5055759155950397,0.19739555984988075,2026-07-09 17:18:02.693141
1175.125,477.953125,2.75,0.0,2026-07-09 17:18:02.694141
1177.875,477.953125,2.75,0.0,2026-07-09 17:18:02.695171
1181.3125,477.953125,3.4375,0.0,2026-07-09 17:18:02.696128
1184.75,477.953125,3.4375,0.0,2026-07-09 17:18:02.697174
1188.1875,477.953125,3.4375,0.0,2026-07-09 17:18:02.698147
1191.625,477.953125,3.4375,0.0,2026-07-09 17:18:02.699140
1195.0625,477.953125,3.4375,0.0,2026-07-09 17:18:02.700137
1198.5,478.640625,3.5055759155950397,0.19739555984988075,2026-07-09 17:18:02.701251
1201.25,478.640625,2.75,0.0,2026-07-09 17:18:02.702091
1204.6875,478.640625,3.4375,0.0,2026-07-09 17:18:02.704065
1208.125,478.640625,3.4375,0.0,2026-07-09 17:18:02.704715
1211.5625,478.640625,3.4375,0.0,2026-07-09 17:18:02.705244
1215.0,478.640625,3.4375,0.0,2026-07-09 17:18:02.706155
1218.4375,479.328125,3.5055759155950397,0.19739555984988075,2026-07-09 17:18:02.707153
1221.1875,479.328125,2.75,0.0,2026-07-09 17:18:02.708075
1224.625,479.328125,3.4375,0.0,2026-07-09 17:18:02.709143
1228.0625,479.328125,3.4375,0.0,2026-07-09 17:18:02.710155
1231.5,479.328125,3.4375,0.0,2026-07-09 17:18:02.711135
1234.9375,479.328125,3.4375,0.0,2026-07-09 17:18:02.712214
1237.6875,480.015625,2.834635117612142,0.24497866312686414,2026-07-09 17:18:02.713173
1241.125,480.015625,3.4375,0.0,2026-07-09 17:18:02.714139
1244.5625,480.015625,3.4375,0.0,2026-07-09 17:18:02.715136
1248.0,480.015625,3.4375,0.0,2026-07-09 17:18:02.716067
1250.75,480.015625,2.75,0.0,2026-07-09 17:18:02.717134
1254.1875,480.015625,3.4375,0.0,2026-07-09 17:18:02.718074
1257.625,480.703125,3.5055759155950397,0.19739555984988075,2026-07-09 17:18:02.720912
1261.0625,480.703125,3.4375,0.0,2026-07-09 17:18:02.721525
1263.8125,480.703125,2.75,0.0,2026-07-09 17:18:02.721924
1267.25,480.703125,3.4375,0.0,2026-07-09 17:18:02.722369
1270.6875,480.703125,3.4375,0.0,2026-07-09 17:18:02.723084
1274.125,480.703125,3.4375,0.0,2026-07-09 17:18:02.724147
1276.875,480.703125,2.75,0.0,2026-07-09 17:18:02.725139
1280.3125,480.703125,3.4375,0.0,2026-07-09 17:18:02.726143
1283.0625,480.703125,2.75,0.0,2026-07-09 17:18:02.727132
1286.5,481.390625,3.5055759155950397,0.19739555984988075,2026-07-09 17:18:02.728095
1289.9375,481.390625,3.4375,0.0,2026-07-09 17:18:02.729243
1293.375,481.390625,3.4375,0.0,2026-07-09 17:18:02.730266
1296.125,481.390625,2.75,0.0,2026-07-09 17:18:02.731170
1299.5625,481.390625,3.4375,0.0,2026-07-09 17:18:02.732165
1302.3125,481.390625,2.75,0.0,2026-07-09 17:18:02.733132
1305.75,481.390625,3.4375,0.0,2026-07-09 17:18:02.734141
1308.5,481.390625,2.75,0.0,2026-07-09 17:18:02.735170
1311.25,482.078125,2.834635117612142,0.24497866312686414,2026-07-09 17:18:02.738254
1314.0,482.078125,2.75,0.0,2026-07-09 17:18:02.738690
1316.75,482.078125,2.75,0.0,2026-07-09 17:18:02.739099
1320.1875,482.078125,3.4375,0.0,2026-07-09 17:18:02.739540
1323.625,482.078125,3.4375,0.0,2026-07-09 17:18:02.740206
1326.375,482.078125,2.75,0.0,2026-07-09 17:18:02.741160
1329.125,482.078125,2.75,0.0,2026-07-09 17:18:02.742132
1331.875,482.765625,2.834635117612142,0.24497866312686414,2026-07-09 17:18:02.743133
1334.625,482.765625,2.75,0.0,2026-07-09 17:18:02.744168
1337.375,482.765625,2.75,0.0,2026-07-09 17:18:02.745184
1340.125,482.765625,2.75,0.0,2026-07-09 17:18:02.746209
1342.1875,482.765625,2.0625,0.0,2026-07-09 17:18:02.747098
1344.9375,483.453125,2.834635117612142,0.24497866312686414,2026-07-09 17:18:02.748273
1347.6875,483.453125,2.75,0.0,2026-07-09 17:18:02.749151
1351.125,483.453125,3.4375,0.0,2026-07-09 17:18:02.750190
1353.1875,483.453125,2.0625,0.0,2026-07-09 17:18:02.751083
1355.9375,484.140625,2.834635117612142,0.24497866312686414,2026-07-09 17:18:02.752187
1358.0,484.140625,2.0625,0.0,2026-07-09 17:18:02.754086
1360.75,484.140625,2.75,0.0,2026-07-09 17:18:02.754740
1363.5,484.828125,2.834635117612142,0.24497866312686414,2026-07-09 17:18:02.755274
1366.25,484.828125,2.75,0.0,2026-07-09 17:18:02.756164
1368.3125,484.828125,2.0625,0.0,2026-07-09 17:18:02.757078
1371.0625,485.515625,2.834635117612142,0.24497866312686414,2026-07-09 17:18:02.758247
1373.125,485.515625,2.0625,0.0,2026-07-09 17:18:02.759073
1375.1875,485.515625,2.0625,0.0,2026-07-09 17:18:02.760155
1377.25,485.515625,2.0625,0.0,2026-07-09 17:18:02.761165
1380.0,485.515625,2.75,0.0,2026-07-09 17:18:02.762151
1382.0625,486.203125,2.174065891365761,0.3217505543966422,2026-07-09 17:18:02.763253
1384.8125,486.203125,2.75,0.0,2026-07-09 17:18:02.764090
1386.1875,486.203125,1.375,0.0,2026-07-09 17:18:02.765117
1388.25,486.203125,2.0625,0.0,2026-07-09 17:18:02.766141
1391.0,486.203125,2.75,0.0,2026-07-09 17:18:02.767078
1393.0625,486.890625,2.174065891365761,0.3217505543966422,2026-07-09 17:18:02.768246
1395.125,486.890625,2.0625,0.0,2026-07-09 17:18:02.770706
1397.875,486.890625,2.75,0.0,2026-07-09 17:18:02.771165
1399.9375,486.890625,2.0625,0.0,2026-07-09 17:18:02.771694
1402.0,487.578125,2.174065891365761,0.3217505543966422,2026-07-09 17:18:02.772205
1404.0625,487.578125,2.0625,0.0,2026-07-09 17:18:02.773214
1406.125,487.578125,2.0625,0.0,2026-07-09 17:18:02.774083
1408.1875,487.578125,2.0625,0.0,2026-07-09 17:18:02.775088
1410.25,488.265625,2.174065891365761,0.3217505543966422,2026-07-09 17:18:02.776145
1412.3125,488.265625,2.0625,0.0,2026-07-09 17:18:02.777146
1414.375,488.265625,2.0625,0.0,2026-07-09 17:18:02.778175
1416.4375,488.953125,2.174065891365761,0.3217505543966422,2026-07-09 17:18:02.779118
1418.5,488.953125,2.0625,0.0,2026-07-09 17:18:02.780159
1420.5625,488.953125,2.0625,0.0,2026-07-09 17:18:02.781142
1421.9375,488.953125,1.375,0.0,2026-07-09 17:18:02.782138
1424.6875,489.640625,2.834635117612142,0.24497866312686414,2026-07-09 17:18:02.783148
1426.75,489.640625,2.0625,0.0,2026-07-09 17:18:02.784107
1428.125,489.640625,1.375,0.0,2026-07-09 17:18:02.785112
1430.1875,490.328125,2.174065891365761,0.3217505543966422,2026-07-09 17:18:02.787310
1432.25,490.328125,2.0625,0.0,2026-07-09 17:18:02.787793
1433.625,490.328125,1.375,0.0,2026-07-09 17:18:02.788235
1435.6875,490.328125,2.0625,0.0,2026-07-09 17:18:02.789083
1437.75,490.328125,2.0625,0.0,2026-07-09 17:18:02.790238
1439.125,491.015625,1.5372967345311055,0.4636476090008061,2026-07-09 17:18:02.791082
1441.1875,491.015625,2.0625,0.0,2026-07-09 17:18:02.792147
1442.5625,491.015625,1.375,0.0,2026-07-09 17:18:02.793143
1443.9375,491.703125,1.5372967345311055,0.4636476090008061,2026-07-09 17:18:02.794140
1445.3125,491.703125,1.375,0.0,2026-07-09 17:18:02.795087
1447.375,491.703125,2.0625,0.0,2026-07-09 17:18:02.796136
1448.75,491.703125,1.375,0.0,2026-07-09 17:18:02.797147
1450.125,491.703125,1.375,0.0,2026-07-09 17:18:02.798132
1452.1875,492.390625,2.174065891365761,0.3217505543966422,2026-07-09 17:18:02.799135
1453.5625,492.390625,1.375,0.0,2026-07-09 17:18:02.800131
1454.9375,492.390625,1.375,0.0,2026-07-09 17:18:02.801129
1456.3125,492.390625,1.375,0.0,2026-07-09 17:18:02.802155
1457.6875,492.390625,1.375,0.0,2026-07-09 17:18:02.803893
1458.375,493.078125,0.9722718241315028,0.7853981633974483,2026-07-09 17:18:02.804511
1459.75,493.078125,1.375,0.0,2026-07-09 17:18:02.805090
1460.4375,493.078125,0.6875,0.0,2026-07-09 17:18:02.806208
1461.8125,493.078125,1.375,0.0,2026-07-09 17:18:02.807072
1462.5,493.078125,0.6875,0.0,2026-07-09 17:18:02.808244
1463.1875,493.078125,0.6875,0.0,2026-07-09 17:18:02.809063
1464.5625,493.078125,1.375,0.0,2026-07-09 17:18:02.811246
1465.9375,493.078125,1.375,0.0,2026-07-09 17:18:02.812173
1466.625,493.078125,0.6875,0.0,2026-07-09 17:18:02.813066
1467.3125,493.765625,0.9722718241315028,0.7853981633974483,2026-07-09 17:18:02.814241
1468.0,493.765625,0.6875,0.0,2026-07-09 17:18:02.815145
1468.6875,493.765625,0.6875,0.0,2026-07-09 17:18:02.817269
1469.375,493.765625,0.6875,0.0,2026-07-09 17:18:02.818160
1469.98046875,493.765625,0.60546875,0.0,2026-07-09 17:18:02.820609
1469.98046875,494.453125,0.6875,1.5707963267948966,2026-07-09 17:18:02.843611
1469.29296875,494.453125,0.6875,3.141592653589793,2026-07-09 17:18:02.846453
1468.60546875,495.140625,0.9722718241315028,2.356194490192345,2026-07-09 17:18:02.849420
1467.91796875,495.140625,0.6875,3.141592653589793,2026-07-09 17:18:02.850197
1467.23046875,495.828125,0.9722718241315028,2.356194490192345,2026-07-09 17:18:02.852288
1466.54296875,495.828125,0.6875,3.141592653589793,2026-07-09 17:18:02.855287
1465.85546875,495.828125,0.6875,3.141592653589793,2026-07-09 17:18:02.855858
1465.16796875,496.515625,0.9722718241315028,2.356194490192345,2026-07-09 17:18:02.856357
1464.48046875,496.515625,0.6875,3.141592653589793,2026-07-09 17:18:02.856820
1463.79296875,496.515625,0.6875,3.141592653589793,2026-07-09 17:18:02.857229
1463.10546875,497.203125,0.9722718241315028,2.356194490192345,2026-07-09 17:18:02.858192
1461.73046875,497.203125,1.375,3.141592653589793,2026-07-09 17:18:02.859201
1461.04296875,497.203125,0.6875,3.141592653589793,2026-07-09 17:18:02.860231
1459.66796875,497.890625,1.5372967345311055,2.677945044588987,2026-07-09 17:18:02.861165
1458.29296875,498.578125,1.5372967345311055,2.677945044588987,2026-07-09 17:18:02.862198
1456.91796875,498.578125,1.375,3.141592653589793,2026-07-09 17:18:02.863165
1455.54296875,498.578125,1.375,3.141592653589793,2026-07-09 17:18:02.864194
1454.16796875,499.265625,1.5372967345311055,2.677945044588987,2026-07-09 17:18:02.865181
1452.10546875,499.265625,2.0625,3.141592653589793,2026-07-09 17:18:02.866163
1450.73046875,499.953125,1.5372967345311055,2.677945044588987,2026-07-09 17:18:02.867172
1449.35546875,499.953125,1.375,3.141592653589793,2026-07-09 17:18:02.868157
1447.29296875,500.640625,2.174065891365761,2.819842099193151,2026-07-09 17:18:02.871467
1445.91796875,500.640625,1.375,3.141592653589793,2026-07-09 17:18:02.871911
1443.85546875,501.328125,2.174065891365761,2.819842099193151,2026-07-09 17:18:02.872310
1441.79296875,501.328125,2.0625,3.141592653589793,2026-07-09 17:18:02.872735
1439.73046875,502.015625,2.174065891365761,2.819842099193151,2026-07-09 17:18:02.873178
1437.66796875,502.015625,2.0625,3.141592653589793,2026-07-09 17:18:02.874178
1434.91796875,502.703125,2.834635117612142,2.896613990462929,2026-07-09 17:18:02.875173
1432.85546875,502.703125,2.0625,3.141592653589793,2026-07-09 17:18:02.876180
1430.79296875,503.390625,2.174065891365761,2.819842099193151,2026-07-09 17:18:02.877164
1428.04296875,504.078125,2.834635117612142,2.896613990462929,2026-07-09 17:18:02.878149
1425.98046875,504.078125,2.0625,3.141592653589793,2026-07-09 17:18:02.879201
1423.91796875,504.765625,2.174065891365761,2.819842099193151,2026-07-09 17:18:02.880220
1421.16796875,504.765625,2.75,3.141592653589793,2026-07-09 17:18:02.881190
1418.41796875,505.453125,2.834635117612142,2.896613990462929,2026-07-09 17:18:02.882170
1415.66796875,505.453125,2.75,3.141592653589793,2026-07-09 17:18:02.883150
1412.91796875,506.140625,2.834635117612142,2.896613990462929,2026-07-09 17:18:02.884168
1410.16796875,506.828125,2.834635117612142,2.896613990462929,2026-07-09 17:18:02.885182
1407.41796875,506.828125,2.75,3.141592653589793,2026-07-09 17:18:02.888373
1404.66796875,507.515625,2.834635117612142,2.896613990462929,2026-07-09 17:18:02.888878
1401.91796875,507.515625,2.75,3.141592653589793,2026-07-09 17:18:02.889313
1399.16796875,508.203125,2.834635117612142,2.896613990462929,2026-07-09 17:18:02.889757
1395.73046875,508.203125,3.4375,3.141592653589793,2026-07-09 17:18:02.890185
1392.98046875,508.890625,2.834635117612142,2.896613990462929,2026-07-09 17:18:02.891153
1389.54296875,508.890625,3.4375,3.141592653589793,2026-07-09 17:18:02.892146
1386.79296875,508.890625,2.75,3.141592653589793,2026-07-09 17:18:02.893195
1383.35546875,509.578125,3.5055759155950397,2.9441970937399127,2026-07-09 17:18:02.894206
1379.91796875,510.265625,3.5055759155950397,2.9441970937399127,2026-07-09 17:18:02.895172
1376.48046875,510.265625,3.4375,3.141592653589793,2026-07-09 17:18:02.896099
1373.04296875,510.953125,3.5055759155950397,2.9441970937399127,2026-07-09 17:18:02.897168
1369.60546875,510.953125,3.4375,3.141592653589793,2026-07-09 17:18:02.898145
1365.48046875,511.640625,4.181899239580026,2.976443976175166,2026-07-09 17:18:02.899131
1362.04296875,511.640625,3.4375,3.141592653589793,2026-07-09 17:18:02.900168
1358.60546875,511.640625,3.4375,3.141592653589793,2026-07-09 17:18:02.901152
1354.48046875,512.328125,4.181899239580026,2.976443976175166,2026-07-09 17:18:02.902165
1351.04296875,512.328125,3.4375,3.141592653589793,2026-07-09 17:18:02.904819
1346.91796875,513.015625,4.181899239580026,2.976443976175166,2026-07-09 17:18:02.905326
1343.48046875,513.015625,3.4375,3.141592653589793,2026-07-09 17:18:02.905716
1338.66796875,513.015625,4.8125,3.141592653589793,2026-07-09 17:18:02.906137
1334.54296875,513.015625,4.125,3.141592653589793,2026-07-09 17:18:02.907106
1331.10546875,513.703125,3.5055759155950397,2.9441970937399127,2026-07-09 17:18:02.908091
1326.98046875,513.703125,4.125,3.141592653589793,2026-07-09 17:18:02.909155
1322.16796875,513.703125,4.8125,3.141592653589793,2026-07-09 17:18:02.910080
1318.04296875,514.390625,4.181899239580026,2.976443976175166,2026-07-09 17:18:02.911146
1313.91796875,514.390625,4.125,3.141592653589793,2026-07-09 17:18:02.912105
1309.10546875,514.390625,4.8125,3.141592653589793,2026-07-09 17:18:02.913131
1304.98046875,514.390625,4.125,3.141592653589793,2026-07-09 17:18:02.914167
1300.16796875,515.078125,4.861359120657514,2.999695598985629,2026-07-09 17:18:02.915148
1295.35546875,515.078125,4.8125,3.141592653589793,2026-07-09 17:18:02.916340
1290.54296875,515.078125,4.8125,3.141592653589793,2026-07-09 17:18:02.917150
1286.41796875,515.078125,4.125,3.141592653589793,2026-07-09 17:18:02.918159
1281.60546875,515.765625,4.861359120657514,2.999695598985629,2026-07-09 17:18:02.921558
1276.79296875,515.765625,4.8125,3.141592653589793,2026-07-09 17:18:02.921952
1271.98046875,515.765625,4.8125,3.141592653589793,2026-07-09 17:18:02.922422
1267.16796875,515.765625,4.8125,3.141592653589793,2026-07-09 17:18:02.922834
1262.35546875,515.765625,4.8125,3.141592653589793,2026-07-09 17:18:02.923233
1257.54296875,515.765625,4.8125,3.141592653589793,2026-07-09 17:18:02.924092
1252.73046875,515.765625,4.8125,3.141592653589793,2026-07-09 17:18:02.925296
1247.91796875,515.765625,4.8125,3.141592653589793,2026-07-09 17:18:02.926152
1243.10546875,515.765625,4.8125,3.141592653589793,2026-07-09 17:18:02.927164
1238.29296875,516.453125,4.861359120657514,2.999695598985629,2026-07-09 17:18:02.928197
1234.16796875,516.453125,4.125,3.141592653589793,2026-07-09 17:18:02.929189
1228.66796875,516.453125,5.5,3.141592653589793,2026-07-09 17:18:02.930133
1223.85546875,516.453125,4.8125,3.141592653589793,2026-07-09 17:18:02.931184
1219.04296875,516.453125,4.8125,3.141592653589793,2026-07-09 17:18:02.932406
1214.23046875,516.453125,4.8125,3.141592653589793,2026-07-09 17:18:02.933171
1208.73046875,516.453125,5.5,3.141592653589793,2026-07-09 17:18:02.934141
1203.91796875,516.453125,4.8125,3.141592653589793,2026-07-09 17:18:02.935147
1199.10546875,516.453125,4.8125,3.141592653589793,2026-07-09 17:18:02.938361
1194.98046875,516.453125,4.125,3.141592653589793,2026-07-09 17:18:02.938775
1190.16796875,516.453125,4.8125,3.141592653589793,2026-07-09 17:18:02.939164
1184.66796875,516.453125,5.5,3.141592653589793,2026-07-09 17:18:02.939583
1180.54296875,516.453125,4.125,3.141592653589793,2026-07-09 17:18:02.940138
1175.73046875,516.453125,4.8125,3.141592653589793,2026-07-09 17:18:02.941162
1170.23046875,516.453125,5.5,3.141592653589793,2026-07-09 17:18:02.942088
1165.41796875,516.453125,4.8125,3.141592653589793,2026-07-09 17:18:02.943266
1161.29296875,516.453125,4.125,3.141592653589793,2026-07-09 17:18:02.944074
1156.48046875,516.453125,4.8125,3.141592653589793,2026-07-09 17:18:02.945125
1151.66796875,516.453125,4.8125,3.141592653589793,2026-07-09 17:18:02.946239
1147.54296875,516.453125,4.125,3.141592653589793,2026-07-09 17:18:02.947081
1142.73046875,516.453125,4.8125,3.141592653589793,2026-07-09 17:18:02.948075
1137.91796875,516.453125,4.8125,3.141592653589793,2026-07-09 17:18:02.949090
1133.10546875,517.140625,4.861359120657514,2.999695598985629,2026-07-09 17:18:02.950253
1128.98046875,517.140625,4.125,3.141592653589793,2026-07-09 17:18:02.951171
1124.85546875,517.140625,4.125,3.141592653589793,2026-07-09 17:18:02.952156
1120.04296875,517.140625,4.8125,3.141592653589793,2026-07-09 17:18:02.954130
1115.91796875,517.140625,4.125,3.141592653589793,2026-07-09 17:18:02.954687
1111.10546875,517.140625,4.8125,3.141592653589793,2026-07-09 17:18:02.955099
1106.29296875,517.140625,4.8125,3.141592653589793,2026-07-09 17:18:02.956221
1101.48046875,517.140625,4.8125,3.141592653589793,2026-07-09 17:18:02.957066
1097.35546875,517.140625,4.125,3.141592653589793,2026-07-09 17:18:02.958157
1093.23046875,517.140625,4.125,3.141592653589793,2026-07-09 17:18:02.959080
1089.10546875,517.140625,4.125,3.141592653589793,2026-07-09 17:18:02.960083
1084.98046875,517.140625,4.125,3.141592653589793,2026-07-09 17:18:02.961076
1080.85546875,517.140625,4.125,3.141592653589793,2026-07-09 17:18:02.962090
1076.73046875,517.140625,4.125,3.141592653589793,2026-07-09 17:18:02.963085
1071.91796875,517.140625,4.8125,3.141592653589793,2026-07-09 17:18:02.964171
1067.79296875,517.140625,4.125,3.141592653589793,2026-07-09 17:18:02.965069
1063.66796875,517.140625,4.125,3.141592653589793,2026-07-09 17:18:02.966250
1059.54296875,517.140625,4.125,3.141592653589793,2026-07-09 17:18:02.967083
1055.41796875,517.140625,4.125,3.141592653589793,2026-07-09 17:18:02.968163
1051.29296875,517.140625,4.125,3.141592653589793,2026-07-09 17:18:02.970898
1047.16796875,517.140625,4.125,3.141592653589793,2026-07-09 17:18:02.971446
1043.73046875,517.140625,3.4375,3.141592653589793,2026-07-09 17:18:02.971854
1039.60546875,517.140625,4.125,3.141592653589793,2026-07-09 17:18:02.972266
1035.48046875,517.140625,4.125,3.141592653589793,2026-07-09 17:18:02.973108
1032.04296875,517.140625,3.4375,3.141592653589793,2026-07-09 17:18:02.974181
1027.91796875,517.140625,4.125,3.141592653589793,2026-07-09 17:18:02.975157
1023.79296875,517.140625,4.125,3.141592653589793,2026-07-09 17:18:02.976145
1019.66796875,517.140625,4.125,3.141592653589793,2026-07-09 17:18:02.977171
1016.23046875,517.140625,3.4375,3.141592653589793,2026-07-09 17:18:02.978180
1012.10546875,516.453125,4.181899239580026,-2.976443976175166,2026-07-09 17:18:02.979086
1007.98046875,516.453125,4.125,3.141592653589793,2026-07-09 17:18:02.980201
1003.85546875,516.453125,4.125,3.141592653589793,2026-07-09 17:18:02.981086
1000.41796875,516.453125,3.4375,3.141592653589793,2026-07-09 17:18:02.982145
996.98046875,516.453125,3.4375,3.141592653589793,2026-07-09 17:18:02.983147
993.54296875,516.453125,3.4375,3.141592653589793,2026-07-09 17:18:02.984130
989.41796875,516.453125,4.125,3.141592653589793,2026-07-09 17:18:02.985072
985.98046875,516.453125,3.4375,3.141592653589793,2026-07-09 17:18:02.987373
981.85546875,516.453125,4.125,3.141592653589793,2026-07-09 17:18:02.987825
978.41796875,515.765625,3.5055759155950397,-2.9441970937399127,2026-07-09 17:18:02.988308
974.29296875,515.765625,4.125,3.141592653589793,2026-07-09 17:18:02.989093
970.85546875,515.765625,3.4375,3.141592653589793,2026-07-09 17:18:02.990224
966.73046875,515.765625,4.125,3.141592653589793,2026-07-09 17:18:02.991093
963.98046875,515.765625,2.75,3.141592653589793,2026-07-09 17:18:02.992108
959.85546875,515.765625,4.125,3.141592653589793,2026-07-09 17:18:02.993120
956.41796875,515.765625,3.4375,3.141592653589793,2026-07-09 17:18:02.994140
952.98046875,515.078125,3.5055759155950397,-2.9441970937399127,2026-07-09 17:18:02.995092
949.54296875,515.078125,3.4375,3.141592653589793,2026-07-09 17:18:02.996173
946.10546875,515.078125,3.4375,3.141592653589793,2026-07-09 17:18:02.997153
942.66796875,515.078125,3.4375,3.141592653589793,2026-07-09 17:18:02.998148
938.54296875,514.390625,4.181899239580026,-2.976443976175166,2026-07-09 17:18:02.999136
935.79296875,514.390625,2.75,3.141592653589793,2026-07-09 17:18:03.000084
932.35546875,514.390625,3.4375,3.141592653589793,2026-07-09 17:18:03.001155
928.91796875,514.390625,3.4375,3.141592653589793,2026-07-09 17:18:03.002175
925.48046875,513.703125,3.5055759155950397,-2.9441970937399127,2026-07-09 17:18:03.003949
922.04296875,513.703125,3.4375,3.141592653589793,2026-07-09 17:18:03.004525
918.60546875,513.703125,3.4375,3.141592653589793,2026-07-09 17:18:03.005090
915.16796875,513.703125,3.4375,3.141592653589793,2026-07-09 17:18:03.006165
911.73046875,513.015625,3.5055759155950397,-2.9441970937399127,2026-07-09 17:18:03.007139
908.29296875,513.015625,3.4375,3.141592653589793,2026-07-09 17:18:03.008155
905.54296875,513.015625,2.75,3.141592653589793,2026-07-09 17:18:03.009087
902.10546875,512.328125,3.5055759155950397,-2.9441970937399127,2026-07-09 17:18:03.010206
898.66796875,512.328125,3.4375,3.141592653589793,2026-07-09 17:18:03.011160
895.23046875,512.328125,3.4375,3.141592653589793,2026-07-09 17:18:03.012153
892.48046875,512.328125,2.75,3.141592653589793,2026-07-09 17:18:03.013151
889.04296875,512.328125,3.4375,3.141592653589793,2026-07-09 17:18:03.014159
886.29296875,512.328125,2.75,3.141592653589793,2026-07-09 17:18:03.015145
882.85546875,511.640625,3.5055759155950397,-2.9441970937399127,2026-07-09 17:18:03.016153
880.10546875,511.640625,2.75,3.141592653589793,2026-07-09 17:18:03.017119
877.35546875,511.640625,2.75,3.141592653589793,2026-07-09 17:18:03.018098
873.91796875,511.640625,3.4375,3.141592653589793,2026-07-09 17:18:03.020618
871.16796875,510.953125,2.834635117612142,-2.896613990462929,2026-07-09 17:18:03.021099
868.41796875,510.953125,2.75,3.141592653589793,2026-07-09 17:18:03.021526
864.98046875,510.953125,3.4375,3.141592653589793,2026-07-09 17:18:03.022099
862.23046875,510.953125,2.75,3.141592653589793,2026-07-09 17:18:03.023089
859.48046875,510.953125,2.75,3.141592653589793,2026-07-09 17:18:03.024162
856.73046875,510.953125,2.75,3.141592653589793,2026-07-09 17:18:03.025146
853.98046875,510.265625,2.834635117612142,-2.896613990462929,2026-07-09 17:18:03.026140
851.23046875,510.265625,2.75,3.141592653589793,2026-07-09 17:18:03.027129
848.48046875,510.265625,2.75,3.141592653589793,2026-07-09 17:18:03.028087
845.73046875,510.265625,2.75,3.141592653589793,2026-07-09 17:18:03.029151
842.98046875,510.265625,2.75,3.141592653589793,2026-07-09 17:18:03.030108
840.91796875,510.265625,2.0625,3.141592653589793,2026-07-09 17:18:03.031126
837.48046875,510.265625,3.4375,3.141592653589793,2026-07-09 17:18:03.032155
835.41796875,510.265625,2.0625,3.141592653589793,2026-07-09 17:18:03.033062
833.35546875,510.265625,2.0625,3.141592653589793,2026-07-09 17:18:03.034164
831.29296875,509.578125,2.174065891365761,-2.819842099193151,2026-07-09 17:18:03.035153
828.54296875,509.578125,2.75,3.141592653589793,2026-07-09 17:18:03.037511
825.79296875,509.578125,2.75,3.141592653589793,2026-07-09 17:18:03.037959
823.04296875,509.578125,2.75,3.141592653589793,2026-07-09 17:18:03.038415
820.29296875,509.578125,2.75,3.141592653589793,2026-07-09 17:18:03.039110
818.23046875,509.578125,2.0625,3.141592653589793,2026-07-09 17:18:03.040083
816.16796875,509.578125,2.0625,3.141592653589793,2026-07-09 17:18:03.041159
814.10546875,509.578125,2.0625,3.141592653589793,2026-07-09 17:18:03.042064
812.04296875,508.890625,2.174065891365761,-2.819842099193151,2026-07-09 17:18:03.043244
809.98046875,508.890625,2.0625,3.141592653589793,2026-07-09 17:18:03.044063
807.91796875,508.890625,2.0625,3.141592653589793,2026-07-09 17:18:03.045160
805.16796875,508.890625,2.75,3.141592653589793,2026-07-09 17:18:03.046076
803.79296875,508.890625,1.375,3.141592653589793,2026-07-09 17:18:03.047156
801.73046875,508.890625,2.0625,3.141592653589793,2026-07-09 17:18:03.048148
798.98046875,508.203125,2.834635117612142,-2.896613990462929,2026-07-09 17:18:03.049077
797.60546875,508.203125,1.375,3.141592653589793,2026-07-09 17:18:03.050225
795.54296875,508.203125,2.0625,3.141592653589793,2026-07-09 17:18:03.051070
794.16796875,508.203125,1.375,3.141592653589793,2026-07-09 17:18:03.052252
792.10546875,507.515625,2.174065891365761,-2.819842099193151,2026-07-09 17:18:03.053951
790.04296875,507.515625,2.0625,3.141592653589793,2026-07-09 17:18:03.054554
787.98046875,507.515625,2.0625,3.141592653589793,2026-07-09 17:18:03.055112
785.91796875,507.515625,2.0625,3.141592653589793,2026-07-09 17:18:03.056101
784.54296875,507.515625,1.375,3.141592653589793,2026-07-09 17:18:03.057175
782.48046875,506.828125,2.174065891365761,-2.819842099193151,2026-07-09 17:18:03.058071
781.10546875,506.828125,1.375,3.141592653589793,2026-07-09 17:18:03.059212
779.04296875,506.828125,2.0625,3.141592653589793,2026-07-09 17:18:03.060077
776.98046875,506.828125,2.0625,3.141592653589793,2026-07-09 17:18:03.061074
775.60546875,506.140625,1.5372967345311055,-2.677945044588987,2026-07-09 17:18:03.062177
774.23046875,506.140625,1.375,3.141592653589793,2026-07-09 17:18:03.063086
772.16796875,506.140625,2.0625,3.141592653589793,2026-07-09 17:18:03.064252
770.79296875,506.140625,1.375,3.141592653589793,2026-07-09 17:18:03.065148
769.41796875,506.140625,1.375,3.141592653589793,2026-07-09 17:18:03.066083
768.04296875,506.140625,1.375,3.141592653589793,2026-07-09 17:18:03.067140
766.66796875,505.453125,1.5372967345311055,-2.677945044588987,2026-07-09 17:18:03.068141
764.60546875,505.453125,2.0625,3.141592653589793,2026-07-09 17:18:03.070866
763.23046875,505.453125,1.375,3.141592653589793,2026-07-09 17:18:03.071453
761.85546875,505.453125,1.375,3.141592653589793,2026-07-09 17:18:03.071855
760.48046875,505.453125,1.375,3.141592653589793,2026-07-09 17:18:03.072261
759.10546875,504.765625,1.5372967345311055,-2.677945044588987,2026-07-09 17:18:03.073167
757.73046875,504.765625,1.375,3.141592653589793,2026-07-09 17:18:03.074116
756.35546875,504.765625,1.375,3.141592653589793,2026-07-09 17:18:03.075090
754.98046875,504.078125,1.5372967345311055,-2.677945044588987,2026-07-09 17:18:03.076134
753.60546875,504.078125,1.375,3.141592653589793,2026-07-09 17:18:03.077103
752.23046875,504.078125,1.375,3.141592653589793,2026-07-09 17:18:03.078087
750.85546875,504.078125,1.375,3.141592653589793,2026-07-09 17:18:03.079157
749.48046875,504.078125,1.375,3.141592653589793,2026-07-09 17:18:03.080171
748.79296875,504.078125,0.6875,3.141592653589793,2026-07-09 17:18:03.081064
747.41796875,504.078125,1.375,3.141592653589793,2026-07-09 17:18:03.082272
746.04296875,504.078125,1.375,3.141592653589793,2026-07-09 17:18:03.083075
745.35546875,503.390625,0.9722718241315028,-2.356194490192345,2026-07-09 17:18:03.084197
743.98046875,503.390625,1.375,3.141592653589793,2026-07-09 17:18:03.085150
743.29296875,503.390625,0.6875,3.141592653589793,2026-07-09 17:18:03.087295
742.60546875,503.390625,0.6875,3.141592653589793,2026-07-09 17:18:03.087789
741.23046875,503.390625,1.375,3.141592653589793,2026-07-09 17:18:03.088273
739.85546875,503.390625,1.375,3.141592653589793,2026-07-09 17:18:03.089153
738.48046875,503.390625,1.375,3.141592653589793,2026-07-09 17:18:03.090088
737.79296875,503.390625,0.6875,3.141592653589793,2026-07-09 17:18:03.091219
737.10546875,502.703125,0.9722718241315028,-2.356194490192345,2026-07-09 17:18:03.092085
736.41796875,502.703125,0.6875,3.141592653589793,2026-07-09 17:18:03.093125
735.73046875,502.703125,0.6875,3.141592653589793,2026-07-09 17:18:03.094132
735.04296875,502.703125,0.6875,3.141592653589793,2026-07-09 17:18:03.095192
733.66796875,502.703125,1.375,3.141592653589793,2026-07-09 17:18:03.096141
732.98046875,502.703125,0.6875,3.141592653589793,2026-07-09 17:18:03.097141
732.29296875,502.703125,0.6875,3.141592653589793,2026-07-09 17:18:03.098100
731.60546875,502.015625,0.9722718241315028,-2.356194490192345,2026-07-09 17:18:03.099127
730.91796875,502.015625,0.6875,3.141592653589793,2026-07-09 17:18:03.100147
730.23046875,502.015625,0.6875,3.141592653589793,2026-07-09 17:18:03.101070
729.54296875,502.015625,0.6875,3.141592653589793,2026-07-09 17:18:03.102197
728.85546875,502.015625,0.6875,3.141592653589793,2026-07-09 17:18:03.103839
728.16796875,502.015625,0.6875,3.141592653589793,2026-07-09 17:18:03.105201
727.48046875,502.015625,0.6875,3.141592653589793,2026-07-09 17:18:03.106075
726.79296875,502.015625,0.6875,3.141592653589793,2026-07-09 17:18:03.108224
726.10546875,501.328125,0.9722718241315028,-2.356194490192345,2026-07-09 17:18:03.111244
725.41796875,501.328125,0.6875,3.141592653589793,2026-07-09 17:18:03.112109
724.04296875,501.328125,1.375,3.141592653589793,2026-07-09 17:18:03.115254
723.35546875,501.328125,0.6875,3.141592653589793,2026-07-09 17:18:03.117261
722.66796875,501.328125,0.6875,3.141592653589793,2026-07-09 17:18:03.121317
721.98046875,501.328125,0.6875,3.141592653589793,2026-07-09 17:18:03.126278
721.29296875,501.328125,0.6875,3.141592653589793,2026-07-09 17:18:03.928403
720.60546875,501.328125,0.6875,3.141592653589793,2026-07-09 17:18:03.934085
719.91796875,501.328125,0.6875,3.141592653589793,2026-07-09 17:18:03.936660
718.54296875,501.328125,1.375,3.141592653589793,2026-07-09 17:18:03.939011
717.85546875,501.328125,0.6875,3.141592653589793,2026-07-09 17:18:03.940817
716.48046875,501.328125,1.375,3.141592653589793,2026-07-09 17:18:03.942561
715.79296875,501.328125,0.6875,3.141592653589793,2026-07-09 17:18:03.943874
714.41796875,501.328125,1.375,3.141592653589793,2026-07-09 17:18:03.944604
713.04296875,501.328125,1.375,3.141592653589793,2026-07-09 17:18:03.945231
711.66796875,502.015625,1.5372967345311055,2.677945044588987,2026-07-09 17:18:03.945822
710.29296875,502.015625,1.375,3.141592653589793,2026-07-09 17:18:03.946389
708.91796875,502.015625,1.375,3.141592653589793,2026-07-09 17:18:03.946947
706.85546875,502.015625,2.0625,3.141592653589793,2026-07-09 17:18:03.947621
705.48046875,502.015625,1.375,3.141592653589793,2026-07-09 17:18:03.948529
704.10546875,502.015625,1.375,3.141592653589793,2026-07-09 17:18:03.949247
702.04296875,502.015625,2.0625,3.141592653589793,2026-07-09 17:18:03.949954
699.98046875,502.015625,2.0625,3.141592653589793,2026-07-09 17:18:03.950605
698.60546875,502.015625,1.375,3.141592653589793,2026-07-09 17:18:03.951156
696.54296875,502.015625,2.0625,3.141592653589793,2026-07-09 17:18:03.951935
694.48046875,502.015625,2.0625,3.141592653589793,2026-07-09 17:18:03.952538
692.41796875,502.015625,2.0625,3.141592653589793,2026-07-09 17:18:03.953107
689.66796875,502.015625,2.75,3.141592653589793,2026-07-09 17:18:03.953680
687.60546875,502.015625,2.0625,3.141592653589793,2026-07-09 17:18:03.954148
685.54296875,502.015625,2.0625,3.141592653589793,2026-07-09 17:18:03.954635
682.79296875,502.015625,2.75,3.141592653589793,2026-07-09 17:18:03.955094
680.73046875,502.015625,2.0625,3.141592653589793,2026-07-09 17:18:03.955574
678.66796875,502.015625,2.0625,3.141592653589793,2026-07-09 17:18:03.956027
675.91796875,502.015625,2.75,3.141592653589793,2026-07-09 17:18:03.956495
673.16796875,502.015625,2.75,3.141592653589793,2026-07-09 17:18:03.956894
670.41796875,502.015625,2.75,3.141592653589793,2026-07-09 17:18:03.957266
667.66796875,502.015625,2.75,3.141592653589793,2026-07-09 17:18:03.957637
665.60546875,502.015625,2.0625,3.141592653589793,2026-07-09 17:18:03.958032
662.85546875,502.015625,2.75,3.141592653589793,2026-07-09 17:18:03.958423
660.10546875,502.015625,2.75,3.141592653589793,2026-07-09 17:18:03.958795
656.66796875,502.015625,3.4375,3.141592653589793,2026-07-09 17:18:03.959182
653.91796875,502.015625,2.75,3.141592653589793,2026-07-09 17:18:03.960235
651.16796875,502.015625,2.75,3.141592653589793,2026-07-09 17:18:03.961150
647.73046875,502.015625,3.4375,3.141592653589793,2026-07-09 17:18:03.962297
645.66796875,502.015625,2.0625,3.141592653589793,2026-07-09 17:18:03.963420
642.91796875,502.015625,2.75,3.141592653589793,2026-07-09 17:18:03.964106
639.48046875,502.015625,3.4375,3.141592653589793,2026-07-09 17:18:03.965390
636.04296875,502.015625,3.4375,3.141592653589793,2026-07-09 17:18:03.966450
632.60546875,502.015625,3.4375,3.141592653589793,2026-07-09 17:18:03.967435
629.16796875,502.015625,3.4375,3.141592653589793,2026-07-09 17:18:03.968414
626.41796875,502.015625,2.75,3.141592653589793,2026-07-09 17:18:03.970893
623.66796875,502.015625,2.75,3.141592653589793,2026-07-09 17:18:03.971516
620.23046875,502.015625,3.4375,3.141592653589793,2026-07-09 17:18:03.971975
617.48046875,502.015625,2.75,3.141592653589793,2026-07-09 17:18:03.972412
614.04296875,502.015625,3.4375,3.141592653589793,2026-07-09 17:18:03.973137
610.60546875,502.015625,3.4375,3.141592653589793,2026-07-09 17:18:03.974162
606.48046875,502.015625,4.125,3.141592653589793,2026-07-09 17:18:03.975091
603.73046875,502.015625,2.75,3.141592653589793,2026-07-09 17:18:03.976144
599.60546875,502.015625,4.125,3.141592653589793,2026-07-09 17:18:03.977165
596.85546875,502.015625,2.75,3.141592653589793,2026-07-09 17:18:03.978129
592.73046875,502.015625,4.125,3.141592653589793,2026-07-09 17:18:03.979091
589.29296875,502.015625,3.4375,3.141592653589793,2026-07-09 17:18:03.980127
585.85546875,502.015625,3.4375,3.141592653589793,2026-07-09 17:18:03.981091
581.73046875,501.328125,4.181899239580026,-2.976443976175166,2026-07-09 17:18:03.982305
578.29296875,501.328125,3.4375,3.141592653589793,2026-07-09 17:18:03.983079
574.85546875,501.328125,3.4375,3.141592653589793,2026-07-09 17:18:03.984301
570.73046875,501.328125,4.125,3.141592653589793,2026-07-09 17:18:03.985145
567.29296875,500.640625,3.5055759155950397,-2.9441970937399127,2026-07-09 17:18:03.987792
563.16796875,500.640625,4.125,3.141592653589793,2026-07-09 17:18:03.988367
559.73046875,500.640625,3.4375,3.141592653589793,2026-07-09 17:18:03.988768
555.60546875,499.953125,4.181899239580026,-2.976443976175166,2026-07-09 17:18:03.989199
551.48046875,499.953125,4.125,3.141592653589793,2026-07-09 17:18:03.990209
548.04296875,499.953125,3.4375,3.141592653589793,2026-07-09 17:18:03.991167
543.91796875,499.953125,4.125,3.141592653589793,2026-07-09 17:18:03.992139
539.79296875,499.953125,4.125,3.141592653589793,2026-07-09 17:18:03.993103
535.66796875,499.265625,4.181899239580026,-2.976443976175166,2026-07-09 17:18:03.994078
531.54296875,499.265625,4.125,3.141592653589793,2026-07-09 17:18:03.995173
528.10546875,499.265625,3.4375,3.141592653589793,2026-07-09 17:18:03.996138
523.98046875,498.578125,4.181899239580026,-2.976443976175166,2026-07-09 17:18:03.997130
519.85546875,498.578125,4.125,3.141592653589793,2026-07-09 17:18:03.998077
515.73046875,498.578125,4.125,3.141592653589793,2026-07-09 17:18:03.999242
511.60546875,498.578125,4.125,3.141592653589793,2026-07-09 17:18:04.000094
507.48046875,498.578125,4.125,3.141592653589793,2026-07-09 17:18:04.001170
503.35546875,497.890625,4.181899239580026,-2.976443976175166,2026-07-09 17:18:04.002194
499.23046875,497.890625,4.125,3.141592653589793,2026-07-09 17:18:04.003934
495.10546875,497.890625,4.125,3.141592653589793,2026-07-09 17:18:04.004571
490.98046875,497.203125,4.181899239580026,-2.976443976175166,2026-07-09 17:18:04.005130
486.85546875,497.203125,4.125,3.141592653589793,2026-07-09 17:18:04.006145
482.73046875,497.203125,4.125,3.141592653589793,2026-07-09 17:18:04.007094
478.60546875,497.203125,4.125,3.141592653589793,2026-07-09 17:18:04.008124
473.79296875,497.203125,4.8125,3.141592653589793,2026-07-09 17:18:04.009117
469.66796875,496.515625,4.181899239580026,-2.976443976175166,2026-07-09 17:18:04.010075
465.54296875,496.515625,4.125,3.141592653589793,2026-07-09 17:18:04.011157
461.41796875,496.515625,4.125,3.141592653589793,2026-07-09 17:18:04.012183
457.29296875,496.515625,4.125,3.141592653589793,2026-07-09 17:18:04.013081
452.48046875,495.828125,4.861359120657514,-2.999695598985629,2026-07-09 17:18:04.014115
448.35546875,495.828125,4.125,3.141592653589793,2026-07-09 17:18:04.015074
444.23046875,495.828125,4.125,3.141592653589793,2026-07-09 17:18:04.016106
440.10546875,495.828125,4.125,3.141592653589793,2026-07-09 17:18:04.017120
435.29296875,495.828125,4.8125,3.141592653589793,2026-07-09 17:18:04.018184
431.85546875,495.828125,3.4375,3.141592653589793,2026-07-09 17:18:04.020629
427.73046875,495.140625,4.181899239580026,-2.976443976175166,2026-07-09 17:18:04.021122
423.60546875,495.140625,4.125,3.141592653589793,2026-07-09 17:18:04.021586
419.48046875,495.140625,4.125,3.141592653589793,2026-07-09 17:18:04.022161
415.35546875,495.140625,4.125,3.141592653589793,2026-07-09 17:18:04.023078
411.23046875,495.140625,4.125,3.141592653589793,2026-07-09 17:18:04.024205
407.10546875,495.140625,4.125,3.141592653589793,2026-07-09 17:18:04.025190
402.98046875,494.453125,4.181899239580026,-2.976443976175166,2026-07-09 17:18:04.026179
399.54296875,494.453125,3.4375,3.141592653589793,2026-07-09 17:18:04.027078
395.41796875,494.453125,4.125,3.141592653589793,2026-07-09 17:18:04.028094
391.29296875,493.765625,4.181899239580026,-2.976443976175166,2026-07-09 17:18:04.029170
387.16796875,493.765625,4.125,3.141592653589793,2026-07-09 17:18:04.030201
383.73046875,493.765625,3.4375,3.141592653589793,2026-07-09 17:18:04.031104
379.60546875,493.765625,4.125,3.141592653589793,2026-07-09 17:18:04.032147
375.48046875,493.765625,4.125,3.141592653589793,2026-07-09 17:18:04.033094
371.35546875,493.765625,4.125,3.141592653589793,2026-07-09 17:18:04.034147
367.91796875,493.765625,3.4375,3.141592653589793,2026-07-09 17:18:04.035090
364.48046875,493.078125,3.5055759155950397,-2.9441970937399127,2026-07-09 17:18:04.037362
360.35546875,493.078125,4.125,3.141592653589793,2026-07-09 17:18:04.038048
356.23046875,493.078125,4.125,3.141592653589793,2026-07-09 17:18:04.038648
352.79296875,493.078125,3.4375,3.141592653589793,2026-07-09 17:18:04.039197
348.66796875,493.078125,4.125,3.141592653589793,2026-07-09 17:18:04.040078
345.23046875,493.078125,3.4375,3.141592653589793,2026-07-09 17:18:04.041220
341.79296875,493.078125,3.4375,3.141592653589793,2026-07-09 17:18:04.042164
337.66796875,492.390625,4.181899239580026,-2.976443976175166,2026-07-09 17:18:04.043113
334.23046875,492.390625,3.4375,3.141592653589793,2026-07-09 17:18:04.044068
330.79296875,492.390625,3.4375,3.141592653589793,2026-07-09 17:18:04.045200
327.35546875,492.390625,3.4375,3.141592653589793,2026-07-09 17:18:04.046106
323.23046875,491.703125,4.181899239580026,-2.976443976175166,2026-07-09 17:18:04.047105
319.79296875,491.703125,3.4375,3.141592653589793,2026-07-09 17:18:04.048133
315.66796875,491.703125,4.125,3.141592653589793,2026-07-09 17:18:04.049099
312.23046875,491.703125,3.4375,3.141592653589793,2026-07-09 17:18:04.050183
308.79296875,491.703125,3.4375,3.141592653589793,2026-07-09 17:18:04.051075
305.35546875,491.015625,3.5055759155950397,-2.9441970937399127,2026-07-09 17:18:04.052204
301.91796875,491.015625,3.4375,3.141592653589793,2026-07-09 17:18:04.053959
298.48046875,491.015625,3.4375,3.141592653589793,2026-07-09 17:18:04.054502
295.73046875,490.328125,2.834635117612142,-2.896613990462929,2026-07-09 17:18:04.055089
292.29296875,490.328125,3.4375,3.141592653589793,2026-07-09 17:18:04.056231
288.85546875,490.328125,3.4375,3.141592653589793,2026-07-09 17:18:04.057079
285.41796875,490.328125,3.4375,3.141592653589793,2026-07-09 17:18:04.058219
281.98046875,489.640625,3.5055759155950397,-2.9441970937399127,2026-07-09 17:18:04.059130
279.23046875,489.640625,2.75,3.141592653589793,2026-07-09 17:18:04.060076
276.48046875,489.640625,2.75,3.141592653589793,2026-07-09 17:18:04.061177
273.73046875,488.953125,2.834635117612142,-2.896613990462929,2026-07-09 17:18:04.062088
270.98046875,488.953125,2.75,3.141592653589793,2026-07-09 17:18:04.063195
268.23046875,488.265625,2.834635117612142,-2.896613990462929,2026-07-09 17:18:04.064080
265.48046875,488.265625,2.75,3.141592653589793,2026-07-09 17:18:04.065136
263.41796875,488.265625,2.0625,3.141592653589793,2026-07-09 17:18:04.066160
260.66796875,487.578125,2.834635117612142,-2.896613990462929,2026-07-09 17:18:04.067082
259.29296875,487.578125,1.375,3.141592653589793,2026-07-09 17:18:04.068147
257.91796875,487.578125,1.375,3.141592653589793,2026-07-09 17:18:04.070589
255.85546875,486.890625,2.174065891365761,-2.819842099193151,2026-07-09 17:18:04.071081
254.48046875,486.203125,1.5372967345311055,-2.677945044588987,2026-07-09 17:18:04.071547
253.10546875,486.203125,1.375,3.141592653589793,2026-07-09 17:18:04.072103
251.73046875,486.203125,1.375,3.141592653589793,2026-07-09 17:18:04.073144
250.35546875,485.515625,1.5372967345311055,-2.677945044588987,2026-07-09 17:18:04.074093
249.66796875,485.515625,0.6875,3.141592653589793,2026-07-09 17:18:04.075155
248.98046875,485.515625,0.6875,3.141592653589793,2026-07-09 17:18:04.076087
248.29296875,484.828125,0.9722718241315028,-2.356194490192345,2026-07-09 17:18:04.077095
247.60546875,484.828125,0.6875,3.141592653589793,2026-07-09 17:18:04.078091
246.91796875,484.828125,0.6875,3.141592653589793,2026-07-09 17:18:04.080231
246.23046875,484.140625,0.9722718241315028,-2.356194490192345,2026-07-09 17:18:04.081105
246.91796875,484.140625,0.6875,0.0,2026-07-09 17:18:04.115434
247.60546875,484.140625,0.6875,0.0,2026-07-09 17:18:04.118343
248.29296875,484.140625,0.6875,0.0,2026-07-09 17:18:04.120260
248.98046875,484.140625,0.6875,0.0,2026-07-09 17:18:04.122312
249.66796875,484.140625,0.6875,0.0,2026-07-09 17:18:04.124249
250.35546875,484.140625,0.6875,0.0,2026-07-09 17:18:04.125117
251.04296875,484.140625,0.6875,0.0,2026-07-09 17:18:04.127239
251.73046875,484.140625,0.6875,0.0,2026-07-09 17:18:04.129288
252.41796875,484.140625,0.6875,0.0,2026-07-09 17:18:04.130172
253.10546875,484.140625,0.6875,0.0,2026-07-09 17:18:04.132304
253.79296875,484.140625,0.6875,0.0,2026-07-09 17:18:04.133264
254.48046875,484.140625,0.6875,0.0,2026-07-09 17:18:04.134179
255.16796875,484.140625,0.6875,0.0,2026-07-09 17:18:04.135171
255.85546875,484.140625,0.6875,0.0,2026-07-09 17:18:04.136108
256.54296875,484.140625,0.6875,0.0,2026-07-09 17:18:04.137112
257.23046875,484.140625,0.6875,0.0,2026-07-09 17:18:04.138108
257.91796875,484.140625,0.6875,0.0,2026-07-09 17:18:04.139106
259.29296875,484.140625,1.375,0.0,2026-07-09 17:18:04.140111
259.98046875,484.140625,0.6875,0.0,2026-07-09 17:18:04.141098
260.66796875,484.140625,0.6875,0.0,2026-07-09 17:18:04.142151
261.35546875,484.140625,0.6875,0.0,2026-07-09 17:18:04.143097
262.73046875,484.140625,1.375,0.0,2026-07-09 17:18:04.144100
263.41796875,484.140625,0.6875,0.0,2026-07-09 17:18:04.145107
264.10546875,484.140625,0.6875,0.0,2026-07-09 17:18:04.146108
264.79296875,484.140625,0.6875,0.0,2026-07-09 17:18:04.147097
266.16796875,484.140625,1.375,0.0,2026-07-09 17:18:04.148108
267.54296875,484.140625,1.375,0.0,2026-07-09 17:18:04.149220
268.23046875,484.140625,0.6875,0.0,2026-07-09 17:18:04.150111
268.91796875,484.140625,0.6875,0.0,2026-07-09 17:18:04.151100
270.29296875,484.140625,1.375,0.0,2026-07-09 17:18:04.152149
270.98046875,484.140625,0.6875,0.0,2026-07-09 17:18:04.154138
272.35546875,484.140625,1.375,0.0,2026-07-09 17:18:04.154854
273.04296875,484.140625,0.6875,0.0,2026-07-09 17:18:04.155313
274.41796875,484.140625,1.375,0.0,2026-07-09 17:18:04.156078
275.79296875,484.140625,1.375,0.0,2026-07-09 17:18:04.157158
277.16796875,484.140625,1.375,0.0,2026-07-09 17:18:04.158080
277.85546875,484.140625,0.6875,0.0,2026-07-09 17:18:04.159160
279.23046875,484.140625,1.375,0.0,2026-07-09 17:18:04.160075
280.60546875,484.140625,1.375,0.0,2026-07-09 17:18:04.161152
281.98046875,484.828125,1.5372967345311055,0.4636476090008061,2026-07-09 17:18:04.162082
282.66796875,484.828125,0.6875,0.0,2026-07-09 17:18:04.163268
284.04296875,484.828125,1.375,0.0,2026-07-09 17:18:04.164121
285.41796875,484.828125,1.375,0.0,2026-07-09 17:18:04.165149
286.79296875,484.828125,1.375,0.0,2026-07-09 17:18:04.166091
288.16796875,484.828125,1.375,0.0,2026-07-09 17:18:04.167109
289.54296875,484.828125,1.375,0.0,2026-07-09 17:18:04.168089
290.91796875,484.828125,1.375,0.0,2026-07-09 17:18:04.170746
292.29296875,484.828125,1.375,0.0,2026-07-09 17:18:04.171354
293.66796875,484.828125,1.375,0.0,2026-07-09 17:18:04.171814
295.04296875,484.828125,1.375,0.0,2026-07-09 17:18:04.172271
296.41796875,484.828125,1.375,0.0,2026-07-09 17:18:04.173086
298.48046875,484.828125,2.0625,0.0,2026-07-09 17:18:04.174114
299.85546875,484.828125,1.375,0.0,2026-07-09 17:18:04.175078
301.23046875,485.515625,1.5372967345311055,0.4636476090008061,2026-07-09 17:18:04.176131
303.29296875,485.515625,2.0625,0.0,2026-07-09 17:18:04.177184
304.66796875,485.515625,1.375,0.0,2026-07-09 17:18:04.178078
306.73046875,485.515625,2.0625,0.0,2026-07-09 17:18:04.179080
308.79296875,485.515625,2.0625,0.0,2026-07-09 17:18:04.180156
310.16796875,485.515625,1.375,0.0,2026-07-09 17:18:04.181077
312.23046875,485.515625,2.0625,0.0,2026-07-09 17:18:04.182103
314.29296875,485.515625,2.0625,0.0,2026-07-09 17:18:04.183154
315.66796875,485.515625,1.375,0.0,2026-07-09 17:18:04.184090
317.73046875,485.515625,2.0625,0.0,2026-07-09 17:18:04.185108
319.79296875,486.203125,2.174065891365761,0.3217505543966422,2026-07-09 17:18:04.187455
321.85546875,486.203125,2.0625,0.0,2026-07-09 17:18:04.187981
323.91796875,486.203125,2.0625,0.0,2026-07-09 17:18:04.188423
325.98046875,486.203125,2.0625,0.0,2026-07-09 17:18:04.189172
328.04296875,486.203125,2.0625,0.0,2026-07-09 17:18:04.190099
330.79296875,486.203125,2.75,0.0,2026-07-09 17:18:04.191080
332.85546875,486.203125,2.0625,0.0,2026-07-09 17:18:04.192128
334.91796875,486.890625,2.174065891365761,0.3217505543966422,2026-07-09 17:18:04.193068
336.98046875,486.890625,2.0625,0.0,2026-07-09 17:18:04.194090
339.73046875,486.890625,2.75,0.0,2026-07-09 17:18:04.195133
342.48046875,486.890625,2.75,0.0,2026-07-09 17:18:04.196064
345.23046875,486.890625,2.75,0.0,2026-07-09 17:18:04.197170
347.29296875,486.890625,2.0625,0.0,2026-07-09 17:18:04.198079
350.04296875,486.890625,2.75,0.0,2026-07-09 17:18:04.199149
352.79296875,486.890625,2.75,0.0,2026-07-09 17:18:04.200083
354.85546875,487.578125,2.174065891365761,0.3217505543966422,2026-07-09 17:18:04.201073
357.60546875,487.578125,2.75,0.0,2026-07-09 17:18:04.202145
360.35546875,487.578125,2.75,0.0,2026-07-09 17:18:04.203989
363.10546875,487.578125,2.75,0.0,2026-07-09 17:18:04.204641
365.85546875,488.265625,2.834635117612142,0.24497866312686414,2026-07-09 17:18:04.205204
368.60546875,488.265625,2.75,0.0,2026-07-09 17:18:04.206141
372.04296875,488.265625,3.4375,0.0,2026-07-09 17:18:04.207138
375.48046875,488.265625,3.4375,0.0,2026-07-09 17:18:04.208065
377.54296875,488.265625,2.0625,0.0,2026-07-09 17:18:04.209063
380.29296875,488.265625,2.75,0.0,2026-07-09 17:18:04.210141
383.73046875,488.953125,3.5055759155950397,0.19739555984988075,2026-07-09 17:18:04.211088
386.48046875,488.953125,2.75,0.0,2026-07-09 17:18:04.212117
389.91796875,488.953125,3.4375,0.0,2026-07-09 17:18:04.213082
392.66796875,488.953125,2.75,0.0,2026-07-09 17:18:04.214084
396.10546875,488.953125,3.4375,0.0,2026-07-09 17:18:04.215071
398.85546875,489.640625,2.834635117612142,0.24497866312686414,2026-07-09 17:18:04.216133
402.29296875,489.640625,3.4375,0.0,2026-07-09 17:18:04.217072
405.04296875,489.640625,2.75,0.0,2026-07-09 17:18:04.218094
408.48046875,489.640625,3.4375,0.0,2026-07-09 17:18:04.220729
411.91796875,489.640625,3.4375,0.0,2026-07-09 17:18:04.221293
415.35546875,490.328125,3.5055759155950397,0.19739555984988075,2026-07-09 17:18:04.221956
418.10546875,490.328125,2.75,0.0,2026-07-09 17:18:04.222454
421.54296875,490.328125,3.4375,0.0,2026-07-09 17:18:04.223190
424.29296875,490.328125,2.75,0.0,2026-07-09 17:18:04.224079
427.73046875,490.328125,3.4375,0.0,2026-07-09 17:18:04.225070
430.48046875,491.015625,2.834635117612142,0.24497866312686414,2026-07-09 17:18:04.226141
433.91796875,491.015625,3.4375,0.0,2026-07-09 17:18:04.227082
437.35546875,491.015625,3.4375,0.0,2026-07-09 17:18:04.228076
440.79296875,491.015625,3.4375,0.0,2026-07-09 17:18:04.229133
443.54296875,491.703125,2.834635117612142,0.24497866312686414,2026-07-09 17:18:04.230137
446.29296875,491.703125,2.75,0.0,2026-07-09 17:18:04.231092
450.41796875,491.703125,4.125,0.0,2026-07-09 17:18:04.232075
453.85546875,491.703125,3.4375,0.0,2026-07-09 17:18:04.233104
456.60546875,491.703125,2.75,0.0,2026-07-09 17:18:04.234151
459.35546875,491.703125,2.75,0.0,2026-07-09 17:18:04.235150
462.79296875,492.390625,3.5055759155950397,0.19739555984988075,2026-07-09 17:18:04.237414
465.54296875,492.390625,2.75,0.0,2026-07-09 17:18:04.237965
468.98046875,492.390625,3.4375,0.0,2026-07-09 17:18:04.238539
472.41796875,492.390625,3.4375,0.0,2026-07-09 17:18:04.239170
475.85546875,493.078125,3.5055759155950397,0.19739555984988075,2026-07-09 17:18:04.240143
478.60546875,493.078125,2.75,0.0,2026-07-09 17:18:04.241076
482.04296875,493.078125,3.4375,0.0,2026-07-09 17:18:04.242124
484.79296875,493.078125,2.75,0.0,2026-07-09 17:18:04.243070
487.54296875,493.078125,2.75,0.0,2026-07-09 17:18:04.244137
490.98046875,493.765625,3.5055759155950397,0.19739555984988075,2026-07-09 17:18:04.245087
494.41796875,493.765625,3.4375,0.0,2026-07-09 17:18:04.246147
497.16796875,493.765625,2.75,0.0,2026-07-09 17:18:04.247131
499.91796875,493.765625,2.75,0.0,2026-07-09 17:18:04.248142
502.66796875,493.765625,2.75,0.0,2026-07-09 17:18:04.249090
506.10546875,494.453125,3.5055759155950397,0.19739555984988075,2026-07-09 17:18:04.250133
508.85546875,494.453125,2.75,0.0,2026-07-09 17:18:04.251069
512.29296875,494.453125,3.4375,0.0,2026-07-09 17:18:04.252133
515.04296875,495.140625,2.834635117612142,0.24497866312686414,2026-07-09 17:18:04.254078
518.48046875,495.140625,3.4375,0.0,2026-07-09 17:18:04.254740
521.23046875,495.140625,2.75,0.0,2026-07-09 17:18:04.255249
524.66796875,495.140625,3.4375,0.0,2026-07-09 17:18:04.256068
527.41796875,495.140625,2.75,0.0,2026-07-09 17:18:04.257152
530.85546875,495.140625,3.4375,0.0,2026-07-09 17:18:04.258057
533.60546875,495.828125,2.834635117612142,0.24497866312686414,2026-07-09 17:18:04.259212
536.35546875,495.828125,2.75,0.0,2026-07-09 17:18:04.260131
539.10546875,495.828125,2.75,0.0,2026-07-09 17:18:04.261048
541.85546875,495.828125,2.75,0.0,2026-07-09 17:18:04.262179
545.29296875,495.828125,3.4375,0.0,2026-07-09 17:18:04.263040
548.04296875,496.515625,2.834635117612142,0.24497866312686414,2026-07-09 17:18:04.264086
550.79296875,496.515625,2.75,0.0,2026-07-09 17:18:04.265144
554.23046875,496.515625,3.4375,0.0,2026-07-09 17:18:04.266135
556.98046875,496.515625,2.75,0.0,2026-07-09 17:18:04.267118
559.73046875,496.515625,2.75,0.0,2026-07-09 17:18:04.268111
562.48046875,497.203125,2.834635117612142,0.24497866312686414,2026-07-09 17:18:04.270657
565.23046875,497.203125,2.75,0.0,2026-07-09 17:18:04.271273
567.98046875,497.890625,2.834635117612142,0.24497866312686414,2026-07-09 17:18:04.271767
570.73046875,497.890625,2.75,0.0,2026-07-09 17:18:04.272292
574.16796875,497.890625,3.4375,0.0,2026-07-09 17:18:04.273170
576.91796875,497.890625,2.75,0.0,2026-07-09 17:18:04.274057
579.66796875,497.890625,2.75,0.0,2026-07-09 17:18:04.275167
581.73046875,498.578125,2.174065891365761,0.3217505543966422,2026-07-09 17:18:04.276130
584.48046875,498.578125,2.75,0.0,2026-07-09 17:18:04.277167
587.23046875,498.578125,2.75,0.0,2026-07-09 17:18:04.278081
589.98046875,498.578125,2.75,0.0,2026-07-09 17:18:04.279150
592.73046875,499.265625,2.834635117612142,0.24497866312686414,2026-07-09 17:18:04.280077
595.48046875,499.265625,2.75,0.0,2026-07-09 17:18:04.281063
598.23046875,499.265625,2.75,0.0,2026-07-09 17:18:04.282132
600.29296875,499.265625,2.0625,0.0,2026-07-09 17:18:04.283116
602.35546875,499.953125,2.174065891365761,0.3217505543966422,2026-07-09 17:18:04.284132
605.10546875,499.953125,2.75,0.0,2026-07-09 17:18:04.285044
607.16796875,499.953125,2.0625,0.0,2026-07-09 17:18:04.287343
609.91796875,500.640625,2.834635117612142,0.24497866312686414,2026-07-09 17:18:04.287801
612.66796875,500.640625,2.75,0.0,2026-07-09 17:18:04.288239
614.73046875,500.640625,2.0625,0.0,2026-07-09 17:18:04.289152
616.79296875,500.640625,2.0625,0.0,2026-07-09 17:18:04.290118
618.85546875,500.640625,2.0625,0.0,2026-07-09 17:18:04.291124
620.91796875,500.640625,2.0625,0.0,2026-07-09 17:18:04.292115
622.98046875,501.328125,2.174065891365761,0.3217505543966422,2026-07-09 17:18:04.293133
625.04296875,501.328125,2.0625,0.0,2026-07-09 17:18:04.294052
627.10546875,501.328125,2.0625,0.0,2026-07-09 17:18:04.295054
629.16796875,501.328125,2.0625,0.0,2026-07-09 17:18:04.296199
631.23046875,501.328125,2.0625,0.0,2026-07-09 17:18:04.297051
633.29296875,502.015625,2.174065891365761,0.3217505543966422,2026-07-09 17:18:04.298139
635.35546875,502.015625,2.0625,0.0,2026-07-09 17:18:04.299050
636.73046875,502.015625,1.375,0.0,2026-07-09 17:18:04.300169
638.10546875,502.015625,1.375,0.0,2026-07-09 17:18:04.301052
640.16796875,502.015625,2.0625,0.0,2026-07-09 17:18:04.302158
642.23046875,502.015625,2.0625,0.0,2026-07-09 17:18:04.303784
643.60546875,502.703125,1.5372967345311055,0.4636476090008061,2026-07-09 17:18:04.304273
644.98046875,502.703125,1.375,0.0,2026-07-09 17:18:04.305061
647.04296875,502.703125,2.0625,0.0,2026-07-09 17:18:04.306212
648.41796875,502.703125,1.375,0.0,2026-07-09 17:18:04.307059
649.79296875,502.703125,1.375,0.0,2026-07-09 17:18:04.308125
651.16796875,502.703125,1.375,0.0,2026-07-09 17:18:04.309164
652.54296875,502.703125,1.375,0.0,2026-07-09 17:18:04.310127
653.91796875,503.390625,1.5372967345311055,0.4636476090008061,2026-07-09 17:18:04.311119
655.29296875,503.390625,1.375,0.0,2026-07-09 17:18:04.312064
656.66796875,503.390625,1.375,0.0,2026-07-09 17:18:04.313208
658.04296875,503.390625,1.375,0.0,2026-07-09 17:18:04.314066
659.41796875,503.390625,1.375,0.0,2026-07-09 17:18:04.315161
660.10546875,503.390625,0.6875,0.0,2026-07-09 17:18:04.316092
660.79296875,503.390625,0.6875,0.0,2026-07-09 17:18:04.317087
662.16796875,504.078125,1.5372967345311055,0.4636476090008061,2026-07-09 17:18:04.318132
663.54296875,504.078125,1.375,0.0,2026-07-09 17:18:04.320598
664.23046875,504.078125,0.6875,0.0,2026-07-09 17:18:04.321120
665.60546875,504.078125,1.375,0.0,2026-07-09 17:18:04.321633
666.29296875,504.078125,0.6875,0.0,2026-07-09 17:18:04.322166
667.66796875,504.765625,1.5372967345311055,0.4636476090008061,2026-07-09 17:18:04.323149
668.35546875,504.765625,0.6875,0.0,2026-07-09 17:18:04.324084
669.04296875,504.765625,0.6875,0.0,2026-07-09 17:18:04.325139
670.41796875,504.765625,1.375,0.0,2026-07-09 17:18:04.326087
671.10546875,504.765625,0.6875,0.0,2026-07-09 17:18:04.327118
671.79296875,505.453125,0.9722718241315028,0.7853981633974483,2026-07-09 17:18:04.328066
672.48046875,505.453125,0.6875,0.0,2026-07-09 17:18:04.329189
673.85546875,505.453125,1.375,0.0,2026-07-09 17:18:04.330114
674.54296875,505.453125,0.6875,0.0,2026-07-09 17:18:04.331120
675.23046875,505.453125,0.6875,0.0,2026-07-09 17:18:04.332097
675.91796875,505.453125,0.6875,0.0,2026-07-09 17:18:04.333188
676.60546875,506.140625,0.9722718241315028,0.7853981633974483,2026-07-09 17:18:04.334054
677.29296875,506.140625,0.6875,0.0,2026-07-09 17:18:04.335124
677.98046875,506.140625,0.6875,0.0,2026-07-09 17:18:04.337267
678.66796875,506.828125,0.9722718241315028,0.7853981633974483,2026-07-09 17:18:04.337703
680.04296875,506.828125,1.375,0.0,2026-07-09 17:18:04.338131
680.73046875,506.828125,0.6875,0.0,2026-07-09 17:18:04.339099
681.41796875,506.828125,0.6875,0.0,2026-07-09 17:18:04.340101
682.10546875,507.515625,0.9722718241315028,0.7853981633974483,2026-07-09 17:18:04.341151
682.79296875,507.515625,0.6875,0.0,2026-07-09 17:18:04.342061
683.48046875,507.515625,0.6875,0.0,2026-07-09 17:18:04.343135
684.16796875,507.515625,0.6875,0.0,2026-07-09 17:18:04.344051
684.85546875,508.203125,0.9722718241315028,0.7853981633974483,2026-07-09 17:18:04.345165
686.23046875,508.203125,1.375,0.0,2026-07-09 17:18:04.346057
686.91796875,508.203125,0.6875,0.0,2026-07-09 17:18:04.347123
687.60546875,508.203125,0.6875,0.0,2026-07-09 17:18:04.348058
688.29296875,508.203125,0.6875,0.0,2026-07-09 17:18:04.349123
688.98046875,508.203125,0.6875,0.0,2026-07-09 17:18:04.350121
690.35546875,508.890625,1.5372967345311055,0.4636476090008061,2026-07-09 17:18:04.351113
691.04296875,508.890625,0.6875,0.0,2026-07-09 17:18:04.352076
691.73046875,508.890625,0.6875,0.0,2026-07-09 17:18:04.353910
693.10546875,508.890625,1.375,0.0,2026-07-09 17:18:04.354502
694.48046875,509.578125,1.5372967345311055,0.4636476090008061,2026-07-09 17:18:04.355103
695.16796875,509.578125,0.6875,0.0,2026-07-09 17:18:04.356197
695.85546875,509.578125,0.6875,0.0,2026-07-09 17:18:04.357094
696.54296875,509.578125,0.6875,0.0,2026-07-09 17:18:04.358080
697.91796875,510.265625,1.5372967345311055,0.4636476090008061,2026-07-09 17:18:04.359116
698.60546875,510.265625,0.6875,0.0,2026-07-09 17:18:04.360090
699.29296875,510.265625,0.6875,0.0,2026-07-09 17:18:04.361139
700.66796875,510.265625,1.375,0.0,2026-07-09 17:18:04.362173
702.04296875,510.953125,1.5372967345311055,0.4636476090008061,2026-07-09 17:18:04.363198
702.73046875,510.953125,0.6875,0.0,2026-07-09 17:18:04.364081
703.41796875,510.953125,0.6875,0.0,2026-07-09 17:18:04.365110
704.79296875,510.953125,1.375,0.0,2026-07-09 17:18:04.366144
705.48046875,511.640625,0.9722718241315028,0.7853981633974483,2026-07-09 17:18:04.367117
706.85546875,511.640625,1.375,0.0,2026-07-09 17:18:04.368128
707.54296875,511.640625,0.6875,0.0,2026-07-09 17:18:04.370608
708.23046875,511.640625,0.6875,0.0,2026-07-09 17:18:04.371112
709.60546875,511.640625,1.375,0.0,2026-07-09 17:18:04.371521
710.29296875,512.328125,0.9722718241315028,0.7853981633974483,2026-07-09 17:18:04.372084
710.98046875,512.328125,0.6875,0.0,2026-07-09 17:18:04.373115
712.35546875,512.328125,1.375,0.0,2026-07-09 17:18:04.374041
713.04296875,512.328125,0.6875,0.0,2026-07-09 17:18:04.375203
713.73046875,512.328125,0.6875,0.0,2026-07-09 17:18:04.376091
714.41796875,513.015625,0.9722718241315028,0.7853981633974483,2026-07-09 17:18:04.377187
715.10546875,513.015625,0.6875,0.0,2026-07-09 17:18:04.378193
715.79296875,513.015625,0.6875,0.0,2026-07-09 17:18:04.379164
717.16796875,513.015625,1.375,0.0,2026-07-09 17:18:04.380185
717.85546875,513.015625,0.6875,0.0,2026-07-09 17:18:04.381097
718.54296875,513.015625,0.6875,0.0,2026-07-09 17:18:04.382175
719.23046875,513.015625,0.6875,0.0,2026-07-09 17:18:04.383073
719.91796875,513.703125,0.9722718241315028,0.7853981633974483,2026-07-09 17:18:04.384076
720.60546875,513.703125,0.6875,0.0,2026-07-09 17:18:04.385130
721.29296875,513.703125,0.6875,0.0,2026-07-09 17:18:04.387338
721.98046875,513.703125,0.6875,0.0,2026-07-09 17:18:04.387828
722.66796875,513.703125,0.6875,0.0,2026-07-09 17:18:04.388359
723.35546875,513.703125,0.6875,0.0,2026-07-09 17:18:04.390247
724.04296875,513.703125,0.6875,0.0,2026-07-09 17:18:04.392255
724.73046875,513.703125,0.6875,0.0,2026-07-09 17:18:04.393072
725.41796875,513.703125,0.6875,0.0,2026-07-09 17:18:04.395184
726.10546875,513.703125,0.6875,0.0,2026-07-09 17:18:04.397146
726.79296875,513.703125,0.6875,0.0,2026-07-09 17:18:04.400222
727.48046875,513.703125,0.6875,0.0,2026-07-09 17:18:04.402219
728.16796875,513.703125,0.6875,0.0,2026-07-09 17:18:04.447667
728.85546875,513.703125,0.6875,0.0,2026-07-09 17:18:04.463575
729.54296875,513.703125,0.6875,0.0,2026-07-09 17:18:04.468615
730.23046875,513.703125,0.6875,0.0,2026-07-09 17:18:04.475973
730.91796875,513.703125,0.6875,0.0,2026-07-09 17:18:05.146607
731.60546875,513.015625,0.9722718241315028,-0.7853981633974483,2026-07-09 17:18:05.151154
732.29296875,513.015625,0.6875,0.0,2026-07-09 17:18:05.153285
732.98046875,512.328125,0.9722718241315028,-0.7853981633974483,2026-07-09 17:18:05.155015
733.66796875,511.640625,0.9722718241315028,-0.7853981633974483,2026-07-09 17:18:05.156167
734.35546875,511.640625,0.6875,0.0,2026-07-09 17:18:05.156938
735.04296875,510.953125,0.9722718241315028,-0.7853981633974483,2026-07-09 17:18:05.157580
735.73046875,510.265625,0.9722718241315028,-0.7853981633974483,2026-07-09 17:18:05.158205
735.73046875,509.578125,0.6875,-1.5707963267948966,2026-07-09 17:18:05.158784
736.41796875,509.578125,0.6875,0.0,2026-07-09 17:18:05.159356
737.10546875,508.890625,0.9722718241315028,-0.7853981633974483,2026-07-09 17:18:05.159948
737.79296875,508.203125,0.9722718241315028,-0.7853981633974483,2026-07-09 17:18:05.160513
738.48046875,507.515625,0.9722718241315028,-0.7853981633974483,2026-07-09 17:18:05.161102
739.16796875,506.828125,0.9722718241315028,-0.7853981633974483,2026-07-09 17:18:05.161686
739.85546875,506.140625,0.9722718241315028,-0.7853981633974483,2026-07-09 17:18:05.162179
740.54296875,505.453125,0.9722718241315028,-0.7853981633974483,2026-07-09 17:18:05.162647
741.91796875,504.765625,1.5372967345311055,-0.4636476090008061,2026-07-09 17:18:05.163175
743.29296875,504.078125,1.5372967345311055,-0.4636476090008061,2026-07-09 17:18:05.164496
743.98046875,503.390625,0.9722718241315028,-0.7853981633974483,2026-07-09 17:18:05.165432
744.66796875,502.703125,0.9722718241315028,-0.7853981633974483,2026-07-09 17:18:05.166143
746.04296875,502.015625,1.5372967345311055,-0.4636476090008061,2026-07-09 17:18:05.167259
746.73046875,501.328125,0.9722718241315028,-0.7853981633974483,2026-07-09 17:18:05.168110
748.10546875,500.640625,1.5372967345311055,-0.4636476090008061,2026-07-09 17:18:05.169335
748.79296875,499.953125,0.9722718241315028,-0.7853981633974483,2026-07-09 17:18:05.170121
750.16796875,499.265625,1.5372967345311055,-0.4636476090008061,2026-07-09 17:18:05.171390
751.54296875,498.578125,1.5372967345311055,-0.4636476090008061,2026-07-09 17:18:05.172459
752.91796875,497.890625,1.5372967345311055,-0.4636476090008061,2026-07-09 17:18:05.173487
754.29296875,497.203125,1.5372967345311055,-0.4636476090008061,2026-07-09 17:18:05.174182
754.98046875,496.515625,0.9722718241315028,-0.7853981633974483,2026-07-09 17:18:05.175111
756.35546875,495.828125,1.5372967345311055,-0.4636476090008061,2026-07-09 17:18:05.176210
757.73046875,495.140625,1.5372967345311055,-0.4636476090008061,2026-07-09 17:18:05.177111
759.10546875,494.453125,1.5372967345311055,-0.4636476090008061,2026-07-09 17:18:05.178219
760.48046875,493.765625,1.5372967345311055,-0.4636476090008061,2026-07-09 17:18:05.179142
761.85546875,493.078125,1.5372967345311055,-0.4636476090008061,2026-07-09 17:18:05.180185
763.91796875,492.390625,2.174065891365761,-0.3217505543966422,2026-07-09 17:18:05.181117
764.60546875,491.703125,0.9722718241315028,-0.7853981633974483,2026-07-09 17:18:05.182218
765.98046875,490.328125,1.9445436482630056,-0.7853981633974483,2026-07-09 17:18:05.183110
767.35546875,489.640625,1.5372967345311055,-0.4636476090008061,2026-07-09 17:18:05.184306
768.73046875,488.953125,1.5372967345311055,-0.4636476090008061,2026-07-09 17:18:05.185088
770.79296875,488.265625,2.174065891365761,-0.3217505543966422,2026-07-09 17:18:05.188296
771.48046875,487.578125,0.9722718241315028,-0.7853981633974483,2026-07-09 17:18:05.188694
772.85546875,486.203125,1.9445436482630056,-0.7853981633974483,2026-07-09 17:18:05.189078
774.91796875,485.515625,2.174065891365761,-0.3217505543966422,2026-07-09 17:18:05.189476
776.29296875,484.140625,1.9445436482630056,-0.7853981633974483,2026-07-09 17:18:05.190104
778.35546875,483.453125,2.174065891365761,-0.3217505543966422,2026-07-09 17:18:05.191265
779.73046875,482.765625,1.5372967345311055,-0.4636476090008061,2026-07-09 17:18:05.192294
781.10546875,482.078125,1.5372967345311055,-0.4636476090008061,2026-07-09 17:18:05.193104
783.16796875,480.703125,2.4788165018814925,-0.5880026035475675,2026-07-09 17:18:05.194106
784.54296875,480.015625,1.5372967345311055,-0.4636476090008061,2026-07-09 17:18:05.195255
785.91796875,478.640625,1.9445436482630056,-0.7853981633974483,2026-07-09 17:18:05.196280
787.98046875,477.953125,2.174065891365761,-0.3217505543966422,2026-07-09 17:18:05.197088
790.04296875,476.578125,2.4788165018814925,-0.5880026035475675,2026-07-09 17:18:05.198277
791.41796875,475.890625,1.5372967345311055,-0.4636476090008061,2026-07-09 17:18:05.199108
793.48046875,475.203125,2.174065891365761,-0.3217505543966422,2026-07-09 17:18:05.200283
794.85546875,473.828125,1.9445436482630056,-0.7853981633974483,2026-07-09 17:18:05.201300
796.91796875,473.140625,2.174065891365761,-0.3217505543966422,2026-07-09 17:18:05.202300
798.98046875,471.765625,2.4788165018814925,-0.5880026035475675,2026-07-09 17:18:05.206262
801.04296875,470.390625,2.4788165018814925,-0.5880026035475675,2026-07-09 17:18:05.206646
802.41796875,469.015625,1.9445436482630056,-0.7853981633974483,2026-07-09 17:18:05.206978
805.16796875,468.328125,2.834635117612142,-0.24497866312686414,2026-07-09 17:18:05.207288
806.54296875,466.953125,1.9445436482630056,-0.7853981633974483,2026-07-09 17:18:05.207591
808.60546875,466.265625,2.174065891365761,-0.3217505543966422,2026-07-09 17:18:05.208179
811.35546875,464.890625,3.074593469062211,-0.4636476090008061,2026-07-09 17:18:05.209084
812.73046875,464.203125,1.5372967345311055,-0.4636476090008061,2026-07-09 17:18:05.210136
814.79296875,462.828125,2.4788165018814925,-0.5880026035475675,2026-07-09 17:18:05.211062
817.54296875,461.453125,3.074593469062211,-0.4636476090008061,2026-07-09 17:18:05.212125
819.60546875,460.078125,2.4788165018814925,-0.5880026035475675,2026-07-09 17:18:05.213131
821.66796875,458.703125,2.4788165018814925,-0.5880026035475675,2026-07-09 17:18:05.214116
823.73046875,458.015625,2.174065891365761,-0.3217505543966422,2026-07-09 17:18:05.215048
825.79296875,456.640625,2.4788165018814925,-0.5880026035475675,2026-07-09 17:18:05.216196
827.85546875,455.265625,2.4788165018814925,-0.5880026035475675,2026-07-09 17:18:05.217048
830.60546875,453.890625,3.074593469062211,-0.4636476090008061,2026-07-09 17:18:05.218254
832.66796875,452.515625,2.4788165018814925,-0.5880026035475675,2026-07-09 17:18:05.220790
834.73046875,451.140625,2.4788165018814925,-0.5880026035475675,2026-07-09 17:18:05.221344
837.48046875,449.765625,3.074593469062211,-0.4636476090008061,2026-07-09 17:18:05.221733
839.54296875,448.390625,2.4788165018814925,-0.5880026035475675,2026-07-09 17:18:05.222131
842.29296875,447.015625,3.074593469062211,-0.4636476090008061,2026-07-09 17:18:05.223066
844.35546875,445.640625,2.4788165018814925,-0.5880026035475675,2026-07-09 17:18:05.224128
847.10546875,444.265625,3.074593469062211,-0.4636476090008061,2026-07-09 17:18:05.225106
849.85546875,442.890625,3.074593469062211,-0.4636476090008061,2026-07-09 17:18:05.226040
851.91796875,440.828125,2.9168154723945086,-0.7853981633974483,2026-07-09 17:18:05.227156
853.98046875,440.140625,2.174065891365761,-0.3217505543966422,2026-07-09 17:18:05.228047
856.73046875,438.765625,3.074593469062211,-0.4636476090008061,2026-07-09 17:18:05.229046
859.48046875,437.390625,3.074593469062211,-0.4636476090008061,2026-07-09 17:18:05.230149
862.23046875,435.328125,3.4375,-0.6435011087932844,2026-07-09 17:18:05.231151
864.29296875,433.953125,2.4788165018814925,-0.5880026035475675,2026-07-09 17:18:05.232066
867.04296875,432.578125,3.074593469062211,-0.4636476090008061,2026-07-09 17:18:05.233147
869.79296875,431.203125,3.074593469062211,-0.4636476090008061,2026-07-09 17:18:05.234126
872.54296875,429.828125,3.074593469062211,-0.4636476090008061,2026-07-09 17:18:05.235139
874.60546875,427.765625,2.9168154723945086,-0.7853981633974483,2026-07-09 17:18:05.237317
877.35546875,426.390625,3.074593469062211,-0.4636476090008061,2026-07-09 17:18:05.237823
880.10546875,425.015625,3.074593469062211,-0.4636476090008061,2026-07-09 17:18:05.238270
883.54296875,422.953125,4.008779427706144,-0.5404195002705842,2026-07-09 17:18:05.239043
885.60546875,421.578125,2.4788165018814925,-0.5880026035475675,2026-07-09 17:18:05.240119
887.66796875,420.203125,2.4788165018814925,-0.5880026035475675,2026-07-09 17:18:05.241058
890.41796875,418.140625,3.4375,-0.6435011087932844,2026-07-09 17:18:05.242077
893.16796875,416.765625,3.074593469062211,-0.4636476090008061,2026-07-09 17:18:05.243185
895.91796875,414.703125,3.4375,-0.6435011087932844,2026-07-09 17:18:05.244125
898.66796875,413.328125,3.074593469062211,-0.4636476090008061,2026-07-09 17:18:05.245165
901.41796875,411.953125,3.074593469062211,-0.4636476090008061,2026-07-09 17:18:05.246063
904.16796875,409.890625,3.4375,-0.6435011087932844,2026-07-09 17:18:05.247171
906.91796875,407.828125,3.4375,-0.6435011087932844,2026-07-09 17:18:05.248070
909.66796875,406.453125,3.074593469062211,-0.4636476090008061,2026-07-09 17:18:05.249129
912.41796875,405.078125,3.074593469062211,-0.4636476090008061,2026-07-09 17:18:05.250130
915.16796875,403.703125,3.074593469062211,-0.4636476090008061,2026-07-09 17:18:05.251063
917.91796875,401.640625,3.4375,-0.6435011087932844,2026-07-09 17:18:05.252133
920.66796875,400.265625,3.074593469062211,-0.4636476090008061,2026-07-09 17:18:05.253748
923.41796875,398.203125,3.4375,-0.6435011087932844,2026-07-09 17:18:05.254533
925.48046875,396.828125,2.4788165018814925,-0.5880026035475675,2026-07-09 17:18:05.255116
928.23046875,394.765625,3.4375,-0.6435011087932844,2026-07-09 17:18:05.256129
930.98046875,393.390625,3.074593469062211,-0.4636476090008061,2026-07-09 17:18:05.257123
933.04296875,392.015625,2.4788165018814925,-0.5880026035475675,2026-07-09 17:18:05.258119
935.79296875,389.953125,3.4375,-0.6435011087932844,2026-07-09 17:18:05.259116
938.54296875,387.890625,3.4375,-0.6435011087932844,2026-07-09 17:18:05.260111
941.29296875,386.515625,3.074593469062211,-0.4636476090008061,2026-07-09 17:18:05.261049
944.04296875,385.140625,3.074593469062211,-0.4636476090008061,2026-07-09 17:18:05.262222
946.79296875,383.078125,3.4375,-0.6435011087932844,2026-07-09 17:18:05.263142
949.54296875,381.703125,3.074593469062211,-0.4636476090008061,2026-07-09 17:18:05.264053
952.29296875,380.328125,3.074593469062211,-0.4636476090008061,2026-07-09 17:18:05.265183
954.35546875,378.265625,2.9168154723945086,-0.7853981633974483,2026-07-09 17:18:05.266062
957.10546875,376.890625,3.074593469062211,-0.4636476090008061,2026-07-09 17:18:05.267076
959.85546875,375.515625,3.074593469062211,-0.4636476090008061,2026-07-09 17:18:05.268134
962.60546875,373.453125,3.4375,-0.6435011087932844,2026-07-09 17:18:05.270565
965.35546875,372.078125,3.074593469062211,-0.4636476090008061,2026-07-09 17:18:05.270994
968.10546875,370.015625,3.4375,-0.6435011087932844,2026-07-09 17:18:05.271434
970.85546875,367.953125,3.4375,-0.6435011087932844,2026-07-09 17:18:05.272131
973.60546875,366.578125,3.074593469062211,-0.4636476090008061,2026-07-09 17:18:05.273135
975.66796875,365.203125,2.4788165018814925,-0.5880026035475675,2026-07-09 17:18:05.274107
978.41796875,363.828125,3.074593469062211,-0.4636476090008061,2026-07-09 17:18:05.275115
981.16796875,362.453125,3.074593469062211,-0.4636476090008061,2026-07-09 17:18:05.276139
983.91796875,360.390625,3.4375,-0.6435011087932844,2026-07-09 17:18:05.277122
986.66796875,358.328125,3.4375,-0.6435011087932844,2026-07-09 17:18:05.278130
988.73046875,356.953125,2.4788165018814925,-0.5880026035475675,2026-07-09 17:18:05.279040
990.79296875,354.890625,2.9168154723945086,-0.7853981633974483,2026-07-09 17:18:05.280115
994.23046875,353.515625,3.7023008049049717,-0.3805063771123649,2026-07-09 17:18:05.281117
996.29296875,352.140625,2.4788165018814925,-0.5880026035475675,2026-07-09 17:18:05.282155
998.35546875,350.765625,2.4788165018814925,-0.5880026035475675,2026-07-09 17:18:05.283131
1001.10546875,349.390625,3.074593469062211,-0.4636476090008061,2026-07-09 17:18:05.284063
1003.16796875,347.328125,2.9168154723945086,-0.7853981633974483,2026-07-09 17:18:05.285117
1005.91796875,345.953125,3.074593469062211,-0.4636476090008061,2026-07-09 17:18:05.287298
1008.66796875,344.578125,3.074593469062211,-0.4636476090008061,2026-07-09 17:18:05.287753
1010.73046875,342.515625,2.9168154723945086,-0.7853981633974483,2026-07-09 17:18:05.288232
1013.48046875,341.140625,3.074593469062211,-0.4636476090008061,2026-07-09 17:18:05.289075
1015.54296875,339.765625,2.4788165018814925,-0.5880026035475675,2026-07-09 17:18:05.290116
1017.60546875,338.390625,2.4788165018814925,-0.5880026035475675,2026-07-09 17:18:05.291125
1020.35546875,337.015625,3.074593469062211,-0.4636476090008061,2026-07-09 17:18:05.292067
1022.41796875,334.953125,2.9168154723945086,-0.7853981633974483,2026-07-09 17:18:05.293134
1024.48046875,332.890625,2.9168154723945086,-0.7853981633974483,2026-07-09 17:18:05.294044
1026.54296875,331.515625,2.4788165018814925,-0.5880026035475675,2026-07-09 17:18:05.295118
1028.60546875,330.140625,2.4788165018814925,-0.5880026035475675,2026-07-09 17:18:05.296124
1031.35546875,328.078125,3.4375,-0.6435011087932844,2026-07-09 17:18:05.297133
1033.41796875,327.390625,2.174065891365761,-0.3217505543966422,2026-07-09 17:18:05.298114
1034.79296875,326.015625,1.9445436482630056,-0.7853981633974483,2026-07-09 17:18:05.299066
1036.85546875,324.640625,2.4788165018814925,-0.5880026035475675,2026-07-09 17:18:05.300122
1038.91796875,323.265625,2.4788165018814925,-0.5880026035475675,2026-07-09 17:18:05.301056
1040.98046875,321.203125,2.9168154723945086,-0.7853981633974483,2026-07-09 17:18:05.302108
1043.04296875,319.828125,2.4788165018814925,-0.5880026035475675,2026-07-09 17:18:05.303936
1045.10546875,317.765625,2.9168154723945086,-0.7853981633974483,2026-07-09 17:18:05.304636
1047.16796875,316.390625,2.4788165018814925,-0.5880026035475675,2026-07-09 17:18:05.305092
1048.54296875,315.015625,1.9445436482630056,-0.7853981633974483,2026-07-09 17:18:05.306163
1050.60546875,313.640625,2.4788165018814925,-0.5880026035475675,2026-07-09 17:18:05.307090
1052.66796875,312.265625,2.4788165018814925,-0.5880026035475675,2026-07-09 17:18:05.308131
1054.04296875,310.890625,1.9445436482630056,-0.7853981633974483,2026-07-09 17:18:05.309145
1056.10546875,310.203125,2.174065891365761,-0.3217505543966422,2026-07-09 17:18:05.310123
1057.48046875,308.828125,1.9445436482630056,-0.7853981633974483,2026-07-09 17:18:05.311073
1059.54296875,307.453125,2.4788165018814925,-0.5880026035475675,2026-07-09 17:18:05.312131
1061.60546875,306.078125,2.4788165018814925,-0.5880026035475675,2026-07-09 17:18:05.313125
1062.98046875,305.390625,1.5372967345311055,-0.4636476090008061,2026-07-09 17:18:05.314072
1064.35546875,304.015625,1.9445436482630056,-0.7853981633974483,2026-07-09 17:18:05.315097
1065.73046875,302.640625,1.9445436482630056,-0.7853981633974483,2026-07-09 17:18:05.316056
1067.10546875,301.953125,1.5372967345311055,-0.4636476090008061,2026-07-09 17:18:05.317144
1069.16796875,300.578125,2.4788165018814925,-0.5880026035475675,2026-07-09 17:18:05.318147
1070.54296875,299.203125,1.9445436482630056,-0.7853981633974483,2026-07-09 17:18:05.320474
1071.91796875,297.828125,1.9445436482630056,-0.7853981633974483,2026-07-09 17:18:05.320913
1073.29296875,297.140625,1.5372967345311055,-0.4636476090008061,2026-07-09 17:18:05.321347
1074.66796875,295.765625,1.9445436482630056,-0.7853981633974483,2026-07-09 17:18:05.322158
1076.04296875,295.078125,1.5372967345311055,-0.4636476090008061,2026-07-09 17:18:05.323141
1077.41796875,294.390625,1.5372967345311055,-0.4636476090008061,2026-07-09 17:18:05.324166
1078.79296875,293.703125,1.5372967345311055,-0.4636476090008061,2026-07-09 17:18:05.325205
1080.16796875,292.328125,1.9445436482630056,-0.7853981633974483,2026-07-09 17:18:05.326116
1080.85546875,291.640625,0.9722718241315028,-0.7853981633974483,2026-07-09 17:18:05.327066
1082.23046875,290.265625,1.9445436482630056,-0.7853981633974483,2026-07-09 17:18:05.328152
1083.60546875,289.578125,1.5372967345311055,-0.4636476090008061,2026-07-09 17:18:05.329075
1084.98046875,288.890625,1.5372967345311055,-0.4636476090008061,2026-07-09 17:18:05.330208
1085.66796875,287.515625,1.5372967345311055,-1.1071487177940904,2026-07-09 17:18:05.331064
1087.04296875,286.828125,1.5372967345311055,-0.4636476090008061,2026-07-09 17:18:05.332061
1087.73046875,286.140625,0.9722718241315028,-0.7853981633974483,2026-07-09 17:18:05.333140
1089.10546875,285.453125,1.5372967345311055,-0.4636476090008061,2026-07-09 17:18:05.334140
1089.79296875,284.765625,0.9722718241315028,-0.7853981633974483,2026-07-09 17:18:05.335050
1091.16796875,283.390625,1.9445436482630056,-0.7853981633974483,2026-07-09 17:18:05.337282
1092.54296875,282.703125,1.5372967345311055,-0.4636476090008061,2026-07-09 17:18:05.337701
1093.23046875,282.015625,0.9722718241315028,-0.7853981633974483,2026-07-09 17:18:05.338126
1093.91796875,281.328125,0.9722718241315028,-0.7853981633974483,2026-07-09 17:18:05.339170
1094.60546875,280.640625,0.9722718241315028,-0.7853981633974483,2026-07-09 17:18:05.340066
1095.98046875,279.953125,1.5372967345311055,-0.4636476090008061,2026-07-09 17:18:05.341136
1096.66796875,279.265625,0.9722718241315028,-0.7853981633974483,2026-07-09 17:18:05.342104
1097.35546875,278.578125,0.9722718241315028,-0.7853981633974483,2026-07-09 17:18:05.343081
1098.73046875,277.890625,1.5372967345311055,-0.4636476090008061,2026-07-09 17:18:05.344057
1099.41796875,277.203125,0.9722718241315028,-0.7853981633974483,2026-07-09 17:18:05.345154
1100.10546875,276.515625,0.9722718241315028,-0.7853981633974483,2026-07-09 17:18:05.346069
1100.79296875,275.828125,0.9722718241315028,-0.7853981633974483,2026-07-09 17:18:05.347140
1101.48046875,275.140625,0.9722718241315028,-0.7853981633974483,2026-07-09 17:18:05.348133
1102.16796875,274.453125,0.9722718241315028,-0.7853981633974483,2026-07-09 17:18:05.349130
1102.85546875,273.765625,0.9722718241315028,-0.7853981633974483,2026-07-09 17:18:05.351251
1104.23046875,273.078125,1.5372967345311055,-0.4636476090008061,2026-07-09 17:18:05.352095
1104.91796875,273.078125,0.6875,0.0,2026-07-09 17:18:05.353974
1105.60546875,272.390625,0.9722718241315028,-0.7853981633974483,2026-07-09 17:18:05.354577
1106.29296875,272.390625,0.6875,0.0,2026-07-09 17:18:05.355072
1106.98046875,271.703125,0.9722718241315028,-0.7853981633974483,2026-07-09 17:18:05.356158
1107.66796875,271.015625,0.9722718241315028,-0.7853981633974483,2026-07-09 17:18:05.357075
1108.35546875,271.015625,0.6875,0.0,2026-07-09 17:18:05.359076
1108.35546875,270.328125,0.6875,-1.5707963267948966,2026-07-09 17:18:05.360101
1109.04296875,270.328125,0.6875,0.0,2026-07-09 17:18:05.361038
1109.04296875,269.640625,0.6875,-1.5707963267948966,2026-07-09 17:18:05.363077
1109.73046875,269.640625,0.6875,0.0,2026-07-09 17:18:05.364112
1109.73046875,268.953125,0.6875,-1.5707963267948966,2026-07-09 17:18:05.365249
1110.41796875,268.953125,0.6875,0.0,2026-07-09 17:18:05.366071
1111.10546875,268.953125,0.6875,0.0,2026-07-09 17:18:05.372252
1111.10546875,268.265625,0.6875,-1.5707963267948966,2026-07-09 17:18:05.373046
1110.41796875,268.953125,0.9722718241315028,2.356194490192345,2026-07-09 17:18:05.416675
1109.73046875,268.953125,0.6875,3.141592653589793,2026-07-09 17:18:05.419302
1109.73046875,269.640625,0.6875,1.5707963267948966,2026-07-09 17:18:05.420225
1109.04296875,269.640625,0.6875,3.141592653589793,2026-07-09 17:18:05.421295
1108.35546875,270.328125,0.9722718241315028,2.356194490192345,2026-07-09 17:18:05.422202
1107.66796875,271.015625,0.9722718241315028,2.356194490192345,2026-07-09 17:18:05.424343
1106.98046875,271.703125,0.9722718241315028,2.356194490192345,2026-07-09 17:18:05.426340
1106.29296875,271.703125,0.6875,3.141592653589793,2026-07-09 17:18:05.427166
1105.60546875,272.390625,0.9722718241315028,2.356194490192345,2026-07-09 17:18:05.429428
1104.91796875,272.390625,0.6875,3.141592653589793,2026-07-09 17:18:05.430170
1104.23046875,273.078125,0.9722718241315028,2.356194490192345,2026-07-09 17:18:05.431226
1103.54296875,273.765625,0.9722718241315028,2.356194490192345,2026-07-09 17:18:05.432137
1102.85546875,274.453125,0.9722718241315028,2.356194490192345,2026-07-09 17:18:05.433190
1102.16796875,274.453125,0.6875,3.141592653589793,2026-07-09 17:18:05.434129
1101.48046875,275.140625,0.9722718241315028,2.356194490192345,2026-07-09 17:18:05.435302
1100.79296875,275.828125,0.9722718241315028,2.356194490192345,2026-07-09 17:18:05.436107
1100.10546875,275.828125,0.6875,3.141592653589793,2026-07-09 17:18:05.437124
1099.41796875,276.515625,0.9722718241315028,2.356194490192345,2026-07-09 17:18:05.438255
1098.73046875,277.203125,0.9722718241315028,2.356194490192345,2026-07-09 17:18:05.439305
1098.04296875,277.890625,0.9722718241315028,2.356194490192345,2026-07-09 17:18:05.440127
1097.35546875,278.578125,0.9722718241315028,2.356194490192345,2026-07-09 17:18:05.441232
1096.66796875,279.265625,0.9722718241315028,2.356194490192345,2026-07-09 17:18:05.442122
1095.98046875,279.953125,0.9722718241315028,2.356194490192345,2026-07-09 17:18:05.443325
1094.60546875,280.640625,1.5372967345311055,2.677945044588987,2026-07-09 17:18:05.444291
1093.91796875,281.328125,0.9722718241315028,2.356194490192345,2026-07-09 17:18:05.445146
1093.23046875,282.015625,0.9722718241315028,2.356194490192345,2026-07-09 17:18:05.446186
1091.85546875,282.703125,1.5372967345311055,2.677945044588987,2026-07-09 17:18:05.447162
1091.16796875,283.390625,0.9722718241315028,2.356194490192345,2026-07-09 17:18:05.448154
1089.79296875,284.078125,1.5372967345311055,2.677945044588987,2026-07-09 17:18:05.449152
1089.10546875,284.765625,0.9722718241315028,2.356194490192345,2026-07-09 17:18:05.450178
1087.73046875,285.453125,1.5372967345311055,2.677945044588987,2026-07-09 17:18:05.451119
1086.35546875,286.140625,1.5372967345311055,2.677945044588987,2026-07-09 17:18:05.452171
1084.98046875,286.828125,1.5372967345311055,2.677945044588987,2026-07-09 17:18:05.455521
1083.60546875,288.203125,1.9445436482630056,2.356194490192345,2026-07-09 17:18:05.455969
1082.91796875,288.890625,0.9722718241315028,2.356194490192345,2026-07-09 17:18:05.456364
1081.54296875,289.578125,1.5372967345311055,2.677945044588987,2026-07-09 17:18:05.456779
1080.16796875,290.953125,1.9445436482630056,2.356194490192345,2026-07-09 17:18:05.457210
1078.10546875,291.640625,2.174065891365761,2.819842099193151,2026-07-09 17:18:05.458129
1076.73046875,293.015625,1.9445436482630056,2.356194490192345,2026-07-09 17:18:05.459161
1075.35546875,294.390625,1.9445436482630056,2.356194490192345,2026-07-09 17:18:05.460118
1073.98046875,295.078125,1.5372967345311055,2.677945044588987,2026-07-09 17:18:05.461181
1072.60546875,296.453125,1.9445436482630056,2.356194490192345,2026-07-09 17:18:05.462202
1071.23046875,297.140625,1.5372967345311055,2.677945044588987,2026-07-09 17:18:05.463170
1069.85546875,298.515625,1.9445436482630056,2.356194490192345,2026-07-09 17:18:05.464161
1068.48046875,299.890625,1.9445436482630056,2.356194490192345,2026-07-09 17:18:05.465143
1066.41796875,300.578125,2.174065891365761,2.819842099193151,2026-07-09 17:18:05.466179
1065.04296875,301.953125,1.9445436482630056,2.356194490192345,2026-07-09 17:18:05.467135
1063.66796875,303.328125,1.9445436482630056,2.356194490192345,2026-07-09 17:18:05.468163
1061.60546875,304.703125,2.4788165018814925,2.5535900500422257,2026-07-09 17:18:05.472024
1059.54296875,306.078125,2.4788165018814925,2.5535900500422257,2026-07-09 17:18:05.472382
1058.16796875,306.765625,1.5372967345311055,2.677945044588987,2026-07-09 17:18:05.472718
1056.79296875,308.140625,1.9445436482630056,2.356194490192345,2026-07-09 17:18:05.473066
1054.73046875,309.515625,2.4788165018814925,2.5535900500422257,2026-07-09 17:18:05.473405
1052.66796875,310.890625,2.4788165018814925,2.5535900500422257,2026-07-09 17:18:05.474194
1050.60546875,311.578125,2.174065891365761,2.819842099193151,2026-07-09 17:18:05.475207
1049.23046875,312.953125,1.9445436482630056,2.356194490192345,2026-07-09 17:18:05.476158
1047.16796875,314.328125,2.4788165018814925,2.5535900500422257,2026-07-09 17:18:05.477180
1045.10546875,315.703125,2.4788165018814925,2.5535900500422257,2026-07-09 17:18:05.478178
1043.04296875,317.078125,2.4788165018814925,2.5535900500422257,2026-07-09 17:18:05.479185
1040.98046875,317.765625,2.174065891365761,2.819842099193151,2026-07-09 17:18:05.480153
1039.60546875,319.140625,1.9445436482630056,2.356194490192345,2026-07-09 17:18:05.481126
1037.54296875,320.515625,2.4788165018814925,2.5535900500422257,2026-07-09 17:18:05.482169
1035.48046875,322.578125,2.9168154723945086,2.356194490192345,2026-07-09 17:18:05.483176
1033.41796875,323.953125,2.4788165018814925,2.5535900500422257,2026-07-09 17:18:05.484183
1031.35546875,325.328125,2.4788165018814925,2.5535900500422257,2026-07-09 17:18:05.485136
1029.29296875,326.703125,2.4788165018814925,2.5535900500422257,2026-07-09 17:18:05.488513
1027.23046875,328.078125,2.4788165018814925,2.5535900500422257,2026-07-09 17:18:05.488884
1025.16796875,328.765625,2.174065891365761,2.819842099193151,2026-07-09 17:18:05.489211
1023.10546875,330.140625,2.4788165018814925,2.5535900500422257,2026-07-09 17:18:05.489562
1021.04296875,331.515625,2.4788165018814925,2.5535900500422257,2026-07-09 17:18:05.490161
1018.98046875,333.578125,2.9168154723945086,2.356194490192345,2026-07-09 17:18:05.491172
1016.91796875,334.953125,2.4788165018814925,2.5535900500422257,2026-07-09 17:18:05.492161
1014.85546875,336.328125,2.4788165018814925,2.5535900500422257,2026-07-09 17:18:05.493117
1012.10546875,337.703125,3.074593469062211,2.677945044588987,2026-07-09 17:18:05.494149
1010.04296875,339.078125,2.4788165018814925,2.5535900500422257,2026-07-09 17:18:05.495168
1007.98046875,340.453125,2.4788165018814925,2.5535900500422257,2026-07-09 17:18:05.496165
1005.91796875,341.828125,2.4788165018814925,2.5535900500422257,2026-07-09 17:18:05.497175
1003.16796875,343.203125,3.074593469062211,2.677945044588987,2026-07-09 17:18:05.498110
1001.10546875,344.578125,2.4788165018814925,2.5535900500422257,2026-07-09 17:18:05.499167
998.35546875,345.953125,3.074593469062211,2.677945044588987,2026-07-09 17:18:05.500101
996.29296875,347.328125,2.4788165018814925,2.5535900500422257,2026-07-09 17:18:05.501097
994.23046875,348.703125,2.4788165018814925,2.5535900500422257,2026-07-09 17:18:05.502201
992.16796875,350.078125,2.4788165018814925,2.5535900500422257,2026-07-09 17:18:05.504060
990.10546875,351.453125,2.4788165018814925,2.5535900500422257,2026-07-09 17:18:05.504574
988.04296875,352.828125,2.4788165018814925,2.5535900500422257,2026-07-09 17:18:05.505147
985.29296875,354.203125,3.074593469062211,2.677945044588987,2026-07-09 17:18:05.506078
983.23046875,355.578125,2.4788165018814925,2.5535900500422257,2026-07-09 17:18:05.507066
980.48046875,356.953125,3.074593469062211,2.677945044588987,2026-07-09 17:18:05.508074
977.73046875,359.015625,3.4375,2.498091544796509,2026-07-09 17:18:05.509041
975.66796875,360.390625,2.4788165018814925,2.5535900500422257,2026-07-09 17:18:05.510114
972.91796875,361.078125,2.834635117612142,2.896613990462929,2026-07-09 17:18:05.511054
970.85546875,362.453125,2.4788165018814925,2.5535900500422257,2026-07-09 17:18:05.512126
968.79296875,363.828125,2.4788165018814925,2.5535900500422257,2026-07-09 17:18:05.513048
966.04296875,365.203125,3.074593469062211,2.677945044588987,2026-07-09 17:18:05.514110
963.98046875,366.578125,2.4788165018814925,2.5535900500422257,2026-07-09 17:18:05.515106
961.23046875,367.953125,3.074593469062211,2.677945044588987,2026-07-09 17:18:05.516035
958.48046875,369.328125,3.074593469062211,2.677945044588987,2026-07-09 17:18:05.517182
956.41796875,371.390625,2.9168154723945086,2.356194490192345,2026-07-09 17:18:05.518104
953.66796875,372.765625,3.074593469062211,2.677945044588987,2026-07-09 17:18:05.520788
951.60546875,374.140625,2.4788165018814925,2.5535900500422257,2026-07-09 17:18:05.521377
949.54296875,374.828125,2.174065891365761,2.819842099193151,2026-07-09 17:18:05.521786
946.79296875,376.203125,3.074593469062211,2.677945044588987,2026-07-09 17:18:05.522210
944.04296875,378.265625,3.4375,2.498091544796509,2026-07-09 17:18:05.523144
941.98046875,379.640625,2.4788165018814925,2.5535900500422257,2026-07-09 17:18:05.524061
939.23046875,381.015625,3.074593469062211,2.677945044588987,2026-07-09 17:18:05.525117
937.16796875,383.078125,2.9168154723945086,2.356194490192345,2026-07-09 17:18:05.526044
934.41796875,384.453125,3.074593469062211,2.677945044588987,2026-07-09 17:18:05.527113
932.35546875,385.140625,2.174065891365761,2.819842099193151,2026-07-09 17:18:05.528031
930.29296875,386.515625,2.4788165018814925,2.5535900500422257,2026-07-09 17:18:05.529103
928.23046875,387.890625,2.4788165018814925,2.5535900500422257,2026-07-09 17:18:05.530116
925.48046875,389.265625,3.074593469062211,2.677945044588987,2026-07-09 17:18:05.531086
923.41796875,391.328125,2.9168154723945086,2.356194490192345,2026-07-09 17:18:05.532111
920.66796875,392.703125,3.074593469062211,2.677945044588987,2026-07-09 17:18:05.533107
918.60546875,394.765625,2.9168154723945086,2.356194490192345,2026-07-09 17:18:05.534103
915.85546875,396.140625,3.074593469062211,2.677945044588987,2026-07-09 17:18:05.535101
913.79296875,397.515625,2.4788165018814925,2.5535900500422257,2026-07-09 17:18:05.537310
911.73046875,398.890625,2.4788165018814925,2.5535900500422257,2026-07-09 17:18:05.537760
909.66796875,400.265625,2.4788165018814925,2.5535900500422257,2026-07-09 17:18:05.538189
907.60546875,401.640625,2.4788165018814925,2.5535900500422257,2026-07-09 17:18:05.539062
905.54296875,403.015625,2.4788165018814925,2.5535900500422257,2026-07-09 17:18:05.540085
902.79296875,404.390625,3.074593469062211,2.677945044588987,2026-07-09 17:18:05.541113
900.73046875,405.765625,2.4788165018814925,2.5535900500422257,2026-07-09 17:18:05.542037
898.66796875,407.828125,2.9168154723945086,2.356194490192345,2026-07-09 17:18:05.543108
896.60546875,409.203125,2.4788165018814925,2.5535900500422257,2026-07-09 17:18:05.544029
895.23046875,409.890625,1.5372967345311055,2.677945044588987,2026-07-09 17:18:05.545132
893.16796875,411.265625,2.4788165018814925,2.5535900500422257,2026-07-09 17:18:05.546112
891.10546875,412.640625,2.4788165018814925,2.5535900500422257,2026-07-09 17:18:05.547105
889.04296875,414.703125,2.9168154723945086,2.356194490192345,2026-07-09 17:18:05.548020
886.98046875,415.390625,2.174065891365761,2.819842099193151,2026-07-09 17:18:05.549090
885.60546875,416.765625,1.9445436482630056,2.356194490192345,2026-07-09 17:18:05.550051
883.54296875,418.828125,2.9168154723945086,2.356194490192345,2026-07-09 17:18:05.551035
882.16796875,420.203125,1.9445436482630056,2.356194490192345,2026-07-09 17:18:05.552128
880.10546875,421.578125,2.4788165018814925,2.5535900500422257,2026-07-09 17:18:05.553959
878.73046875,422.953125,1.9445436482630056,2.356194490192345,2026-07-09 17:18:05.554528
876.66796875,424.328125,2.4788165018814925,2.5535900500422257,2026-07-09 17:18:05.555077
874.60546875,425.703125,2.4788165018814925,2.5535900500422257,2026-07-09 17:18:05.556125
873.23046875,426.390625,1.5372967345311055,2.677945044588987,2026-07-09 17:18:05.557044
871.85546875,427.765625,1.9445436482630056,2.356194490192345,2026-07-09 17:18:05.558118
869.79296875,429.828125,2.9168154723945086,2.356194490192345,2026-07-09 17:18:05.559062
868.41796875,430.515625,1.5372967345311055,2.677945044588987,2026-07-09 17:18:05.560083
867.04296875,431.890625,1.9445436482630056,2.356194490192345,2026-07-09 17:18:05.561036
865.66796875,432.578125,1.5372967345311055,2.677945044588987,2026-07-09 17:18:05.562113
864.29296875,433.953125,1.9445436482630056,2.356194490192345,2026-07-09 17:18:05.563115
862.91796875,435.328125,1.9445436482630056,2.356194490192345,2026-07-09 17:18:05.564107
861.54296875,436.703125,1.9445436482630056,2.356194490192345,2026-07-09 17:18:05.565103
860.16796875,438.078125,1.9445436482630056,2.356194490192345,2026-07-09 17:18:05.566105
858.10546875,439.453125,2.4788165018814925,2.5535900500422257,2026-07-09 17:18:05.567105
857.41796875,440.140625,0.9722718241315028,2.356194490192345,2026-07-09 17:18:05.568104
856.04296875,441.515625,1.9445436482630056,2.356194490192345,2026-07-09 17:18:05.570608
854.66796875,442.203125,1.5372967345311055,2.677945044588987,2026-07-09 17:18:05.571080
853.29296875,443.578125,1.9445436482630056,2.356194490192345,2026-07-09 17:18:05.571572
851.91796875,444.265625,1.5372967345311055,2.677945044588987,2026-07-09 17:18:05.572137
851.23046875,445.640625,1.5372967345311055,2.0344439357957027,2026-07-09 17:18:05.573063
849.85546875,447.015625,1.9445436482630056,2.356194490192345,2026-07-09 17:18:05.574114
848.48046875,447.703125,1.5372967345311055,2.677945044588987,2026-07-09 17:18:05.575047
847.79296875,448.390625,0.9722718241315028,2.356194490192345,2026-07-09 17:18:05.576099
846.41796875,449.765625,1.9445436482630056,2.356194490192345,2026-07-09 17:18:05.577028
845.73046875,450.453125,0.9722718241315028,2.356194490192345,2026-07-09 17:18:05.578078
844.35546875,451.140625,1.5372967345311055,2.677945044588987,2026-07-09 17:18:05.579127
843.66796875,451.828125,0.9722718241315028,2.356194490192345,2026-07-09 17:18:05.580126
842.29296875,452.515625,1.5372967345311055,2.677945044588987,2026-07-09 17:18:05.581141
840.91796875,453.890625,1.9445436482630056,2.356194490192345,2026-07-09 17:18:05.582166
840.23046875,455.265625,1.5372967345311055,2.0344439357957027,2026-07-09 17:18:05.583148
839.54296875,455.953125,0.9722718241315028,2.356194490192345,2026-07-09 17:18:05.584143
838.16796875,456.640625,1.5372967345311055,2.677945044588987,2026-07-09 17:18:05.585102
837.48046875,457.328125,0.9722718241315028,2.356194490192345,2026-07-09 17:18:05.587544
836.79296875,458.015625,0.9722718241315028,2.356194490192345,2026-07-09 17:18:05.588043
836.10546875,458.703125,0.9722718241315028,2.356194490192345,2026-07-09 17:18:05.588543
834.73046875,459.390625,1.5372967345311055,2.677945044588987,2026-07-09 17:18:05.589083
833.35546875,460.078125,1.5372967345311055,2.677945044588987,2026-07-09 17:18:05.590044
832.66796875,460.765625,0.9722718241315028,2.356194490192345,2026-07-09 17:18:05.591111
831.98046875,461.453125,0.9722718241315028,2.356194490192345,2026-07-09 17:18:05.592050
831.29296875,462.140625,0.9722718241315028,2.356194490192345,2026-07-09 17:18:05.593053
830.60546875,462.828125,0.9722718241315028,2.356194490192345,2026-07-09 17:18:05.594087
829.91796875,463.515625,0.9722718241315028,2.356194490192345,2026-07-09 17:18:05.595127
829.23046875,464.203125,0.9722718241315028,2.356194490192345,2026-07-09 17:18:05.596106
828.54296875,464.890625,0.9722718241315028,2.356194490192345,2026-07-09 17:18:05.597130
827.85546875,465.578125,0.9722718241315028,2.356194490192345,2026-07-09 17:18:05.598096
826.48046875,465.578125,1.375,3.141592653589793,2026-07-09 17:18:05.599034
825.79296875,466.265625,0.9722718241315028,2.356194490192345,2026-07-09 17:18:05.600261
825.10546875,466.953125,0.9722718241315028,2.356194490192345,2026-07-09 17:18:05.601045
824.41796875,467.640625,0.9722718241315028,2.356194490192345,2026-07-09 17:18:05.602106
823.73046875,467.640625,0.6875,3.141592653589793,2026-07-09 17:18:05.603837
823.04296875,467.640625,0.6875,3.141592653589793,2026-07-09 17:18:05.604492
822.35546875,468.328125,0.9722718241315028,2.356194490192345,2026-07-09 17:18:05.605062
821.66796875,469.015625,0.9722718241315028,2.356194490192345,2026-07-09 17:18:05.606103
820.98046875,469.015625,0.6875,3.141592653589793,2026-07-09 17:18:05.607031
820.29296875,469.703125,0.9722718241315028,2.356194490192345,2026-07-09 17:18:05.608117
819.60546875,469.703125,0.6875,3.141592653589793,2026-07-09 17:18:05.609024
818.91796875,470.390625,0.9722718241315028,2.356194490192345,2026-07-09 17:18:05.610122
818.23046875,470.390625,0.6875,3.141592653589793,2026-07-09 17:18:05.612224
817.54296875,471.078125,0.9722718241315028,2.356194490192345,2026-07-09 17:18:05.613028
816.85546875,471.765625,0.9722718241315028,2.356194490192345,2026-07-09 17:18:05.615230
816.16796875,471.765625,0.6875,3.141592653589793,2026-07-09 17:18:05.617132
816.16796875,472.453125,0.6875,1.5707963267948966,2026-07-09 17:18:05.618110
815.48046875,472.453125,0.6875,3.141592653589793,2026-07-09 17:18:05.620817
814.79296875,473.140625,0.9722718241315028,2.356194490192345,2026-07-09 17:18:05.621468
814.10546875,473.140625,0.6875,3.141592653589793,2026-07-09 17:18:05.623147
814.10546875,473.828125,0.6875,1.5707963267948966,2026-07-09 17:18:05.625198
813.41796875,473.828125,0.6875,3.141592653589793,2026-07-09 17:18:05.627199
812.73046875,473.828125,0.6875,3.141592653589793,2026-07-09 17:18:05.630255
812.04296875,473.828125,0.6875,3.141592653589793,2026-07-09 17:18:05.643307
812.04296875,474.515625,0.6875,1.5707963267948966,2026-07-09 17:18:05.943647
811.35546875,474.515625,0.6875,3.141592653589793,2026-07-09 17:18:05.948599
810.66796875,475.203125,0.9722718241315028,2.356194490192345,2026-07-09 17:18:05.950967
809.98046875,475.203125,0.6875,3.141592653589793,2026-07-09 17:18:05.952998
809.29296875,475.890625,0.9722718241315028,2.356194490192345,2026-07-09 17:18:05.954559
808.60546875,476.578125,0.9722718241315028,2.356194490192345,2026-07-09 17:18:05.956490
807.91796875,476.578125,0.6875,3.141592653589793,2026-07-09 17:18:05.958120
807.91796875,477.265625,0.6875,1.5707963267948966,2026-07-09 17:18:05.959584
807.23046875,477.265625,0.6875,3.141592653589793,2026-07-09 17:18:05.961550
806.54296875,477.953125,0.9722718241315028,2.356194490192345,2026-07-09 17:18:05.962191
805.85546875,478.640625,0.9722718241315028,2.356194490192345,2026-07-09 17:18:05.962775
805.16796875,478.640625,0.6875,3.141592653589793,2026-07-09 17:18:05.963324
804.48046875,479.328125,0.9722718241315028,2.356194490192345,2026-07-09 17:18:05.963873
803.79296875,480.015625,0.9722718241315028,2.356194490192345,2026-07-09 17:18:05.964442
803.10546875,480.015625,0.6875,3.141592653589793,2026-07-09 17:18:05.965046
802.41796875,480.703125,0.9722718241315028,2.356194490192345,2026-07-09 17:18:05.965887
801.73046875,481.390625,0.9722718241315028,2.356194490192345,2026-07-09 17:18:05.966592
801.04296875,482.078125,0.9722718241315028,2.356194490192345,2026-07-09 17:18:05.967237
800.35546875,482.765625,0.9722718241315028,2.356194490192345,2026-07-09 17:18:05.967730
799.66796875,483.453125,0.9722718241315028,2.356194490192345,2026-07-09 17:18:05.968230
798.98046875,484.140625,0.9722718241315028,2.356194490192345,2026-07-09 17:18:05.972807
797.60546875,484.140625,1.375,3.141592653589793,2026-07-09 17:18:05.973475
796.23046875,484.828125,1.5372967345311055,2.677945044588987,2026-07-09 17:18:05.974107
795.54296875,485.515625,0.9722718241315028,2.356194490192345,2026-07-09 17:18:05.974761
794.16796875,486.203125,1.5372967345311055,2.677945044588987,2026-07-09 17:18:05.975342
793.48046875,486.890625,0.9722718241315028,2.356194490192345,2026-07-09 17:18:05.975914
792.10546875,487.578125,1.5372967345311055,2.677945044588987,2026-07-09 17:18:05.976429
790.73046875,488.265625,1.5372967345311055,2.677945044588987,2026-07-09 17:18:05.976903
790.04296875,488.953125,0.9722718241315028,2.356194490192345,2026-07-09 17:18:05.977579
788.66796875,489.640625,1.5372967345311055,2.677945044588987,2026-07-09 17:18:05.978128
787.29296875,491.015625,1.9445436482630056,2.356194490192345,2026-07-09 17:18:05.979144
785.91796875,491.703125,1.5372967345311055,2.677945044588987,2026-07-09 17:18:05.980123
784.54296875,492.390625,1.5372967345311055,2.677945044588987,2026-07-09 17:18:05.981115
783.16796875,493.078125,1.5372967345311055,2.677945044588987,2026-07-09 17:18:05.982159
781.79296875,494.453125,1.9445436482630056,2.356194490192345,2026-07-09 17:18:05.983123
780.41796875,495.140625,1.5372967345311055,2.677945044588987,2026-07-09 17:18:05.984088
779.04296875,496.515625,1.9445436482630056,2.356194490192345,2026-07-09 17:18:05.985064
777.66796875,497.203125,1.5372967345311055,2.677945044588987,2026-07-09 17:18:05.987704
776.29296875,498.578125,1.9445436482630056,2.356194490192345,2026-07-09 17:18:05.988319
774.23046875,499.953125,2.4788165018814925,2.5535900500422257,2026-07-09 17:18:05.988802
772.16796875,500.640625,2.174065891365761,2.819842099193151,2026-07-09 17:18:05.989287
770.79296875,502.015625,1.9445436482630056,2.356194490192345,2026-07-09 17:18:05.990086
769.41796875,502.703125,1.5372967345311055,2.677945044588987,2026-07-09 17:18:05.991347
768.04296875,504.078125,1.9445436482630056,2.356194490192345,2026-07-09 17:18:05.992138
765.98046875,504.765625,2.174065891365761,2.819842099193151,2026-07-09 17:18:05.993115
763.91796875,506.140625,2.4788165018814925,2.5535900500422257,2026-07-09 17:18:05.994140
762.54296875,507.515625,1.9445436482630056,2.356194490192345,2026-07-09 17:18:05.995126
760.48046875,508.890625,2.4788165018814925,2.5535900500422257,2026-07-09 17:18:05.996156
758.41796875,510.265625,2.4788165018814925,2.5535900500422257,2026-07-09 17:18:05.997151
757.04296875,510.953125,1.5372967345311055,2.677945044588987,2026-07-09 17:18:05.998141
754.98046875,512.328125,2.4788165018814925,2.5535900500422257,2026-07-09 17:18:05.999134
752.91796875,513.703125,2.4788165018814925,2.5535900500422257,2026-07-09 17:18:06.000147
751.54296875,515.078125,1.9445436482630056,2.356194490192345,2026-07-09 17:18:06.001148
749.48046875,515.765625,2.174065891365761,2.819842099193151,2026-07-09 17:18:06.002172
747.41796875,517.140625,2.4788165018814925,2.5535900500422257,2026-07-09 17:18:06.004945
745.35546875,518.515625,2.4788165018814925,2.5535900500422257,2026-07-09 17:18:06.005597
743.29296875,520.578125,2.9168154723945086,2.356194490192345,2026-07-09 17:18:06.006048
741.23046875,521.265625,2.174065891365761,2.819842099193151,2026-07-09 17:18:06.006590
739.16796875,522.640625,2.4788165018814925,2.5535900500422257,2026-07-09 17:18:06.007189
737.10546875,524.015625,2.4788165018814925,2.5535900500422257,2026-07-09 17:18:06.008094
735.04296875,525.390625,2.4788165018814925,2.5535900500422257,2026-07-09 17:18:06.009065
732.98046875,526.765625,2.4788165018814925,2.5535900500422257,2026-07-09 17:18:06.010071
730.23046875,528.140625,3.074593469062211,2.677945044588987,2026-07-09 17:18:06.011060
728.16796875,529.515625,2.4788165018814925,2.5535900500422257,2026-07-09 17:18:06.012207
726.10546875,531.578125,2.9168154723945086,2.356194490192345,2026-07-09 17:18:06.013078
724.04296875,532.953125,2.4788165018814925,2.5535900500422257,2026-07-09 17:18:06.014125
721.98046875,534.328125,2.4788165018814925,2.5535900500422257,2026-07-09 17:18:06.015064
719.91796875,535.703125,2.4788165018814925,2.5535900500422257,2026-07-09 17:18:06.016090
717.16796875,537.078125,3.074593469062211,2.677945044588987,2026-07-09 17:18:06.017132
715.10546875,539.140625,2.9168154723945086,2.356194490192345,2026-07-09 17:18:06.018051
713.04296875,540.515625,2.4788165018814925,2.5535900500422257,2026-07-09 17:18:06.020620
710.29296875,541.890625,3.074593469062211,2.677945044588987,2026-07-09 17:18:06.021152
708.23046875,543.953125,2.9168154723945086,2.356194490192345,2026-07-09 17:18:06.021601
704.79296875,545.328125,3.7023008049049717,2.761086276477428,2026-07-09 17:18:06.022102
702.73046875,546.703125,2.4788165018814925,2.5535900500422257,2026-07-09 17:18:06.023120
700.66796875,548.078125,2.4788165018814925,2.5535900500422257,2026-07-09 17:18:06.024056
698.60546875,549.453125,2.4788165018814925,2.5535900500422257,2026-07-09 17:18:06.025101
695.85546875,551.515625,3.4375,2.498091544796509,2026-07-09 17:18:06.026051
693.79296875,553.578125,2.9168154723945086,2.356194490192345,2026-07-09 17:18:06.027127
691.04296875,554.953125,3.074593469062211,2.677945044588987,2026-07-09 17:18:06.028148
688.29296875,557.015625,3.4375,2.498091544796509,2026-07-09 17:18:06.029123
685.54296875,558.390625,3.074593469062211,2.677945044588987,2026-07-09 17:18:06.030143
683.48046875,559.765625,2.4788165018814925,2.5535900500422257,2026-07-09 17:18:06.031063
680.73046875,561.140625,3.074593469062211,2.677945044588987,2026-07-09 17:18:06.032132
678.66796875,563.203125,2.9168154723945086,2.356194490192345,2026-07-09 17:18:06.033052
675.23046875,565.265625,4.008779427706144,2.601173153319209,2026-07-09 17:18:06.034133
672.48046875,567.328125,3.4375,2.498091544796509,2026-07-09 17:18:06.035111
669.73046875,568.703125,3.074593469062211,2.677945044588987,2026-07-09 17:18:06.037222
666.98046875,570.765625,3.4375,2.498091544796509,2026-07-09 17:18:06.037644
664.91796875,572.828125,2.9168154723945086,2.356194490192345,2026-07-09 17:18:06.038087
662.16796875,573.515625,2.834635117612142,2.896613990462929,2026-07-09 17:18:06.039128
659.41796875,575.578125,3.4375,2.498091544796509,2026-07-09 17:18:06.040083
656.66796875,577.640625,3.4375,2.498091544796509,2026-07-09 17:18:06.041092
653.91796875,579.015625,3.074593469062211,2.677945044588987,2026-07-09 17:18:06.042145
651.16796875,580.390625,3.074593469062211,2.677945044588987,2026-07-09 17:18:06.043079
648.41796875,582.453125,3.4375,2.498091544796509,2026-07-09 17:18:06.044056
645.66796875,583.828125,3.074593469062211,2.677945044588987,2026-07-09 17:18:06.045115
642.91796875,585.890625,3.4375,2.498091544796509,2026-07-09 17:18:06.046157
640.16796875,587.953125,3.4375,2.498091544796509,2026-07-09 17:18:06.047062
637.41796875,589.328125,3.074593469062211,2.677945044588987,2026-07-09 17:18:06.048107
634.66796875,590.703125,3.074593469062211,2.677945044588987,2026-07-09 17:18:06.049102
631.91796875,592.765625,3.4375,2.498091544796509,2026-07-09 17:18:06.050111
629.85546875,594.828125,2.9168154723945086,2.356194490192345,2026-07-09 17:18:06.051051
626.41796875,596.203125,3.7023008049049717,2.761086276477428,2026-07-09 17:18:06.052266
623.66796875,598.265625,3.4375,2.498091544796509,2026-07-09 17:18:06.053870
620.23046875,600.328125,4.008779427706144,2.601173153319209,2026-07-09 17:18:06.054472
618.16796875,601.703125,2.4788165018814925,2.5535900500422257,2026-07-09 17:18:06.055110
615.41796875,603.078125,3.074593469062211,2.677945044588987,2026-07-09 17:18:06.056177
612.66796875,605.140625,3.4375,2.498091544796509,2026-07-09 17:18:06.057073
609.91796875,607.203125,3.4375,2.498091544796509,2026-07-09 17:18:06.058052
606.48046875,609.265625,4.008779427706144,2.601173153319209,2026-07-09 17:18:06.059114
603.73046875,611.328125,3.4375,2.498091544796509,2026-07-09 17:18:06.060089
600.29296875,612.703125,3.7023008049049717,2.761086276477428,2026-07-09 17:18:06.061076
598.23046875,614.765625,2.9168154723945086,2.356194490192345,2026-07-09 17:18:06.062129
595.48046875,616.140625,3.074593469062211,2.677945044588987,2026-07-09 17:18:06.063052
592.04296875,618.203125,4.008779427706144,2.601173153319209,2026-07-09 17:18:06.064107
589.29296875,620.265625,3.4375,2.498091544796509,2026-07-09 17:18:06.065125
586.54296875,621.640625,3.074593469062211,2.677945044588987,2026-07-09 17:18:06.066124
583.79296875,623.703125,3.4375,2.498091544796509,2026-07-09 17:18:06.067099
581.04296875,625.765625,3.4375,2.498091544796509,2026-07-09 17:18:06.068157
577.60546875,627.828125,4.008779427706144,2.601173153319209,2026-07-09 17:18:06.070621
574.85546875,629.203125,3.074593469062211,2.677945044588987,2026-07-09 17:18:06.071080
572.10546875,630.578125,3.074593469062211,2.677945044588987,2026-07-09 17:18:06.071584
569.35546875,632.640625,3.4375,2.498091544796509,2026-07-09 17:18:06.072147
566.60546875,634.703125,3.4375,2.498091544796509,2026-07-09 17:18:06.073067
563.16796875,636.765625,4.008779427706144,2.601173153319209,2026-07-09 17:18:06.074141
560.41796875,638.140625,3.074593469062211,2.677945044588987,2026-07-09 17:18:06.075118
557.66796875,640.203125,3.4375,2.498091544796509,2026-07-09 17:18:06.076053
554.91796875,642.265625,3.4375,2.498091544796509,2026-07-09 17:18:06.077143
552.16796875,643.640625,3.074593469062211,2.677945044588987,2026-07-09 17:18:06.078035
550.10546875,645.015625,2.4788165018814925,2.5535900500422257,2026-07-09 17:18:06.079141
547.35546875,647.078125,3.4375,2.498091544796509,2026-07-09 17:18:06.080147
544.60546875,648.453125,3.074593469062211,2.677945044588987,2026-07-09 17:18:06.081055
541.85546875,650.515625,3.4375,2.498091544796509,2026-07-09 17:18:06.082367
539.10546875,652.578125,3.4375,2.498091544796509,2026-07-09 17:18:06.083157
536.35546875,653.953125,3.074593469062211,2.677945044588987,2026-07-09 17:18:06.084134
534.29296875,656.015625,2.9168154723945086,2.356194490192345,2026-07-09 17:18:06.085118
530.85546875,658.078125,4.008779427706144,2.601173153319209,2026-07-09 17:18:06.088373
528.79296875,659.453125,2.4788165018814925,2.5535900500422257,2026-07-09 17:18:06.088885
526.73046875,660.828125,2.4788165018814925,2.5535900500422257,2026-07-09 17:18:06.089349
523.98046875,662.203125,3.074593469062211,2.677945044588987,2026-07-09 17:18:06.089852
521.23046875,664.265625,3.4375,2.498091544796509,2026-07-09 17:18:06.090285
518.48046875,665.640625,3.074593469062211,2.677945044588987,2026-07-09 17:18:06.091083
516.41796875,667.015625,2.4788165018814925,2.5535900500422257,2026-07-09 17:18:06.092138
514.35546875,669.078125,2.9168154723945086,2.356194490192345,2026-07-09 17:18:06.093060
511.60546875,670.453125,3.074593469062211,2.677945044588987,2026-07-09 17:18:06.094148
509.54296875,671.828125,2.4788165018814925,2.5535900500422257,2026-07-09 17:18:06.095150
507.48046875,673.203125,2.4788165018814925,2.5535900500422257,2026-07-09 17:18:06.096124
505.41796875,674.578125,2.4788165018814925,2.5535900500422257,2026-07-09 17:18:06.097140
503.35546875,676.640625,2.9168154723945086,2.356194490192345,2026-07-09 17:18:06.098223
501.29296875,677.328125,2.174065891365761,2.819842099193151,2026-07-09 17:18:06.099134
499.23046875,678.703125,2.4788165018814925,2.5535900500422257,2026-07-09 17:18:06.100111
497.16796875,680.765625,2.9168154723945086,2.356194490192345,2026-07-09 17:18:06.101121
495.10546875,681.453125,2.174065891365761,2.819842099193151,2026-07-09 17:18:06.102163
493.04296875,682.828125,2.4788165018814925,2.5535900500422257,2026-07-09 17:18:06.104688
491.66796875,684.203125,1.9445436482630056,2.356194490192345,2026-07-09 17:18:06.105136
489.60546875,685.578125,2.4788165018814925,2.5535900500422257,2026-07-09 17:18:06.105556
487.54296875,686.265625,2.174065891365761,2.819842099193151,2026-07-09 17:18:06.106084
485.48046875,687.640625,2.4788165018814925,2.5535900500422257,2026-07-09 17:18:06.107118
484.10546875,689.015625,1.9445436482630056,2.356194490192345,2026-07-09 17:18:06.108072
482.04296875,690.390625,2.4788165018814925,2.5535900500422257,2026-07-09 17:18:06.109130
480.66796875,691.078125,1.5372967345311055,2.677945044588987,2026-07-09 17:18:06.110112
479.29296875,692.453125,1.9445436482630056,2.356194490192345,2026-07-09 17:18:06.111161
477.91796875,693.140625,1.5372967345311055,2.677945044588987,2026-07-09 17:18:06.112125
476.54296875,694.515625,1.9445436482630056,2.356194490192345,2026-07-09 17:18:06.113188
474.48046875,695.203125,2.174065891365761,2.819842099193151,2026-07-09 17:18:06.114071
473.10546875,695.890625,1.5372967345311055,2.677945044588987,2026-07-09 17:18:06.115096
471.73046875,697.265625,1.9445436482630056,2.356194490192345,2026-07-09 17:18:06.116129
470.35546875,697.953125,1.5372967345311055,2.677945044588987,2026-07-09 17:18:06.117131
468.98046875,698.640625,1.5372967345311055,2.677945044588987,2026-07-09 17:18:06.118055
468.29296875,699.328125,0.9722718241315028,2.356194490192345,2026-07-09 17:18:06.120835
466.91796875,700.015625,1.5372967345311055,2.677945044588987,2026-07-09 17:18:06.121387
465.54296875,700.703125,1.5372967345311055,2.677945044588987,2026-07-09 17:18:06.121758
464.85546875,701.390625,0.9722718241315028,2.356194490192345,2026-07-09 17:18:06.122183
464.16796875,702.078125,0.9722718241315028,2.356194490192345,2026-07-09 17:18:06.123133
462.79296875,703.453125,1.9445436482630056,2.356194490192345,2026-07-09 17:18:06.124128
461.41796875,704.140625,1.5372967345311055,2.677945044588987,2026-07-09 17:18:06.125056
460.73046875,704.828125,0.9722718241315028,2.356194490192345,2026-07-09 17:18:06.126113
460.04296875,705.515625,0.9722718241315028,2.356194490192345,2026-07-09 17:18:06.127051
459.35546875,706.203125,0.9722718241315028,2.356194490192345,2026-07-09 17:18:06.128068
458.66796875,706.890625,0.9722718241315028,2.356194490192345,2026-07-09 17:18:06.129236
457.98046875,707.578125,0.9722718241315028,2.356194490192345,2026-07-09 17:18:06.130148
457.29296875,708.265625,0.9722718241315028,2.356194490192345,2026-07-09 17:18:06.131133
456.60546875,708.953125,0.9722718241315028,2.356194490192345,2026-07-09 17:18:06.132059
455.23046875,709.640625,1.5372967345311055,2.677945044588987,2026-07-09 17:18:06.133109
454.54296875,710.328125,0.9722718241315028,2.356194490192345,2026-07-09 17:18:06.134050
453.85546875,710.328125,0.6875,3.141592653589793,2026-07-09 17:18:06.135199
453.16796875,711.015625,0.9722718241315028,2.356194490192345,2026-07-09 17:18:06.137308
452.48046875,711.015625,0.6875,3.141592653589793,2026-07-09 17:18:06.137718
451.79296875,711.703125,0.9722718241315028,2.356194490192345,2026-07-09 17:18:06.138146
451.79296875,712.390625,0.6875,1.5707963267948966,2026-07-09 17:18:06.140237
451.10546875,712.390625,0.6875,3.141592653589793,2026-07-09 17:18:06.141118
451.10546875,713.078125,0.6875,1.5707963267948966,2026-07-09 17:18:06.143216
450.41796875,713.078125,0.6875,3.141592653589793,2026-07-09 17:18:06.144125
451.10546875,712.390625,0.9722718241315028,-0.7853981633974483,2026-07-09 17:18:06.181630
451.79296875,711.703125,0.9722718241315028,-0.7853981633974483,2026-07-09 17:18:06.184407
452.48046875,711.703125,0.6875,0.0,2026-07-09 17:18:06.186231
453.16796875,711.015625,0.9722718241315028,-0.7853981633974483,2026-07-09 17:18:06.187153
453.16796875,710.328125,0.6875,-1.5707963267948966,2026-07-09 17:18:06.188187
453.85546875,709.640625,0.9722718241315028,-0.7853981633974483,2026-07-09 17:18:06.190340
454.54296875,708.953125,0.9722718241315028,-0.7853981633974483,2026-07-09 17:18:06.191115
455.23046875,708.265625,0.9722718241315028,-0.7853981633974483,2026-07-09 17:18:06.193198
455.23046875,707.578125,0.6875,-1.5707963267948966,2026-07-09 17:18:06.194155
455.91796875,706.890625,0.9722718241315028,-0.7853981633974483,2026-07-09 17:18:06.195141
456.60546875,706.203125,0.9722718241315028,-0.7853981633974483,2026-07-09 17:18:06.196199
457.29296875,705.515625,0.9722718241315028,-0.7853981633974483,2026-07-09 17:18:06.197123
457.29296875,704.828125,0.6875,-1.5707963267948966,2026-07-09 17:18:06.198131
457.98046875,704.140625,0.9722718241315028,-0.7853981633974483,2026-07-09 17:18:06.199162
458.66796875,703.453125,0.9722718241315028,-0.7853981633974483,2026-07-09 17:18:06.200119
458.66796875,702.765625,0.6875,-1.5707963267948966,2026-07-09 17:18:06.201125
459.35546875,702.765625,0.6875,0.0,2026-07-09 17:18:06.202211
460.04296875,702.078125,0.9722718241315028,-0.7853981633974483,2026-07-09 17:18:06.203166
460.73046875,701.390625,0.9722718241315028,-0.7853981633974483,2026-07-09 17:18:06.204099
461.41796875,700.703125,0.9722718241315028,-0.7853981633974483,2026-07-09 17:18:06.205182
462.10546875,700.015625,0.9722718241315028,-0.7853981633974483,2026-07-09 17:18:06.206165
462.79296875,698.640625,1.5372967345311055,-1.1071487177940904,2026-07-09 17:18:06.207103
463.48046875,697.953125,0.9722718241315028,-0.7853981633974483,2026-07-09 17:18:06.208150
464.16796875,697.265625,0.9722718241315028,-0.7853981633974483,2026-07-09 17:18:06.209183
464.85546875,696.578125,0.9722718241315028,-0.7853981633974483,2026-07-09 17:18:06.210284
465.54296875,695.890625,0.9722718241315028,-0.7853981633974483,2026-07-09 17:18:06.211319
466.23046875,694.515625,1.5372967345311055,-1.1071487177940904,2026-07-09 17:18:06.212116
466.91796875,693.828125,0.9722718241315028,-0.7853981633974483,2026-07-09 17:18:06.213322
467.60546875,692.453125,1.5372967345311055,-1.1071487177940904,2026-07-09 17:18:06.214116
468.29296875,691.078125,1.5372967345311055,-1.1071487177940904,2026-07-09 17:18:06.215296
468.98046875,690.390625,0.9722718241315028,-0.7853981633974483,2026-07-09 17:18:06.216096
469.66796875,689.703125,0.9722718241315028,-0.7853981633974483,2026-07-09 17:18:06.217286
470.35546875,688.328125,1.5372967345311055,-1.1071487177940904,2026-07-09 17:18:06.218260
471.73046875,687.640625,1.5372967345311055,-0.4636476090008061,2026-07-09 17:18:06.222677
472.41796875,686.265625,1.5372967345311055,-1.1071487177940904,2026-07-09 17:18:06.223093
473.10546875,685.578125,0.9722718241315028,-0.7853981633974483,2026-07-09 17:18:06.223492
473.79296875,684.203125,1.5372967345311055,-1.1071487177940904,2026-07-09 17:18:06.223880
475.16796875,682.828125,1.9445436482630056,-0.7853981633974483,2026-07-09 17:18:06.224284
476.54296875,681.453125,1.9445436482630056,-0.7853981633974483,2026-07-09 17:18:06.224683
477.91796875,680.765625,1.5372967345311055,-0.4636476090008061,2026-07-09 17:18:06.225301
478.60546875,679.390625,1.5372967345311055,-1.1071487177940904,2026-07-09 17:18:06.226106
479.29296875,678.703125,0.9722718241315028,-0.7853981633974483,2026-07-09 17:18:06.227303
480.66796875,677.328125,1.9445436482630056,-0.7853981633974483,2026-07-09 17:18:06.228121
482.04296875,675.953125,1.9445436482630056,-0.7853981633974483,2026-07-09 17:18:06.229286
482.73046875,675.265625,0.9722718241315028,-0.7853981633974483,2026-07-09 17:18:06.230275
484.10546875,673.890625,1.9445436482630056,-0.7853981633974483,2026-07-09 17:18:06.231239
485.48046875,672.515625,1.9445436482630056,-0.7853981633974483,2026-07-09 17:18:06.232228
486.85546875,671.140625,1.9445436482630056,-0.7853981633974483,2026-07-09 17:18:06.233253
487.54296875,669.765625,1.5372967345311055,-1.1071487177940904,2026-07-09 17:18:06.234254
488.91796875,669.078125,1.5372967345311055,-0.4636476090008061,2026-07-09 17:18:06.235275
490.29296875,667.703125,1.9445436482630056,-0.7853981633974483,2026-07-09 17:18:06.238645
491.66796875,666.328125,1.9445436482630056,-0.7853981633974483,2026-07-09 17:18:06.238987
493.04296875,664.953125,1.9445436482630056,-0.7853981633974483,2026-07-09 17:18:06.239310
494.41796875,663.578125,1.9445436482630056,-0.7853981633974483,2026-07-09 17:18:06.239660
496.48046875,662.203125,2.4788165018814925,-0.5880026035475675,2026-07-09 17:18:06.240244
497.85546875,660.828125,1.9445436482630056,-0.7853981633974483,2026-07-09 17:18:06.241102
499.23046875,660.140625,1.5372967345311055,-0.4636476090008061,2026-07-09 17:18:06.242148
500.60546875,658.765625,1.9445436482630056,-0.7853981633974483,2026-07-09 17:18:06.243280
501.98046875,657.390625,1.9445436482630056,-0.7853981633974483,2026-07-09 17:18:06.244186
504.04296875,656.703125,2.174065891365761,-0.3217505543966422,2026-07-09 17:18:06.245181
506.10546875,655.328125,2.4788165018814925,-0.5880026035475675,2026-07-09 17:18:06.246157
507.48046875,653.953125,1.9445436482630056,-0.7853981633974483,2026-07-09 17:18:06.247182
509.54296875,652.578125,2.4788165018814925,-0.5880026035475675,2026-07-09 17:18:06.248168
511.60546875,651.203125,2.4788165018814925,-0.5880026035475675,2026-07-09 17:18:06.249159
512.98046875,649.828125,1.9445436482630056,-0.7853981633974483,2026-07-09 17:18:06.250142
515.04296875,648.453125,2.4788165018814925,-0.5880026035475675,2026-07-09 17:18:06.251117
517.10546875,647.078125,2.4788165018814925,-0.5880026035475675,2026-07-09 17:18:06.252185
519.16796875,645.703125,2.4788165018814925,-0.5880026035475675,2026-07-09 17:18:06.255426
521.23046875,644.328125,2.4788165018814925,-0.5880026035475675,2026-07-09 17:18:06.255847
523.29296875,642.953125,2.4788165018814925,-0.5880026035475675,2026-07-09 17:18:06.256206
525.35546875,641.578125,2.4788165018814925,-0.5880026035475675,2026-07-09 17:18:06.256567
527.41796875,639.515625,2.9168154723945086,-0.7853981633974483,2026-07-09 17:18:06.257096
530.16796875,638.140625,3.074593469062211,-0.4636476090008061,2026-07-09 17:18:06.258143
532.23046875,636.765625,2.4788165018814925,-0.5880026035475675,2026-07-09 17:18:06.259151
534.29296875,635.390625,2.4788165018814925,-0.5880026035475675,2026-07-09 17:18:06.260142
537.04296875,634.015625,3.074593469062211,-0.4636476090008061,2026-07-09 17:18:06.261115
539.79296875,631.953125,3.4375,-0.6435011087932844,2026-07-09 17:18:06.262119
541.85546875,630.578125,2.4788165018814925,-0.5880026035475675,2026-07-09 17:18:06.263127
545.29296875,629.203125,3.7023008049049717,-0.3805063771123649,2026-07-09 17:18:06.264098
547.35546875,627.828125,2.4788165018814925,-0.5880026035475675,2026-07-09 17:18:06.265071
550.10546875,626.453125,3.074593469062211,-0.4636476090008061,2026-07-09 17:18:06.266146
552.85546875,625.078125,3.074593469062211,-0.4636476090008061,2026-07-09 17:18:06.267141
555.60546875,623.703125,3.074593469062211,-0.4636476090008061,2026-07-09 17:18:06.268051
558.35546875,622.328125,3.074593469062211,-0.4636476090008061,2026-07-09 17:18:06.270986
561.10546875,620.265625,3.4375,-0.6435011087932844,2026-07-09 17:18:06.271451
563.85546875,618.890625,3.074593469062211,-0.4636476090008061,2026-07-09 17:18:06.271819
566.60546875,616.828125,3.4375,-0.6435011087932844,2026-07-09 17:18:06.272214
570.04296875,614.765625,4.008779427706144,-0.5404195002705842,2026-07-09 17:18:06.273038
573.48046875,613.390625,3.7023008049049717,-0.3805063771123649,2026-07-09 17:18:06.274099
576.23046875,612.015625,3.074593469062211,-0.4636476090008061,2026-07-09 17:18:06.275067
578.98046875,610.640625,3.074593469062211,-0.4636476090008061,2026-07-09 17:18:06.276044
582.41796875,609.265625,3.7023008049049717,-0.3805063771123649,2026-07-09 17:18:06.277143
585.16796875,607.203125,3.4375,-0.6435011087932844,2026-07-09 17:18:06.278033
588.60546875,605.828125,3.7023008049049717,-0.3805063771123649,2026-07-09 17:18:06.279174
591.35546875,604.453125,3.074593469062211,-0.4636476090008061,2026-07-09 17:18:06.280066
594.79296875,602.390625,4.008779427706144,-0.5404195002705842,2026-07-09 17:18:06.281028
597.54296875,601.015625,3.074593469062211,-0.4636476090008061,2026-07-09 17:18:06.282085
600.98046875,599.640625,3.7023008049049717,-0.3805063771123649,2026-07-09 17:18:06.283072
603.73046875,598.265625,3.074593469062211,-0.4636476090008061,2026-07-09 17:18:06.284097
607.16796875,596.890625,3.7023008049049717,-0.3805063771123649,2026-07-09 17:18:06.285099
610.60546875,594.828125,4.008779427706144,-0.5404195002705842,2026-07-09 17:18:06.287445
614.04296875,592.765625,4.008779427706144,-0.5404195002705842,2026-07-09 17:18:06.287929
617.48046875,591.390625,3.7023008049049717,-0.3805063771123649,2026-07-09 17:18:06.288354
620.91796875,590.015625,3.7023008049049717,-0.3805063771123649,2026-07-09 17:18:06.289025
623.66796875,587.953125,3.4375,-0.6435011087932844,2026-07-09 17:18:06.290172
627.10546875,586.578125,3.7023008049049717,-0.3805063771123649,2026-07-09 17:18:06.291072
629.85546875,585.203125,3.074593469062211,-0.4636476090008061,2026-07-09 17:18:06.292075
633.29296875,583.828125,3.7023008049049717,-0.3805063771123649,2026-07-09 17:18:06.293091
636.73046875,582.453125,3.7023008049049717,-0.3805063771123649,2026-07-09 17:18:06.294012
640.16796875,580.390625,4.008779427706144,-0.5404195002705842,2026-07-09 17:18:06.295040
643.60546875,579.015625,3.7023008049049717,-0.3805063771123649,2026-07-09 17:18:06.296080
647.04296875,577.640625,3.7023008049049717,-0.3805063771123649,2026-07-09 17:18:06.297039
649.79296875,575.578125,3.4375,-0.6435011087932844,2026-07-09 17:18:06.298097
653.23046875,574.203125,3.7023008049049717,-0.3805063771123649,2026-07-09 17:18:06.299028
655.98046875,572.140625,3.4375,-0.6435011087932844,2026-07-09 17:18:06.300082
658.73046875,570.765625,3.074593469062211,-0.4636476090008061,2026-07-09 17:18:06.301088
662.16796875,569.390625,3.7023008049049717,-0.3805063771123649,2026-07-09 17:18:06.302102
664.91796875,567.328125,3.4375,-0.6435011087932844,2026-07-09 17:18:06.303917
668.35546875,565.265625,4.008779427706144,-0.5404195002705842,2026-07-09 17:18:06.304586
671.79296875,563.890625,3.7023008049049717,-0.3805063771123649,2026-07-09 17:18:06.305051
675.23046875,561.828125,4.008779427706144,-0.5404195002705842,2026-07-09 17:18:06.306230
678.66796875,560.453125,3.7023008049049717,-0.3805063771123649,2026-07-09 17:18:06.307087
681.41796875,559.078125,3.074593469062211,-0.4636476090008061,2026-07-09 17:18:06.308100
684.16796875,557.015625,3.4375,-0.6435011087932844,2026-07-09 17:18:06.309078
687.60546875,555.640625,3.7023008049049717,-0.3805063771123649,2026-07-09 17:18:06.310119
690.35546875,553.578125,3.4375,-0.6435011087932844,2026-07-09 17:18:06.311067
693.79296875,552.203125,3.7023008049049717,-0.3805063771123649,2026-07-09 17:18:06.312105
696.54296875,550.140625,3.4375,-0.6435011087932844,2026-07-09 17:18:06.313074
699.98046875,548.078125,4.008779427706144,-0.5404195002705842,2026-07-09 17:18:06.314090
703.41796875,546.703125,3.7023008049049717,-0.3805063771123649,2026-07-09 17:18:06.315210
706.16796875,544.640625,3.4375,-0.6435011087932844,2026-07-09 17:18:06.316009
709.60546875,543.265625,3.7023008049049717,-0.3805063771123649,2026-07-09 17:18:06.317204
713.04296875,541.890625,3.7023008049049717,-0.3805063771123649,2026-07-09 17:18:06.318002
716.48046875,539.828125,4.008779427706144,-0.5404195002705842,2026-07-09 17:18:06.320824
719.23046875,537.765625,3.4375,-0.6435011087932844,2026-07-09 17:18:06.321393
721.98046875,536.390625,3.074593469062211,-0.4636476090008061,2026-07-09 17:18:06.321915
724.73046875,534.328125,3.4375,-0.6435011087932844,2026-07-09 17:18:06.322378
727.48046875,532.953125,3.074593469062211,-0.4636476090008061,2026-07-09 17:18:06.323109
730.91796875,530.890625,4.008779427706144,-0.5404195002705842,2026-07-09 17:18:06.324084
733.66796875,529.515625,3.074593469062211,-0.4636476090008061,2026-07-09 17:18:06.325106
737.10546875,528.140625,3.7023008049049717,-0.3805063771123649,2026-07-09 17:18:06.326090
739.85546875,526.765625,3.074593469062211,-0.4636476090008061,2026-07-09 17:18:06.327104
742.60546875,524.703125,3.4375,-0.6435011087932844,2026-07-09 17:18:06.328054
745.35546875,523.328125,3.074593469062211,-0.4636476090008061,2026-07-09 17:18:06.329206
748.79296875,521.953125,3.7023008049049717,-0.3805063771123649,2026-07-09 17:18:06.330098
751.54296875,519.890625,3.4375,-0.6435011087932844,2026-07-09 17:18:06.331183
754.98046875,517.828125,4.008779427706144,-0.5404195002705842,2026-07-09 17:18:06.332086
757.73046875,516.453125,3.074593469062211,-0.4636476090008061,2026-07-09 17:18:06.333086
760.48046875,515.078125,3.074593469062211,-0.4636476090008061,2026-07-09 17:18:06.334019
763.23046875,513.703125,3.074593469062211,-0.4636476090008061,2026-07-09 17:18:06.335304
765.98046875,511.640625,3.4375,-0.6435011087932844,2026-07-09 17:18:06.337287
768.73046875,510.265625,3.074593469062211,-0.4636476090008061,2026-07-09 17:18:06.337770
772.16796875,508.890625,3.7023008049049717,-0.3805063771123649,2026-07-09 17:18:06.338211
774.23046875,506.828125,2.9168154723945086,-0.7853981633974483,2026-07-09 17:18:06.339199
776.98046875,505.453125,3.074593469062211,-0.4636476090008061,2026-07-09 17:18:06.340120
779.73046875,504.078125,3.074593469062211,-0.4636476090008061,2026-07-09 17:18:06.341095
782.48046875,502.703125,3.074593469062211,-0.4636476090008061,2026-07-09 17:18:06.342081
785.23046875,501.328125,3.074593469062211,-0.4636476090008061,2026-07-09 17:18:06.343089
787.29296875,499.265625,2.9168154723945086,-0.7853981633974483,2026-07-09 17:18:06.344123
790.04296875,497.890625,3.074593469062211,-0.4636476090008061,2026-07-09 17:18:06.345059
792.79296875,496.515625,3.074593469062211,-0.4636476090008061,2026-07-09 17:18:06.346105
794.85546875,494.453125,2.9168154723945086,-0.7853981633974483,2026-07-09 17:18:06.347140
797.60546875,493.078125,3.074593469062211,-0.4636476090008061,2026-07-09 17:18:06.348132
799.66796875,491.703125,2.4788165018814925,-0.5880026035475675,2026-07-09 17:18:06.349040
801.73046875,490.328125,2.4788165018814925,-0.5880026035475675,2026-07-09 17:18:06.350049
804.48046875,488.953125,3.074593469062211,-0.4636476090008061,2026-07-09 17:18:06.351059
806.54296875,486.890625,2.9168154723945086,-0.7853981633974483,2026-07-09 17:18:06.352208
808.60546875,486.203125,2.174065891365761,-0.3217505543966422,2026-07-09 17:18:06.353923
811.35546875,484.828125,3.074593469062211,-0.4636476090008061,2026-07-09 17:18:06.354462
813.41796875,482.765625,2.9168154723945086,-0.7853981633974483,2026-07-09 17:18:06.355040
816.16796875,481.390625,3.074593469062211,-0.4636476090008061,2026-07-09 17:18:06.356266
818.23046875,480.015625,2.4788165018814925,-0.5880026035475675,2026-07-09 17:18:06.357081
820.29296875,478.640625,2.4788165018814925,-0.5880026035475675,2026-07-09 17:18:06.358076
822.35546875,477.265625,2.4788165018814925,-0.5880026035475675,2026-07-09 17:18:06.359084
824.41796875,475.890625,2.4788165018814925,-0.5880026035475675,2026-07-09 17:18:06.360234
826.48046875,474.515625,2.4788165018814925,-0.5880026035475675,2026-07-09 17:18:06.361118
827.85546875,473.140625,1.9445436482630056,-0.7853981633974483,2026-07-09 17:18:06.362105
829.91796875,471.765625,2.4788165018814925,-0.5880026035475675,2026-07-09 17:18:06.363119
831.98046875,471.078125,2.174065891365761,-0.3217505543966422,2026-07-09 17:18:06.364124
833.35546875,469.703125,1.9445436482630056,-0.7853981633974483,2026-07-09 17:18:06.365098
834.73046875,468.328125,1.9445436482630056,-0.7853981633974483,2026-07-09 17:18:06.366099
836.79296875,466.953125,2.4788165018814925,-0.5880026035475675,2026-07-09 17:18:06.367095
838.85546875,465.578125,2.4788165018814925,-0.5880026035475675,2026-07-09 17:18:06.368088
840.23046875,464.890625,1.5372967345311055,-0.4636476090008061,2026-07-09 17:18:06.371734
841.60546875,463.515625,1.9445436482630056,-0.7853981633974483,2026-07-09 17:18:06.372219
842.98046875,462.140625,1.9445436482630056,-0.7853981633974483,2026-07-09 17:18:06.372603
845.04296875,461.453125,2.174065891365761,-0.3217505543966422,2026-07-09 17:18:06.372981
846.41796875,460.078125,1.9445436482630056,-0.7853981633974483,2026-07-09 17:18:06.373382
847.79296875,459.390625,1.5372967345311055,-0.4636476090008061,2026-07-09 17:18:06.374098
849.16796875,458.015625,1.9445436482630056,-0.7853981633974483,2026-07-09 17:18:06.375168
850.54296875,457.328125,1.5372967345311055,-0.4636476090008061,2026-07-09 17:18:06.376081
851.23046875,456.640625,0.9722718241315028,-0.7853981633974483,2026-07-09 17:18:06.377096
852.60546875,455.265625,1.9445436482630056,-0.7853981633974483,2026-07-09 17:18:06.378090
853.98046875,453.890625,1.9445436482630056,-0.7853981633974483,2026-07-09 17:18:06.379059
855.35546875,453.203125,1.5372967345311055,-0.4636476090008061,2026-07-09 17:18:06.380129
856.73046875,452.515625,1.5372967345311055,-0.4636476090008061,2026-07-09 17:18:06.381004
857.41796875,451.828125,0.9722718241315028,-0.7853981633974483,2026-07-09 17:18:06.382251
858.79296875,451.140625,1.5372967345311055,-0.4636476090008061,2026-07-09 17:18:06.383106
859.48046875,450.453125,0.9722718241315028,-0.7853981633974483,2026-07-09 17:18:06.384087
860.85546875,449.765625,1.5372967345311055,-0.4636476090008061,2026-07-09 17:18:06.385089
862.23046875,448.390625,1.9445436482630056,-0.7853981633974483,2026-07-09 17:18:06.387707
862.91796875,447.703125,0.9722718241315028,-0.7853981633974483,2026-07-09 17:18:06.388210
863.60546875,447.015625,0.9722718241315028,-0.7853981633974483,2026-07-09 17:18:06.388624
864.29296875,446.328125,0.9722718241315028,-0.7853981633974483,2026-07-09 17:18:06.389079
864.98046875,445.640625,0.9722718241315028,-0.7853981633974483,2026-07-09 17:18:06.390110
865.66796875,444.953125,0.9722718241315028,-0.7853981633974483,2026-07-09 17:18:06.391102
866.35546875,444.265625,0.9722718241315028,-0.7853981633974483,2026-07-09 17:18:06.392080
867.04296875,443.578125,0.9722718241315028,-0.7853981633974483,2026-07-09 17:18:06.393082
867.73046875,442.890625,0.9722718241315028,-0.7853981633974483,2026-07-09 17:18:06.394071
869.10546875,442.890625,1.375,0.0,2026-07-09 17:18:06.395120
869.79296875,442.203125,0.9722718241315028,-0.7853981633974483,2026-07-09 17:18:06.396078
870.48046875,442.203125,0.6875,0.0,2026-07-09 17:18:06.397110
871.16796875,441.515625,0.9722718241315028,-0.7853981633974483,2026-07-09 17:18:06.398165
871.85546875,440.828125,0.9722718241315028,-0.7853981633974483,2026-07-09 17:18:06.399098
872.54296875,440.828125,0.6875,0.0,2026-07-09 17:18:06.401237
872.54296875,440.140625,0.6875,-1.5707963267948966,2026-07-09 17:18:06.402113
873.23046875,440.140625,0.6875,0.0,2026-07-09 17:18:06.404518
873.91796875,439.453125,0.9722718241315028,-0.7853981633974483,2026-07-09 17:18:06.405054
874.60546875,439.453125,0.6875,0.0,2026-07-09 17:18:06.407251
875.29296875,438.765625,0.9722718241315028,-0.7853981633974483,2026-07-09 17:18:06.410218
875.29296875,439.453125,0.6875,1.5707963267948966,2026-07-09 17:18:06.488667
874.60546875,440.140625,0.9722718241315028,2.356194490192345,2026-07-09 17:18:06.491405
874.60546875,440.828125,0.6875,1.5707963267948966,2026-07-09 17:18:06.496403
873.91796875,440.828125,0.6875,3.141592653589793,2026-07-09 17:18:06.497289
873.91796875,441.515625,0.6875,1.5707963267948966,2026-07-09 17:18:06.501425
873.23046875,442.203125,0.9722718241315028,2.356194490192345,2026-07-09 17:18:06.505458
873.23046875,442.890625,0.6875,1.5707963267948966,2026-07-09 17:18:06.511556
872.54296875,442.890625,0.6875,3.141592653589793,2026-07-09 17:18:06.513646
872.54296875,443.578125,0.6875,1.5707963267948966,2026-07-09 17:18:06.518385
871.85546875,443.578125,0.6875,3.141592653589793,2026-07-09 17:18:06.541629
871.16796875,443.578125,0.6875,3.141592653589793,2026-07-09 17:18:07.067113
870.48046875,443.578125,0.6875,3.141592653589793,2026-07-09 17:18:07.073851
869.79296875,442.890625,0.9722718241315028,-2.356194490192345,2026-07-09 17:18:07.076149
869.10546875,442.890625,0.6875,3.141592653589793,2026-07-09 17:18:07.079167
868.41796875,442.203125,0.9722718241315028,-2.356194490192345,2026-07-09 17:18:07.080629
867.73046875,441.515625,0.9722718241315028,-2.356194490192345,2026-07-09 17:18:07.081611
867.04296875,440.828125,0.9722718241315028,-2.356194490192345,2026-07-09 17:18:07.082268
865.66796875,440.140625,1.5372967345311055,-2.677945044588987,2026-07-09 17:18:07.082876
864.29296875,439.453125,1.5372967345311055,-2.677945044588987,2026-07-09 17:18:07.083461
862.91796875,438.765625,1.5372967345311055,-2.677945044588987,2026-07-09 17:18:07.084208
861.54296875,438.078125,1.5372967345311055,-2.677945044588987,2026-07-09 17:18:07.084834
860.16796875,437.390625,1.5372967345311055,-2.677945044588987,2026-07-09 17:18:07.085443
858.79296875,436.015625,1.9445436482630056,-2.356194490192345,2026-07-09 17:18:07.086015
856.73046875,435.328125,2.174065891365761,-2.819842099193151,2026-07-09 17:18:07.086575
854.66796875,433.953125,2.4788165018814925,-2.5535900500422257,2026-07-09 17:18:07.087131
852.60546875,432.578125,2.4788165018814925,-2.5535900500422257,2026-07-09 17:18:07.088087
850.54296875,431.203125,2.4788165018814925,-2.5535900500422257,2026-07-09 17:18:07.088731
847.79296875,429.828125,3.074593469062211,-2.677945044588987,2026-07-09 17:18:07.089194
845.73046875,428.453125,2.4788165018814925,-2.5535900500422257,2026-07-09 17:18:07.089647
842.98046875,427.078125,3.074593469062211,-2.677945044588987,2026-07-09 17:18:07.090125
840.23046875,425.015625,3.4375,-2.498091544796509,2026-07-09 17:18:07.090727
837.48046875,423.640625,3.074593469062211,-2.677945044588987,2026-07-09 17:18:07.091262
834.04296875,421.578125,4.008779427706144,-2.601173153319209,2026-07-09 17:18:07.091756
831.29296875,419.515625,3.4375,-2.498091544796509,2026-07-09 17:18:07.092236
827.85546875,417.453125,4.008779427706144,-2.601173153319209,2026-07-09 17:18:07.092700
825.10546875,414.703125,3.8890872965260113,-2.356194490192345,2026-07-09 17:18:07.093180
820.98046875,413.328125,4.348131782731522,-2.819842099193151,2026-07-09 17:18:07.093662
818.23046875,411.265625,3.4375,-2.498091544796509,2026-07-09 17:18:07.094113
814.10546875,409.203125,4.611890203593316,-2.677945044588987,2026-07-09 17:18:07.094579
810.66796875,406.453125,4.402147913235083,-2.4668517113662407,2026-07-09 17:18:07.095468
806.54296875,404.390625,4.611890203593316,-2.677945044588987,2026-07-09 17:18:07.096469
802.41796875,401.640625,4.957633003762985,-2.5535900500422257,2026-07-09 17:18:07.097461
797.60546875,398.890625,5.5428022019552525,-2.62244653934327,2026-07-09 17:18:07.098138
792.79296875,396.828125,5.235844010281437,-2.7367008673047097,2026-07-09 17:18:07.099111
788.66796875,394.078125,4.957633003762985,-2.5535900500422257,2026-07-09 17:18:07.100434
783.85546875,391.328125,5.5428022019552525,-2.62244653934327,2026-07-09 17:18:07.101419
779.04296875,388.578125,5.5428022019552525,-2.62244653934327,2026-07-09 17:18:07.106813
774.23046875,385.828125,5.5428022019552525,-2.62244653934327,2026-07-09 17:18:07.107287
768.73046875,383.078125,6.149186938124422,-2.677945044588987,2026-07-09 17:18:07.107783
763.91796875,380.328125,5.5428022019552525,-2.62244653934327,2026-07-09 17:18:07.108202
758.41796875,376.890625,6.485862028288915,-2.5829933382462307,2026-07-09 17:18:07.108570
752.91796875,374.140625,6.149186938124422,-2.677945044588987,2026-07-09 17:18:07.108925
747.41796875,370.703125,6.485862028288915,-2.5829933382462307,2026-07-09 17:18:07.109269
742.60546875,367.953125,5.5428022019552525,-2.62244653934327,2026-07-09 17:18:07.109618
736.41796875,364.515625,7.078245721928563,-2.6344941491974563,2026-07-09 17:18:07.110103
730.23046875,361.078125,7.078245721928563,-2.6344941491974563,2026-07-09 17:18:07.111238
724.73046875,358.328125,6.149186938124422,-2.677945044588987,2026-07-09 17:18:07.112122
718.54296875,354.890625,7.078245721928563,-2.6344941491974563,2026-07-09 17:18:07.113206
712.35546875,351.453125,7.078245721928563,-2.6344941491974563,2026-07-09 17:18:07.114119
706.16796875,348.015625,7.078245721928563,-2.6344941491974563,2026-07-09 17:18:07.115293
699.98046875,344.578125,7.078245721928563,-2.6344941491974563,2026-07-09 17:18:07.116101
693.79296875,341.140625,7.078245721928563,-2.6344941491974563,2026-07-09 17:18:07.117252
687.60546875,337.703125,7.078245721928563,-2.6344941491974563,2026-07-09 17:18:07.118274
681.41796875,334.265625,7.078245721928563,-2.6344941491974563,2026-07-09 17:18:07.122723
675.23046875,330.828125,7.078245721928563,-2.6344941491974563,2026-07-09 17:18:07.123109
668.35546875,327.390625,7.686483672655527,-2.677945044588987,2026-07-09 17:18:07.123581
662.16796875,323.953125,7.078245721928563,-2.6344941491974563,2026-07-09 17:18:07.123998
655.29296875,320.515625,7.686483672655527,-2.677945044588987,2026-07-09 17:18:07.124404
648.41796875,317.078125,7.686483672655527,-2.677945044588987,2026-07-09 17:18:07.124815
641.54296875,313.640625,7.686483672655527,-2.677945044588987,2026-07-09 17:18:07.125187
635.35546875,310.203125,7.078245721928563,-2.6344941491974563,2026-07-09 17:18:07.126141
628.48046875,306.765625,7.686483672655527,-2.677945044588987,2026-07-09 17:18:07.127125
621.60546875,303.328125,7.686483672655527,-2.677945044588987,2026-07-09 17:18:07.128157
614.73046875,299.890625,7.686483672655527,-2.677945044588987,2026-07-09 17:18:07.129153
607.85546875,296.453125,7.686483672655527,-2.677945044588987,2026-07-09 17:18:07.130065
600.98046875,293.015625,7.686483672655527,-2.677945044588987,2026-07-09 17:18:07.131121
594.79296875,289.578125,7.078245721928563,-2.6344941491974563,2026-07-09 17:18:07.132060
587.91796875,285.453125,8.017558855412288,-2.601173153319209,2026-07-09 17:18:07.133065
581.73046875,282.703125,6.771089738734822,-2.723368324010564,2026-07-09 17:18:07.134033
574.85546875,279.265625,7.686483672655527,-2.677945044588987,2026-07-09 17:18:07.135073
567.98046875,275.828125,7.686483672655527,-2.677945044588987,2026-07-09 17:18:07.137786
561.10546875,272.390625,7.686483672655527,-2.677945044588987,2026-07-09 17:18:07.138316
554.91796875,268.953125,7.078245721928563,-2.6344941491974563,2026-07-09 17:18:07.138721
548.04296875,265.515625,7.686483672655527,-2.677945044588987,2026-07-09 17:18:07.139154
541.85546875,262.078125,7.078245721928563,-2.6344941491974563,2026-07-09 17:18:07.140053
534.98046875,258.640625,7.686483672655527,-2.677945044588987,2026-07-09 17:18:07.141045
528.79296875,255.203125,7.078245721928563,-2.6344941491974563,2026-07-09 17:18:07.142107
522.60546875,251.765625,7.078245721928563,-2.6344941491974563,2026-07-09 17:18:07.143041
516.41796875,249.015625,6.771089738734822,-2.723368324010564,2026-07-09 17:18:07.144022
510.23046875,245.578125,7.078245721928563,-2.6344941491974563,2026-07-09 17:18:07.145111
504.04296875,242.828125,6.771089738734822,-2.723368324010564,2026-07-09 17:18:07.146075
497.85546875,239.390625,7.078245721928563,-2.6344941491974563,2026-07-09 17:18:07.147121
492.35546875,237.328125,5.874002574905803,-2.782821983319221,2026-07-09 17:18:07.148099
486.16796875,233.890625,7.078245721928563,-2.6344941491974563,2026-07-09 17:18:07.149115
480.66796875,231.140625,6.149186938124422,-2.677945044588987,2026-07-09 17:18:07.150110
475.16796875,228.390625,6.149186938124422,-2.677945044588987,2026-07-09 17:18:07.151106
470.35546875,225.640625,5.5428022019552525,-2.62244653934327,2026-07-09 17:18:07.152089
464.85546875,222.890625,6.149186938124422,-2.677945044588987,2026-07-09 17:18:07.153872
459.35546875,220.140625,6.149186938124422,-2.677945044588987,2026-07-09 17:18:07.154519
453.85546875,217.390625,6.149186938124422,-2.677945044588987,2026-07-09 17:18:07.155089
448.35546875,214.640625,6.149186938124422,-2.677945044588987,2026-07-09 17:18:07.156108
443.54296875,211.890625,5.5428022019552525,-2.62244653934327,2026-07-09 17:18:07.157044
438.73046875,209.828125,5.235844010281437,-2.7367008673047097,2026-07-09 17:18:07.158112
433.91796875,207.078125,5.5428022019552525,-2.62244653934327,2026-07-09 17:18:07.159031
429.79296875,204.328125,4.957633003762985,-2.5535900500422257,2026-07-09 17:18:07.160107
424.98046875,202.265625,5.235844010281437,-2.7367008673047097,2026-07-09 17:18:07.161077
420.85546875,200.203125,4.611890203593316,-2.677945044588987,2026-07-09 17:18:07.162082
416.04296875,197.453125,5.5428022019552525,-2.62244653934327,2026-07-09 17:18:07.163054
411.91796875,195.390625,4.611890203593316,-2.677945044588987,2026-07-09 17:18:07.164103
408.48046875,192.640625,4.402147913235083,-2.4668517113662407,2026-07-09 17:18:07.165031
404.35546875,190.578125,4.611890203593316,-2.677945044588987,2026-07-09 17:18:07.166110
400.91796875,188.515625,4.008779427706144,-2.601173153319209,2026-07-09 17:18:07.167041
397.48046875,186.453125,4.008779427706144,-2.601173153319209,2026-07-09 17:18:07.168089
394.04296875,184.390625,4.008779427706144,-2.601173153319209,2026-07-09 17:18:07.170567
390.60546875,182.328125,4.008779427706144,-2.601173153319209,2026-07-09 17:18:07.171294
387.16796875,180.953125,3.7023008049049717,-2.761086276477428,2026-07-09 17:18:07.171854
383.73046875,178.890625,4.008779427706144,-2.601173153319209,2026-07-09 17:18:07.172333
380.98046875,176.828125,3.4375,-2.498091544796509,2026-07-09 17:18:07.173120
378.23046875,175.453125,3.074593469062211,-2.677945044588987,2026-07-09 17:18:07.174108
376.16796875,174.078125,2.4788165018814925,-2.5535900500422257,2026-07-09 17:18:07.175116
373.41796875,172.703125,3.074593469062211,-2.677945044588987,2026-07-09 17:18:07.176085
370.66796875,170.640625,3.4375,-2.498091544796509,2026-07-09 17:18:07.177025
368.60546875,169.265625,2.4788165018814925,-2.5535900500422257,2026-07-09 17:18:07.178125
365.85546875,167.890625,3.074593469062211,-2.677945044588987,2026-07-09 17:18:07.179115
363.79296875,165.828125,2.9168154723945086,-2.356194490192345,2026-07-09 17:18:07.180127
361.04296875,164.453125,3.074593469062211,-2.677945044588987,2026-07-09 17:18:07.181107
359.66796875,163.078125,1.9445436482630056,-2.356194490192345,2026-07-09 17:18:07.182077
357.60546875,162.390625,2.174065891365761,-2.819842099193151,2026-07-09 17:18:07.183105
356.23046875,161.015625,1.9445436482630056,-2.356194490192345,2026-07-09 17:18:07.184094
354.85546875,159.640625,1.9445436482630056,-2.356194490192345,2026-07-09 17:18:07.185021
352.79296875,158.265625,2.4788165018814925,-2.5535900500422257,2026-07-09 17:18:07.187357
351.41796875,156.890625,1.9445436482630056,-2.356194490192345,2026-07-09 17:18:07.187819
350.04296875,155.515625,1.9445436482630056,-2.356194490192345,2026-07-09 17:18:07.188261
348.66796875,154.828125,1.5372967345311055,-2.677945044588987,2026-07-09 17:18:07.189045
347.29296875,154.140625,1.5372967345311055,-2.677945044588987,2026-07-09 17:18:07.190102
346.60546875,153.453125,0.9722718241315028,-2.356194490192345,2026-07-09 17:18:07.191107
345.23046875,152.078125,1.9445436482630056,-2.356194490192345,2026-07-09 17:18:07.192100
344.54296875,151.390625,0.9722718241315028,-2.356194490192345,2026-07-09 17:18:07.193119
343.85546875,150.703125,0.9722718241315028,-2.356194490192345,2026-07-09 17:18:07.194025
342.48046875,149.328125,1.9445436482630056,-2.356194490192345,2026-07-09 17:18:07.195113
341.79296875,148.640625,0.9722718241315028,-2.356194490192345,2026-07-09 17:18:07.196100
341.10546875,147.953125,0.9722718241315028,-2.356194490192345,2026-07-09 17:18:07.197115
340.41796875,147.265625,0.9722718241315028,-2.356194490192345,2026-07-09 17:18:07.198036
339.73046875,146.578125,0.9722718241315028,-2.356194490192345,2026-07-09 17:18:07.199058
339.04296875,145.890625,0.9722718241315028,-2.356194490192345,2026-07-09 17:18:07.200084
338.35546875,145.203125,0.9722718241315028,-2.356194490192345,2026-07-09 17:18:07.201034
337.66796875,144.515625,0.9722718241315028,-2.356194490192345,2026-07-09 17:18:07.202224
337.66796875,143.828125,0.6875,-1.5707963267948966,2026-07-09 17:18:07.203846
336.98046875,143.140625,0.9722718241315028,-2.356194490192345,2026-07-09 17:18:07.204463
336.98046875,142.453125,0.6875,-1.5707963267948966,2026-07-09 17:18:07.205079
336.98046875,141.765625,0.6875,-1.5707963267948966,2026-07-09 17:18:07.206076
336.29296875,141.765625,0.6875,3.141592653589793,2026-07-09 17:18:07.207100
336.29296875,141.078125,0.6875,-1.5707963267948966,2026-07-09 17:18:07.208081
336.29296875,140.390625,0.6875,-1.5707963267948966,2026-07-09 17:18:07.211170
335.60546875,140.390625,0.6875,3.141592653589793,2026-07-09 17:18:07.213281
335.60546875,139.703125,0.6875,-1.5707963267948966,2026-07-09 17:18:07.215203
335.60546875,140.390625,0.6875,1.5707963267948966,2026-07-09 17:18:07.300959
336.29296875,140.390625,0.6875,0.0,2026-07-09 17:18:07.308816
336.29296875,141.078125,0.6875,1.5707963267948966,2026-07-09 17:18:07.645277
336.29296875,141.765625,0.6875,1.5707963267948966,2026-07-09 17:18:07.649644
336.98046875,142.453125,0.9722718241315028,0.7853981633974483,2026-07-09 17:18:07.651934
336.98046875,143.140625,0.6875,1.5707963267948966,2026-07-09 17:18:07.653933
336.98046875,143.828125,0.6875,1.5707963267948966,2026-07-09 17:18:07.655358
337.66796875,144.515625,0.9722718241315028,0.7853981633974483,2026-07-09 17:18:07.656729
337.66796875,145.203125,0.6875,1.5707963267948966,2026-07-09 17:18:07.658177
338.35546875,145.890625,0.9722718241315028,0.7853981633974483,2026-07-09 17:18:07.659162
339.04296875,147.265625,1.5372967345311055,1.1071487177940904,2026-07-09 17:18:07.660024
339.73046875,147.953125,0.9722718241315028,0.7853981633974483,2026-07-09 17:18:07.660857
340.41796875,149.328125,1.5372967345311055,1.1071487177940904,2026-07-09 17:18:07.661585
341.10546875,150.703125,1.5372967345311055,1.1071487177940904,2026-07-09 17:18:07.662429
341.79296875,152.078125,1.5372967345311055,1.1071487177940904,2026-07-09 17:18:07.663181
342.48046875,154.140625,2.174065891365761,1.2490457723982544,2026-07-09 17:18:07.663846
343.16796875,155.515625,1.5372967345311055,1.1071487177940904,2026-07-09 17:18:07.664390
343.85546875,157.578125,2.174065891365761,1.2490457723982544,2026-07-09 17:18:07.665033
344.54296875,159.640625,2.174065891365761,1.2490457723982544,2026-07-09 17:18:07.665587
345.23046875,161.015625,1.5372967345311055,1.1071487177940904,2026-07-09 17:18:07.666230
345.91796875,163.078125,2.174065891365761,1.2490457723982544,2026-07-09 17:18:07.666847
347.29296875,165.140625,2.4788165018814925,0.982793723247329,2026-07-09 17:18:07.667378
348.66796875,167.203125,2.4788165018814925,0.982793723247329,2026-07-09 17:18:07.667870
350.04296875,169.265625,2.4788165018814925,0.982793723247329,2026-07-09 17:18:07.668441
350.73046875,172.015625,2.834635117612142,1.3258176636680326,2026-07-09 17:18:07.668971
352.10546875,174.765625,3.074593469062211,1.1071487177940904,2026-07-09 17:18:07.669557
353.48046875,177.515625,3.074593469062211,1.1071487177940904,2026-07-09 17:18:07.670178
354.85546875,180.265625,3.074593469062211,1.1071487177940904,2026-07-09 17:18:07.670654
356.91796875,183.015625,3.4375,0.9272952180016122,2026-07-09 17:18:07.671249
358.29296875,185.765625,3.074593469062211,1.1071487177940904,2026-07-09 17:18:07.671740
359.66796875,188.515625,3.074593469062211,1.1071487177940904,2026-07-09 17:18:07.672189
361.73046875,191.265625,3.4375,0.9272952180016122,2026-07-09 17:18:07.673059
363.79296875,194.703125,4.008779427706144,1.0303768265243125,2026-07-09 17:18:07.674066
365.85546875,197.453125,3.4375,0.9272952180016122,2026-07-09 17:18:07.675043
367.91796875,200.203125,3.4375,0.9272952180016122,2026-07-09 17:18:07.676028
369.98046875,203.640625,4.008779427706144,1.0303768265243125,2026-07-09 17:18:07.677118
372.04296875,207.078125,4.008779427706144,1.0303768265243125,2026-07-09 17:18:07.678041
374.10546875,210.515625,4.008779427706144,1.0303768265243125,2026-07-09 17:18:07.679028
376.85546875,213.953125,4.402147913235083,0.8960553845713439,2026-07-09 17:18:07.680028
378.91796875,217.390625,4.008779427706144,1.0303768265243125,2026-07-09 17:18:07.681028
381.66796875,220.828125,4.402147913235083,0.8960553845713439,2026-07-09 17:18:07.682033
383.73046875,224.953125,4.611890203593316,1.1071487177940904,2026-07-09 17:18:07.683099
386.48046875,228.390625,4.402147913235083,0.8960553845713439,2026-07-09 17:18:07.684068
389.23046875,231.828125,4.402147913235083,0.8960553845713439,2026-07-09 17:18:07.685019
391.98046875,235.953125,4.957633003762985,0.982793723247329,2026-07-09 17:18:07.687371
394.73046875,239.390625,4.402147913235083,0.8960553845713439,2026-07-09 17:18:07.687990
397.48046875,243.515625,4.957633003762985,0.982793723247329,2026-07-09 17:18:07.688528
400.23046875,246.953125,4.402147913235083,0.8960553845713439,2026-07-09 17:18:07.689110
402.98046875,251.765625,5.5428022019552525,1.0516502125483738,2026-07-09 17:18:07.690119
406.41796875,255.890625,5.369546652185825,0.8760580505981934,2026-07-09 17:18:07.691017
408.48046875,259.328125,4.008779427706144,1.0303768265243125,2026-07-09 17:18:07.692085
411.91796875,263.453125,5.369546652185825,0.8760580505981934,2026-07-09 17:18:07.693025
415.35546875,267.578125,5.369546652185825,0.8760580505981934,2026-07-09 17:18:07.694027
418.79296875,271.703125,5.369546652185825,0.8760580505981934,2026-07-09 17:18:07.695097
421.54296875,275.828125,4.957633003762985,0.982793723247329,2026-07-09 17:18:07.696023
424.98046875,279.265625,4.861359120657514,0.7853981633974483,2026-07-09 17:18:07.697077
428.41796875,284.078125,5.914098621091806,0.9505468408120752,2026-07-09 17:18:07.698017
431.85546875,288.203125,5.369546652185825,0.8760580505981934,2026-07-09 17:18:07.699024
434.60546875,292.328125,4.957633003762985,0.982793723247329,2026-07-09 17:18:07.700091
438.04296875,296.453125,5.369546652185825,0.8760580505981934,2026-07-09 17:18:07.701028
441.48046875,300.578125,5.369546652185825,0.8760580505981934,2026-07-09 17:18:07.702080
444.91796875,304.703125,5.369546652185825,0.8760580505981934,2026-07-09 17:18:07.704329
448.35546875,308.140625,4.861359120657514,0.7853981633974483,2026-07-09 17:18:07.704970
452.48046875,312.953125,6.33843681438886,0.8621700546672264,2026-07-09 17:18:07.705460
455.91796875,317.078125,5.369546652185825,0.8760580505981934,2026-07-09 17:18:07.706010
460.04296875,321.203125,5.833630944789017,0.7853981633974483,2026-07-09 17:18:07.707052
462.79296875,325.328125,4.957633003762985,0.982793723247329,2026-07-09 17:18:07.708039
466.91796875,329.453125,5.833630944789017,0.7853981633974483,2026-07-09 17:18:07.708994
470.35546875,333.578125,5.369546652185825,0.8760580505981934,2026-07-09 17:18:07.710059
473.79296875,337.703125,5.369546652185825,0.8760580505981934,2026-07-09 17:18:07.711002
477.23046875,342.515625,5.914098621091806,0.9505468408120752,2026-07-09 17:18:07.712062
481.35546875,346.640625,5.833630944789017,0.7853981633974483,2026-07-09 17:18:07.713011
485.48046875,350.765625,5.833630944789017,0.7853981633974483,2026-07-09 17:18:07.714039
488.91796875,354.890625,5.369546652185825,0.8760580505981934,2026-07-09 17:18:07.714997
492.35546875,359.015625,5.369546652185825,0.8760580505981934,2026-07-09 17:18:07.716086
495.79296875,363.140625,5.369546652185825,0.8760580505981934,2026-07-09 17:18:07.717001
499.91796875,367.265625,5.833630944789017,0.7853981633974483,2026-07-09 17:18:07.718047
504.04296875,371.390625,5.833630944789017,0.7853981633974483,2026-07-09 17:18:07.720581
507.48046875,376.203125,5.914098621091806,0.9505468408120752,2026-07-09 17:18:07.721064
511.60546875,380.328125,5.833630944789017,0.7853981633974483,2026-07-09 17:18:07.721468
515.73046875,384.453125,5.833630944789017,0.7853981633974483,2026-07-09 17:18:07.722052
518.48046875,387.890625,4.402147913235083,0.8960553845713439,2026-07-09 17:18:07.723013
522.60546875,392.703125,6.33843681438886,0.8621700546672264,2026-07-09 17:18:07.724079
526.04296875,396.140625,4.861359120657514,0.7853981633974483,2026-07-09 17:18:07.725026
530.16796875,400.265625,5.833630944789017,0.7853981633974483,2026-07-09 17:18:07.726120
533.60546875,404.390625,5.369546652185825,0.8760580505981934,2026-07-09 17:18:07.727104
537.04296875,408.515625,5.369546652185825,0.8760580505981934,2026-07-09 17:18:07.728034
541.16796875,412.640625,5.833630944789017,0.7853981633974483,2026-07-09 17:18:07.729078
544.60546875,416.078125,4.861359120657514,0.7853981633974483,2026-07-09 17:18:07.730059
548.73046875,420.203125,5.833630944789017,0.7853981633974483,2026-07-09 17:18:07.731040
552.16796875,425.015625,5.914098621091806,0.9505468408120752,2026-07-09 17:18:07.732043
555.60546875,428.453125,4.861359120657514,0.7853981633974483,2026-07-09 17:18:07.733034
559.04296875,432.578125,5.369546652185825,0.8760580505981934,2026-07-09 17:18:07.734110
562.48046875,436.015625,4.861359120657514,0.7853981633974483,2026-07-09 17:18:07.735107
565.91796875,440.140625,5.369546652185825,0.8760580505981934,2026-07-09 17:18:07.737543
570.04296875,444.265625,5.833630944789017,0.7853981633974483,2026-07-09 17:18:07.738157
573.48046875,447.703125,4.861359120657514,0.7853981633974483,2026-07-09 17:18:07.738624
576.23046875,451.828125,4.957633003762985,0.982793723247329,2026-07-09 17:18:07.739080
580.35546875,455.953125,5.833630944789017,0.7853981633974483,2026-07-09 17:18:07.740023
583.10546875,459.390625,4.402147913235083,0.8960553845713439,2026-07-09 17:18:07.741082
586.54296875,462.828125,4.861359120657514,0.7853981633974483,2026-07-09 17:18:07.742098
589.98046875,466.265625,4.861359120657514,0.7853981633974483,2026-07-09 17:18:07.743082
592.73046875,470.390625,4.957633003762985,0.982793723247329,2026-07-09 17:18:07.744013
596.16796875,473.828125,4.861359120657514,0.7853981633974483,2026-07-09 17:18:07.745105
599.60546875,477.953125,5.369546652185825,0.8760580505981934,2026-07-09 17:18:07.746029
602.35546875,482.078125,4.957633003762985,0.982793723247329,2026-07-09 17:18:07.747085
605.79296875,485.515625,4.861359120657514,0.7853981633974483,2026-07-09 17:18:07.748035
608.54296875,488.953125,4.402147913235083,0.8960553845713439,2026-07-09 17:18:07.749113
611.29296875,492.390625,4.402147913235083,0.8960553845713439,2026-07-09 17:18:07.750019
614.04296875,495.828125,4.402147913235083,0.8960553845713439,2026-07-09 17:18:07.751109
616.79296875,499.265625,4.402147913235083,0.8960553845713439,2026-07-09 17:18:07.752049
620.23046875,502.703125,4.861359120657514,0.7853981633974483,2026-07-09 17:18:07.753769
622.98046875,506.140625,4.402147913235083,0.8960553845713439,2026-07-09 17:18:07.754370
625.73046875,510.265625,4.957633003762985,0.982793723247329,2026-07-09 17:18:07.755110
628.48046875,513.015625,3.8890872965260113,0.7853981633974483,2026-07-09 17:18:07.756120
631.23046875,516.453125,4.402147913235083,0.8960553845713439,2026-07-09 17:18:07.757034
633.98046875,519.890625,4.402147913235083,0.8960553845713439,2026-07-09 17:18:07.758060
636.04296875,523.328125,4.008779427706144,1.0303768265243125,2026-07-09 17:18:07.759083
638.79296875,526.078125,3.8890872965260113,0.7853981633974483,2026-07-09 17:18:07.760051
641.54296875,529.515625,4.402147913235083,0.8960553845713439,2026-07-09 17:18:07.761085
644.29296875,532.265625,3.8890872965260113,0.7853981633974483,2026-07-09 17:18:07.762127
646.35546875,535.015625,3.4375,0.9272952180016122,2026-07-09 17:18:07.763041
649.10546875,537.765625,3.8890872965260113,0.7853981633974483,2026-07-09 17:18:07.764080
651.16796875,541.203125,4.008779427706144,1.0303768265243125,2026-07-09 17:18:07.765013
653.23046875,543.953125,3.4375,0.9272952180016122,2026-07-09 17:18:07.766105
655.29296875,546.703125,3.4375,0.9272952180016122,2026-07-09 17:18:07.767026
658.04296875,549.453125,3.8890872965260113,0.7853981633974483,2026-07-09 17:18:07.768094
660.10546875,552.890625,4.008779427706144,1.0303768265243125,2026-07-09 17:18:07.770544
662.16796875,555.640625,3.4375,0.9272952180016122,2026-07-09 17:18:07.770946
664.23046875,558.390625,3.4375,0.9272952180016122,2026-07-09 17:18:07.771351
666.29296875,560.453125,2.9168154723945086,0.7853981633974483,2026-07-09 17:18:07.772091
668.35546875,563.203125,3.4375,0.9272952180016122,2026-07-09 17:18:07.773096
669.73046875,565.953125,3.074593469062211,1.1071487177940904,2026-07-09 17:18:07.774068
671.79296875,568.015625,2.9168154723945086,0.7853981633974483,2026-07-09 17:18:07.775027
673.16796875,570.765625,3.074593469062211,1.1071487177940904,2026-07-09 17:18:07.776100
675.23046875,572.828125,2.9168154723945086,0.7853981633974483,2026-07-09 17:18:07.777010
677.29296875,574.890625,2.9168154723945086,0.7853981633974483,2026-07-09 17:18:07.778040
678.66796875,577.640625,3.074593469062211,1.1071487177940904,2026-07-09 17:18:07.779120
680.73046875,579.703125,2.9168154723945086,0.7853981633974483,2026-07-09 17:18:07.780101
682.10546875,582.453125,3.074593469062211,1.1071487177940904,2026-07-09 17:18:07.781030
683.48046875,584.515625,2.4788165018814925,0.982793723247329,2026-07-09 17:18:07.782069
684.85546875,586.578125,2.4788165018814925,0.982793723247329,2026-07-09 17:18:07.783020
686.23046875,587.953125,1.9445436482630056,0.7853981633974483,2026-07-09 17:18:07.784090
687.60546875,590.015625,2.4788165018814925,0.982793723247329,2026-07-09 17:18:07.785009
688.98046875,592.078125,2.4788165018814925,0.982793723247329,2026-07-09 17:18:07.787412
690.35546875,593.453125,1.9445436482630056,0.7853981633974483,2026-07-09 17:18:07.787846
691.73046875,595.515625,2.4788165018814925,0.982793723247329,2026-07-09 17:18:07.788253
693.10546875,597.578125,2.4788165018814925,0.982793723247329,2026-07-09 17:18:07.789021
693.79296875,598.953125,1.5372967345311055,1.1071487177940904,2026-07-09 17:18:07.790090
695.16796875,600.328125,1.9445436482630056,0.7853981633974483,2026-07-09 17:18:07.791030
696.54296875,601.703125,1.9445436482630056,0.7853981633974483,2026-07-09 17:18:07.792070
697.23046875,603.765625,2.174065891365761,1.2490457723982544,2026-07-09 17:18:07.793030
697.91796875,604.453125,0.9722718241315028,0.7853981633974483,2026-07-09 17:18:07.794074
699.29296875,605.828125,1.9445436482630056,0.7853981633974483,2026-07-09 17:18:07.795016
700.66796875,607.890625,2.4788165018814925,0.982793723247329,2026-07-09 17:18:07.796066
701.35546875,609.265625,1.5372967345311055,1.1071487177940904,2026-07-09 17:18:07.797051
702.04296875,609.953125,0.9722718241315028,0.7853981633974483,2026-07-09 17:18:07.798060
702.73046875,611.328125,1.5372967345311055,1.1071487177940904,2026-07-09 17:18:07.799066
703.41796875,612.703125,1.5372967345311055,1.1071487177940904,2026-07-09 17:18:07.800020
704.10546875,613.390625,0.9722718241315028,0.7853981633974483,2026-07-09 17:18:07.801094
704.79296875,614.765625,1.5372967345311055,1.1071487177940904,2026-07-09 17:18:07.802170
706.16796875,616.140625,1.9445436482630056,0.7853981633974483,2026-07-09 17:18:07.803849
706.85546875,616.828125,0.9722718241315028,0.7853981633974483,2026-07-09 17:18:07.804384
707.54296875,618.203125,1.5372967345311055,1.1071487177940904,2026-07-09 17:18:07.805053
708.23046875,618.890625,0.9722718241315028,0.7853981633974483,2026-07-09 17:18:07.806088
708.91796875,619.578125,0.9722718241315028,0.7853981633974483,2026-07-09 17:18:07.807037
709.60546875,620.265625,0.9722718241315028,0.7853981633974483,2026-07-09 17:18:07.808065
710.29296875,620.953125,0.9722718241315028,0.7853981633974483,2026-07-09 17:18:07.809036
710.98046875,622.328125,1.5372967345311055,1.1071487177940904,2026-07-09 17:18:07.811119
711.66796875,623.015625,0.9722718241315028,0.7853981633974483,2026-07-09 17:18:07.812021
712.35546875,623.703125,0.9722718241315028,0.7853981633974483,2026-07-09 17:18:07.813071
713.04296875,624.390625,0.9722718241315028,0.7853981633974483,2026-07-09 17:18:07.815193
713.73046875,625.078125,0.9722718241315028,0.7853981633974483,2026-07-09 17:18:07.817213
713.73046875,626.453125,1.375,1.5707963267948966,2026-07-09 17:18:07.820640
714.41796875,627.140625,0.9722718241315028,0.7853981633974483,2026-07-09 17:18:07.821214
714.41796875,627.828125,0.6875,1.5707963267948966,2026-07-09 17:18:07.823239
715.10546875,628.515625,0.9722718241315028,0.7853981633974483,2026-07-09 17:18:07.824023
715.79296875,628.515625,0.6875,0.0,2026-07-09 17:18:07.830237
715.79296875,629.203125,0.6875,1.5707963267948966,2026-07-09 17:18:07.833285
715.10546875,629.203125,0.6875,3.141592653589793,2026-07-09 17:18:08.216289
714.41796875,629.203125,0.6875,3.141592653589793,2026-07-09 17:18:08.219628
713.73046875,628.515625,0.9722718241315028,-2.356194490192345,2026-07-09 17:18:08.221446
713.04296875,628.515625,0.6875,3.141592653589793,2026-07-09 17:18:08.223086
712.35546875,628.515625,0.6875,3.141592653589793,2026-07-09 17:18:08.224617
711.66796875,628.515625,0.6875,3.141592653589793,2026-07-09 17:18:08.226197
710.98046875,628.515625,0.6875,3.141592653589793,2026-07-09 17:18:08.228000
710.29296875,628.515625,0.6875,3.141592653589793,2026-07-09 17:18:08.229419
709.60546875,628.515625,0.6875,3.141592653589793,2026-07-09 17:18:08.230716
708.91796875,628.515625,0.6875,3.141592653589793,2026-07-09 17:18:08.231627
708.23046875,628.515625,0.6875,3.141592653589793,2026-07-09 17:18:08.232387
706.85546875,628.515625,1.375,3.141592653589793,2026-07-09 17:18:08.233054
705.48046875,628.515625,1.375,3.141592653589793,2026-07-09 17:18:08.233682
704.10546875,628.515625,1.375,3.141592653589793,2026-07-09 17:18:08.234309
702.73046875,628.515625,1.375,3.141592653589793,2026-07-09 17:18:08.234888
701.35546875,628.515625,1.375,3.141592653589793,2026-07-09 17:18:08.235456
699.98046875,628.515625,1.375,3.141592653589793,2026-07-09 17:18:08.235938
697.91796875,627.828125,2.174065891365761,-2.819842099193151,2026-07-09 17:18:08.236417
695.85546875,627.828125,2.0625,3.141592653589793,2026-07-09 17:18:08.237137
693.79296875,627.828125,2.0625,3.141592653589793,2026-07-09 17:18:08.237886
691.73046875,627.828125,2.0625,3.141592653589793,2026-07-09 17:18:08.238505
689.66796875,627.828125,2.0625,3.141592653589793,2026-07-09 17:18:08.239060
687.60546875,627.828125,2.0625,3.141592653589793,2026-07-09 17:18:08.239591
684.85546875,627.828125,2.75,3.141592653589793,2026-07-09 17:18:08.240124
682.10546875,627.828125,2.75,3.141592653589793,2026-07-09 17:18:08.241097
679.35546875,627.828125,2.75,3.141592653589793,2026-07-09 17:18:08.242395
676.60546875,627.828125,2.75,3.141592653589793,2026-07-09 17:18:08.243039
673.85546875,627.828125,2.75,3.141592653589793,2026-07-09 17:18:08.244351
670.41796875,627.828125,3.4375,3.141592653589793,2026-07-09 17:18:08.245092
666.98046875,628.515625,3.5055759155950397,2.9441970937399127,2026-07-09 17:18:08.246397
664.23046875,628.515625,2.75,3.141592653589793,2026-07-09 17:18:08.247041
661.48046875,628.515625,2.75,3.141592653589793,2026-07-09 17:18:08.248266
657.35546875,628.515625,4.125,3.141592653589793,2026-07-09 17:18:08.249033
653.91796875,629.203125,3.5055759155950397,2.9441970937399127,2026-07-09 17:18:08.250209
650.48046875,629.890625,3.5055759155950397,2.9441970937399127,2026-07-09 17:18:08.251072
646.35546875,629.890625,4.125,3.141592653589793,2026-07-09 17:18:08.252058
642.91796875,629.890625,3.4375,3.141592653589793,2026-07-09 17:18:08.255676
638.79296875,630.578125,4.181899239580026,2.976443976175166,2026-07-09 17:18:08.256324
634.66796875,630.578125,4.125,3.141592653589793,2026-07-09 17:18:08.256818
631.23046875,630.578125,3.4375,3.141592653589793,2026-07-09 17:18:08.257386
626.41796875,631.265625,4.861359120657514,2.999695598985629,2026-07-09 17:18:08.257858
622.98046875,631.265625,3.4375,3.141592653589793,2026-07-09 17:18:08.258308
618.85546875,631.953125,4.181899239580026,2.976443976175166,2026-07-09 17:18:08.259045
614.04296875,632.640625,4.861359120657514,2.999695598985629,2026-07-09 17:18:08.260031
609.23046875,632.640625,4.8125,3.141592653589793,2026-07-09 17:18:08.261053
605.10546875,633.328125,4.181899239580026,2.976443976175166,2026-07-09 17:18:08.262038
600.29296875,633.328125,4.8125,3.141592653589793,2026-07-09 17:18:08.263062
595.48046875,634.015625,4.861359120657514,2.999695598985629,2026-07-09 17:18:08.264027
590.66796875,634.703125,4.861359120657514,2.999695598985629,2026-07-09 17:18:08.265035
586.54296875,634.703125,4.125,3.141592653589793,2026-07-09 17:18:08.266025
581.73046875,635.390625,4.861359120657514,2.999695598985629,2026-07-09 17:18:08.267022
576.91796875,636.078125,4.861359120657514,2.999695598985629,2026-07-09 17:18:08.268016
572.10546875,636.765625,4.861359120657514,2.999695598985629,2026-07-09 17:18:08.270987
567.29296875,637.453125,4.861359120657514,2.999695598985629,2026-07-09 17:18:08.271633
562.48046875,638.140625,4.861359120657514,2.999695598985629,2026-07-09 17:18:08.272231
557.66796875,638.828125,4.861359120657514,2.999695598985629,2026-07-09 17:18:08.272712
552.85546875,638.828125,4.8125,3.141592653589793,2026-07-09 17:18:08.273279
547.35546875,639.515625,5.5428022019552525,3.017237659043032,2026-07-09 17:18:08.274012
542.54296875,640.203125,4.861359120657514,2.999695598985629,2026-07-09 17:18:08.275061
537.73046875,640.890625,4.861359120657514,2.999695598985629,2026-07-09 17:18:08.276001
532.91796875,640.890625,4.8125,3.141592653589793,2026-07-09 17:18:08.277079
528.10546875,641.578125,4.861359120657514,2.999695598985629,2026-07-09 17:18:08.278081
523.29296875,642.265625,4.861359120657514,2.999695598985629,2026-07-09 17:18:08.279002
518.48046875,642.265625,4.8125,3.141592653589793,2026-07-09 17:18:08.280132
512.98046875,642.953125,5.5428022019552525,3.017237659043032,2026-07-09 17:18:08.281118
508.16796875,643.640625,4.861359120657514,2.999695598985629,2026-07-09 17:18:08.281994
503.35546875,644.328125,4.861359120657514,2.999695598985629,2026-07-09 17:18:08.283037
498.54296875,645.015625,4.861359120657514,2.999695598985629,2026-07-09 17:18:08.284076
493.73046875,645.703125,4.861359120657514,2.999695598985629,2026-07-09 17:18:08.285005
488.91796875,646.390625,4.861359120657514,2.999695598985629,2026-07-09 17:18:08.287496
484.10546875,646.390625,4.8125,3.141592653589793,2026-07-09 17:18:08.288067
479.98046875,647.078125,4.181899239580026,2.976443976175166,2026-07-09 17:18:08.288615
475.16796875,647.765625,4.861359120657514,2.999695598985629,2026-07-09 17:18:08.289070
470.35546875,648.453125,4.861359120657514,2.999695598985629,2026-07-09 17:18:08.290056
465.54296875,649.140625,4.861359120657514,2.999695598985629,2026-07-09 17:18:08.291006
461.41796875,649.828125,4.181899239580026,2.976443976175166,2026-07-09 17:18:08.292057
456.60546875,650.515625,4.861359120657514,2.999695598985629,2026-07-09 17:18:08.292999
451.79296875,650.515625,4.8125,3.141592653589793,2026-07-09 17:18:08.294068
447.66796875,651.203125,4.181899239580026,2.976443976175166,2026-07-09 17:18:08.295076
443.54296875,651.890625,4.181899239580026,2.976443976175166,2026-07-09 17:18:08.295998
438.73046875,652.578125,4.861359120657514,2.999695598985629,2026-07-09 17:18:08.297124
434.60546875,653.265625,4.181899239580026,2.976443976175166,2026-07-09 17:18:08.298064
431.16796875,653.265625,3.4375,3.141592653589793,2026-07-09 17:18:08.299083
427.04296875,653.953125,4.181899239580026,2.976443976175166,2026-07-09 17:18:08.300009
422.91796875,654.640625,4.181899239580026,2.976443976175166,2026-07-09 17:18:08.301087
418.79296875,655.328125,4.181899239580026,2.976443976175166,2026-07-09 17:18:08.302035
414.66796875,656.015625,4.181899239580026,2.976443976175166,2026-07-09 17:18:08.303847
410.54296875,656.703125,4.181899239580026,2.976443976175166,2026-07-09 17:18:08.304495
407.10546875,657.390625,3.5055759155950397,2.9441970937399127,2026-07-09 17:18:08.305121
402.98046875,657.390625,4.125,3.141592653589793,2026-07-09 17:18:08.306095
400.23046875,658.078125,2.834635117612142,2.896613990462929,2026-07-09 17:18:08.307031
396.10546875,658.765625,4.181899239580026,2.976443976175166,2026-07-09 17:18:08.308086
392.66796875,659.453125,3.5055759155950397,2.9441970937399127,2026-07-09 17:18:08.309087
389.23046875,660.140625,3.5055759155950397,2.9441970937399127,2026-07-09 17:18:08.310005
385.79296875,660.828125,3.5055759155950397,2.9441970937399127,2026-07-09 17:18:08.311142
382.35546875,661.515625,3.5055759155950397,2.9441970937399127,2026-07-09 17:18:08.312030
378.91796875,661.515625,3.4375,3.141592653589793,2026-07-09 17:18:08.313165
375.48046875,662.203125,3.5055759155950397,2.9441970937399127,2026-07-09 17:18:08.314102
372.73046875,662.890625,2.834635117612142,2.896613990462929,2026-07-09 17:18:08.315042
369.29296875,663.578125,3.5055759155950397,2.9441970937399127,2026-07-09 17:18:08.316079
366.54296875,663.578125,2.75,3.141592653589793,2026-07-09 17:18:08.317048
363.79296875,664.265625,2.834635117612142,2.896613990462929,2026-07-09 17:18:08.318038
361.04296875,664.953125,2.834635117612142,2.896613990462929,2026-07-09 17:18:08.320687
358.29296875,664.953125,2.75,3.141592653589793,2026-07-09 17:18:08.321348
355.54296875,665.640625,2.834635117612142,2.896613990462929,2026-07-09 17:18:08.321833
352.79296875,666.328125,2.834635117612142,2.896613990462929,2026-07-09 17:18:08.322282
350.73046875,666.328125,2.0625,3.141592653589793,2026-07-09 17:18:08.323022
347.98046875,667.015625,2.834635117612142,2.896613990462929,2026-07-09 17:18:08.324095
345.23046875,667.015625,2.75,3.141592653589793,2026-07-09 17:18:08.325098
343.16796875,667.703125,2.174065891365761,2.819842099193151,2026-07-09 17:18:08.326094
341.10546875,668.390625,2.174065891365761,2.819842099193151,2026-07-09 17:18:08.327020
339.04296875,668.390625,2.0625,3.141592653589793,2026-07-09 17:18:08.328022
336.98046875,668.390625,2.0625,3.141592653589793,2026-07-09 17:18:08.329109
334.91796875,669.078125,2.174065891365761,2.819842099193151,2026-07-09 17:18:08.330069
332.85546875,669.078125,2.0625,3.141592653589793,2026-07-09 17:18:08.331081
331.48046875,669.765625,1.5372967345311055,2.677945044588987,2026-07-09 17:18:08.332084
330.10546875,669.765625,1.375,3.141592653589793,2026-07-09 17:18:08.333079
328.04296875,670.453125,2.174065891365761,2.819842099193151,2026-07-09 17:18:08.334018
325.98046875,670.453125,2.0625,3.141592653589793,2026-07-09 17:18:08.335059
324.60546875,670.453125,1.375,3.141592653589793,2026-07-09 17:18:08.336989
323.23046875,671.140625,1.5372967345311055,2.677945044588987,2026-07-09 17:18:08.337487
321.85546875,671.140625,1.375,3.141592653589793,2026-07-09 17:18:08.338022
320.48046875,671.140625,1.375,3.141592653589793,2026-07-09 17:18:08.339112
319.79296875,671.828125,0.9722718241315028,2.356194490192345,2026-07-09 17:18:08.340029
318.41796875,671.828125,1.375,3.141592653589793,2026-07-09 17:18:08.341040
317.73046875,671.828125,0.6875,3.141592653589793,2026-07-09 17:18:08.342076
317.04296875,672.515625,0.9722718241315028,2.356194490192345,2026-07-09 17:18:08.343040
315.66796875,672.515625,1.375,3.141592653589793,2026-07-09 17:18:08.344023
314.98046875,672.515625,0.6875,3.141592653589793,2026-07-09 17:18:08.345103
314.29296875,672.515625,0.6875,3.141592653589793,2026-07-09 17:18:08.346031
313.60546875,672.515625,0.6875,3.141592653589793,2026-07-09 17:18:08.348227
312.91796875,672.515625,0.6875,3.141592653589793,2026-07-09 17:18:08.359254
312.23046875,672.515625,0.6875,3.141592653589793,2026-07-09 17:18:08.653539
312.91796875,672.515625,0.6875,0.0,2026-07-09 17:18:08.656812
313.60546875,672.515625,0.6875,0.0,2026-07-09 17:18:08.658594
314.29296875,672.515625,0.6875,0.0,2026-07-09 17:18:08.660812
314.98046875,672.515625,0.6875,0.0,2026-07-09 17:18:08.663430
315.66796875,672.515625,0.6875,0.0,2026-07-09 17:18:08.664665
316.35546875,672.515625,0.6875,0.0,2026-07-09 17:18:08.665820
317.04296875,672.515625,0.6875,0.0,2026-07-09 17:18:08.666567
317.73046875,672.515625,0.6875,0.0,2026-07-09 17:18:08.667252
318.41796875,672.515625,0.6875,0.0,2026-07-09 17:18:08.667899
319.10546875,672.515625,0.6875,0.0,2026-07-09 17:18:08.668482
319.79296875,671.828125,0.9722718241315028,-0.7853981633974483,2026-07-09 17:18:08.669083
321.16796875,671.828125,1.375,0.0,2026-07-09 17:18:08.669655
321.85546875,671.828125,0.6875,0.0,2026-07-09 17:18:08.670230
323.23046875,671.828125,1.375,0.0,2026-07-09 17:18:08.670914
324.60546875,671.828125,1.375,0.0,2026-07-09 17:18:08.671516
325.98046875,671.140625,1.5372967345311055,-0.4636476090008061,2026-07-09 17:18:08.672282
327.35546875,671.140625,1.375,0.0,2026-07-09 17:18:08.673114
328.73046875,671.140625,1.375,0.0,2026-07-09 17:18:08.674107
330.10546875,671.140625,1.375,0.0,2026-07-09 17:18:08.675409
332.16796875,670.453125,2.174065891365761,-0.3217505543966422,2026-07-09 17:18:08.676453
333.54296875,670.453125,1.375,0.0,2026-07-09 17:18:08.677452
335.60546875,670.453125,2.0625,0.0,2026-07-09 17:18:08.678452
337.66796875,669.765625,2.174065891365761,-0.3217505543966422,2026-07-09 17:18:08.679099
340.41796875,669.765625,2.75,0.0,2026-07-09 17:18:08.680265
342.48046875,669.765625,2.0625,0.0,2026-07-09 17:18:08.681394
345.23046875,669.078125,2.834635117612142,-0.24497866312686414,2026-07-09 17:18:08.682063
347.98046875,669.078125,2.75,0.0,2026-07-09 17:18:08.683405
350.73046875,669.078125,2.75,0.0,2026-07-09 17:18:08.684457
353.48046875,668.390625,2.834635117612142,-0.24497866312686414,2026-07-09 17:18:08.685455
356.23046875,668.390625,2.75,0.0,2026-07-09 17:18:08.690132
359.66796875,668.390625,3.4375,0.0,2026-07-09 17:18:08.690650
363.10546875,667.703125,3.5055759155950397,-0.19739555984988075,2026-07-09 17:18:08.691115
366.54296875,667.703125,3.4375,0.0,2026-07-09 17:18:08.691623
370.66796875,667.703125,4.125,0.0,2026-07-09 17:18:08.692150
374.79296875,667.015625,4.181899239580026,-0.16514867741462683,2026-07-09 17:18:08.692631
378.23046875,667.015625,3.4375,0.0,2026-07-09 17:18:08.693101
383.04296875,666.328125,4.861359120657514,-0.14189705460416394,2026-07-09 17:18:08.693576
387.16796875,666.328125,4.125,0.0,2026-07-09 17:18:08.694033
391.29296875,666.328125,4.125,0.0,2026-07-09 17:18:08.695071
396.79296875,665.640625,5.5428022019552525,-0.12435499454676144,2026-07-09 17:18:08.696077
401.60546875,665.640625,4.8125,0.0,2026-07-09 17:18:08.697020
406.41796875,665.640625,4.8125,0.0,2026-07-09 17:18:08.698014
411.23046875,664.953125,4.861359120657514,-0.14189705460416394,2026-07-09 17:18:08.699070
416.73046875,664.953125,5.5,0.0,2026-07-09 17:18:08.700090
422.23046875,664.265625,5.5428022019552525,-0.12435499454676144,2026-07-09 17:18:08.701284
427.73046875,663.578125,5.5428022019552525,-0.12435499454676144,2026-07-09 17:18:08.702098
433.23046875,663.578125,5.5,0.0,2026-07-09 17:18:08.705269
439.41796875,662.890625,6.225577282469474,-0.11065722117389565,2026-07-09 17:18:08.705681
444.91796875,662.890625,5.5,0.0,2026-07-09 17:18:08.706076
450.41796875,662.203125,5.5428022019552525,-0.12435499454676144,2026-07-09 17:18:08.706483
456.60546875,662.203125,6.1875,0.0,2026-07-09 17:18:08.707089
462.79296875,661.515625,6.225577282469474,-0.11065722117389565,2026-07-09 17:18:08.708122
469.66796875,660.828125,6.909289489520612,-0.09966865249116202,2026-07-09 17:18:08.709079
475.85546875,660.828125,6.1875,0.0,2026-07-09 17:18:08.710000
482.04296875,660.140625,6.225577282469474,-0.11065722117389565,2026-07-09 17:18:08.711094
488.23046875,659.453125,6.225577282469474,-0.11065722117389565,2026-07-09 17:18:08.712019
495.10546875,658.765625,6.909289489520612,-0.09966865249116202,2026-07-09 17:18:08.713035
501.98046875,658.765625,6.875,0.0,2026-07-09 17:18:08.714058
508.16796875,658.078125,6.225577282469474,-0.11065722117389565,2026-07-09 17:18:08.715021
515.73046875,658.078125,7.5625,0.0,2026-07-09 17:18:08.716079
521.91796875,657.390625,6.225577282469474,-0.11065722117389565,2026-07-09 17:18:08.717073
529.48046875,656.703125,7.593685699316242,-0.09065988720074511,2026-07-09 17:18:08.717999
536.35546875,656.703125,6.875,0.0,2026-07-09 17:18:08.720528
543.91796875,656.015625,7.593685699316242,-0.09065988720074511,2026-07-09 17:18:08.720977
551.48046875,655.328125,7.593685699316242,-0.09065988720074511,2026-07-09 17:18:08.721439
559.04296875,655.328125,7.5625,0.0,2026-07-09 17:18:08.722080
565.91796875,654.640625,6.909289489520612,-0.09966865249116202,2026-07-09 17:18:08.723089
573.48046875,654.640625,7.5625,0.0,2026-07-09 17:18:08.724009
581.04296875,653.953125,7.593685699316242,-0.09065988720074511,2026-07-09 17:18:08.725047
588.60546875,653.265625,7.593685699316242,-0.09065988720074511,2026-07-09 17:18:08.726098
596.16796875,652.578125,7.593685699316242,-0.09065988720074511,2026-07-09 17:18:08.726989
603.73046875,651.890625,7.593685699316242,-0.09065988720074511,2026-07-09 17:18:08.728016
611.29296875,651.890625,7.5625,0.0,2026-07-09 17:18:08.729047
618.85546875,651.203125,7.593685699316242,-0.09065988720074511,2026-07-09 17:18:08.730081
626.41796875,650.515625,7.593685699316242,-0.09065988720074511,2026-07-09 17:18:08.731004
634.66796875,649.828125,8.278596272919703,-0.08314123188844123,2026-07-09 17:18:08.732077
642.23046875,649.828125,7.5625,0.0,2026-07-09 17:18:08.733082
649.79296875,649.140625,7.593685699316242,-0.09065988720074511,2026-07-09 17:18:08.734080
657.35546875,648.453125,7.593685699316242,-0.09065988720074511,2026-07-09 17:18:08.735009
664.91796875,647.765625,7.593685699316242,-0.09065988720074511,2026-07-09 17:18:08.737332
672.48046875,647.078125,7.593685699316242,-0.09065988720074511,2026-07-09 17:18:08.737802
680.04296875,646.390625,7.593685699316242,-0.09065988720074511,2026-07-09 17:18:08.738257
687.60546875,645.703125,7.593685699316242,-0.09065988720074511,2026-07-09 17:18:08.739080
695.85546875,645.015625,8.278596272919703,-0.08314123188844123,2026-07-09 17:18:08.740018
703.41796875,644.328125,7.593685699316242,-0.09065988720074511,2026-07-09 17:18:08.741064
710.98046875,643.640625,7.593685699316242,-0.09065988720074511,2026-07-09 17:18:08.742008
717.85546875,642.953125,6.909289489520612,-0.09966865249116202,2026-07-09 17:18:08.743075
725.41796875,642.265625,7.593685699316242,-0.09065988720074511,2026-07-09 17:18:08.744028
733.66796875,641.578125,8.278596272919703,-0.08314123188844123,2026-07-09 17:18:08.745062
740.54296875,640.890625,6.909289489520612,-0.09966865249116202,2026-07-09 17:18:08.746072
748.10546875,640.203125,7.593685699316242,-0.09065988720074511,2026-07-09 17:18:08.747111
756.35546875,639.515625,8.278596272919703,-0.08314123188844123,2026-07-09 17:18:08.748079
762.54296875,638.828125,6.225577282469474,-0.11065722117389565,2026-07-09 17:18:08.749031
770.10546875,638.140625,7.593685699316242,-0.09065988720074511,2026-07-09 17:18:08.750096
778.35546875,637.453125,8.278596272919703,-0.08314123188844123,2026-07-09 17:18:08.751019
785.23046875,636.765625,6.909289489520612,-0.09966865249116202,2026-07-09 17:18:08.752106
792.79296875,636.078125,7.593685699316242,-0.09065988720074511,2026-07-09 17:18:08.753816
800.35546875,635.390625,7.593685699316242,-0.09065988720074511,2026-07-09 17:18:08.754364
807.23046875,634.703125,6.909289489520612,-0.09966865249116202,2026-07-09 17:18:08.755015
814.10546875,634.015625,6.909289489520612,-0.09966865249116202,2026-07-09 17:18:08.756076
820.98046875,633.328125,6.909289489520612,-0.09966865249116202,2026-07-09 17:18:08.757024
828.54296875,632.640625,7.593685699316242,-0.09065988720074511,2026-07-09 17:18:08.758089
835.41796875,631.265625,7.011151831190079,-0.19739555984988075,2026-07-09 17:18:08.759081
842.29296875,630.578125,6.909289489520612,-0.09966865249116202,2026-07-09 17:18:08.760079
848.48046875,629.890625,6.225577282469474,-0.11065722117389565,2026-07-09 17:18:08.761027
855.35546875,629.203125,6.909289489520612,-0.09966865249116202,2026-07-09 17:18:08.762010
861.54296875,628.515625,6.225577282469474,-0.11065722117389565,2026-07-09 17:18:08.763075
868.41796875,627.140625,7.011151831190079,-0.19739555984988075,2026-07-09 17:18:08.764111
875.29296875,626.453125,6.909289489520612,-0.09966865249116202,2026-07-09 17:18:08.765032
881.48046875,625.765625,6.225577282469474,-0.11065722117389565,2026-07-09 17:18:08.766157
887.66796875,625.078125,6.225577282469474,-0.11065722117389565,2026-07-09 17:18:08.767092
894.54296875,624.390625,6.909289489520612,-0.09966865249116202,2026-07-09 17:18:08.768008
900.73046875,623.703125,6.225577282469474,-0.11065722117389565,2026-07-09 17:18:08.770597
906.91796875,623.015625,6.225577282469474,-0.11065722117389565,2026-07-09 17:18:08.771129
913.10546875,622.328125,6.225577282469474,-0.11065722117389565,2026-07-09 17:18:08.771584
919.29296875,621.640625,6.225577282469474,-0.11065722117389565,2026-07-09 17:18:08.772030
925.48046875,620.953125,6.225577282469474,-0.11065722117389565,2026-07-09 17:18:08.773049
931.66796875,620.265625,6.225577282469474,-0.11065722117389565,2026-07-09 17:18:08.774030
937.16796875,619.578125,5.5428022019552525,-0.12435499454676144,2026-07-09 17:18:08.775092
943.35546875,618.890625,6.225577282469474,-0.11065722117389565,2026-07-09 17:18:08.776055
948.85546875,618.203125,5.5428022019552525,-0.12435499454676144,2026-07-09 17:18:08.777089
954.35546875,617.515625,5.5428022019552525,-0.12435499454676144,2026-07-09 17:18:08.778084
960.54296875,616.828125,6.225577282469474,-0.11065722117389565,2026-07-09 17:18:08.779086
966.04296875,616.140625,5.5428022019552525,-0.12435499454676144,2026-07-09 17:18:08.780006
971.54296875,615.453125,5.5428022019552525,-0.12435499454676144,2026-07-09 17:18:08.781082
977.04296875,614.765625,5.5428022019552525,-0.12435499454676144,2026-07-09 17:18:08.782085
982.54296875,614.078125,5.5428022019552525,-0.12435499454676144,2026-07-09 17:18:08.783081
987.35546875,613.390625,4.861359120657514,-0.14189705460416394,2026-07-09 17:18:08.784082
992.85546875,612.703125,5.5428022019552525,-0.12435499454676144,2026-07-09 17:18:08.785003
997.66796875,612.015625,4.861359120657514,-0.14189705460416394,2026-07-09 17:18:08.787358
1002.48046875,611.328125,4.861359120657514,-0.14189705460416394,2026-07-09 17:18:08.787832
1007.29296875,610.640625,4.861359120657514,-0.14189705460416394,2026-07-09 17:18:08.788265
1012.79296875,609.953125,5.5428022019552525,-0.12435499454676144,2026-07-09 17:18:08.789092
1016.91796875,609.265625,4.181899239580026,-0.16514867741462683,2026-07-09 17:18:08.790021
1021.73046875,608.578125,4.861359120657514,-0.14189705460416394,2026-07-09 17:18:08.791081
1025.85546875,607.890625,4.181899239580026,-0.16514867741462683,2026-07-09 17:18:08.792083
1029.98046875,607.203125,4.181899239580026,-0.16514867741462683,2026-07-09 17:18:08.793012
1034.79296875,606.515625,4.861359120657514,-0.14189705460416394,2026-07-09 17:18:08.794069
1038.91796875,605.828125,4.181899239580026,-0.16514867741462683,2026-07-09 17:18:08.795085
1043.04296875,605.828125,4.125,0.0,2026-07-09 17:18:08.796008
1047.16796875,605.140625,4.181899239580026,-0.16514867741462683,2026-07-09 17:18:08.797126
1051.29296875,604.453125,4.181899239580026,-0.16514867741462683,2026-07-09 17:18:08.798019
1055.41796875,604.453125,4.125,0.0,2026-07-09 17:18:08.799076
1058.85546875,603.765625,3.5055759155950397,-0.19739555984988075,2026-07-09 17:18:08.800019
1062.29296875,603.078125,3.5055759155950397,-0.19739555984988075,2026-07-09 17:18:08.801070
1065.73046875,602.390625,3.5055759155950397,-0.19739555984988075,2026-07-09 17:18:08.802051
1069.16796875,601.703125,3.5055759155950397,-0.19739555984988075,2026-07-09 17:18:08.803847
1072.60546875,601.703125,3.4375,0.0,2026-07-09 17:18:08.804518
1076.04296875,601.015625,3.5055759155950397,-0.19739555984988075,2026-07-09 17:18:08.805033
1078.10546875,600.328125,2.174065891365761,-0.3217505543966422,2026-07-09 17:18:08.806071
1081.54296875,600.328125,3.4375,0.0,2026-07-09 17:18:08.807090
1084.29296875,599.640625,2.834635117612142,-0.24497866312686414,2026-07-09 17:18:08.808013
1087.04296875,598.953125,2.834635117612142,-0.24497866312686414,2026-07-09 17:18:08.809070
1089.79296875,598.265625,2.834635117612142,-0.24497866312686414,2026-07-09 17:18:08.810001
1091.85546875,597.578125,2.174065891365761,-0.3217505543966422,2026-07-09 17:18:08.811021
1094.60546875,597.578125,2.75,0.0,2026-07-09 17:18:08.812065
1096.66796875,596.890625,2.174065891365761,-0.3217505543966422,2026-07-09 17:18:08.813046
1098.73046875,596.890625,2.0625,0.0,2026-07-09 17:18:08.814052
1100.79296875,596.890625,2.0625,0.0,2026-07-09 17:18:08.815078
1102.16796875,596.203125,1.5372967345311055,-0.4636476090008061,2026-07-09 17:18:08.816076
1104.23046875,595.515625,2.174065891365761,-0.3217505543966422,2026-07-09 17:18:08.817010
1105.60546875,595.515625,1.375,0.0,2026-07-09 17:18:08.818078
1107.66796875,594.828125,2.174065891365761,-0.3217505543966422,2026-07-09 17:18:08.820645
1109.04296875,594.828125,1.375,0.0,2026-07-09 17:18:08.821184
1110.41796875,594.140625,1.5372967345311055,-0.4636476090008061,2026-07-09 17:18:08.821612
1111.79296875,594.140625,1.375,0.0,2026-07-09 17:18:08.822057
1113.16796875,593.453125,1.5372967345311055,-0.4636476090008061,2026-07-09 17:18:08.823012
1113.85546875,593.453125,0.6875,0.0,2026-07-09 17:18:08.824087
1115.23046875,592.765625,1.5372967345311055,-0.4636476090008061,2026-07-09 17:18:08.825079
1115.91796875,592.765625,0.6875,0.0,2026-07-09 17:18:08.826067
1116.60546875,592.078125,0.9722718241315028,-0.7853981633974483,2026-07-09 17:18:08.827042
1117.29296875,592.078125,0.6875,0.0,2026-07-09 17:18:08.828059
1118.66796875,591.390625,1.5372967345311055,-0.4636476090008061,2026-07-09 17:18:08.829013
1119.35546875,591.390625,0.6875,0.0,2026-07-09 17:18:08.830125
1120.04296875,591.390625,0.6875,0.0,2026-07-09 17:18:08.831080
1120.73046875,590.703125,0.9722718241315028,-0.7853981633974483,2026-07-09 17:18:08.832085
1121.41796875,590.703125,0.6875,0.0,2026-07-09 17:18:08.833081
1122.10546875,590.015625,0.9722718241315028,-0.7853981633974483,2026-07-09 17:18:08.835275
1122.79296875,590.015625,0.6875,0.0,2026-07-09 17:18:08.837883
1123.48046875,590.015625,0.6875,0.0,2026-07-09 17:18:08.840247
1124.16796875,589.328125,0.9722718241315028,-0.7853981633974483,2026-07-09 17:18:08.841072
1124.85546875,589.328125,0.6875,0.0,2026-07-09 17:18:08.845190
1124.85546875,588.640625,0.6875,-1.5707963267948966,2026-07-09 17:18:09.188473
1124.85546875,587.953125,0.6875,-1.5707963267948966,2026-07-09 17:18:09.191415
1124.85546875,587.265625,0.6875,-1.5707963267948966,2026-07-09 17:18:09.192370
1124.85546875,586.578125,0.6875,-1.5707963267948966,2026-07-09 17:18:09.193219
1124.85546875,585.890625,0.6875,-1.5707963267948966,2026-07-09 17:18:09.193981
1124.85546875,585.203125,0.6875,-1.5707963267948966,2026-07-09 17:18:09.194654
1124.85546875,584.515625,0.6875,-1.5707963267948966,2026-07-09 17:18:09.195300
1124.85546875,583.140625,1.375,-1.5707963267948966,2026-07-09 17:18:09.195868
1124.85546875,581.765625,1.375,-1.5707963267948966,2026-07-09 17:18:09.196613
1124.85546875,579.703125,2.0625,-1.5707963267948966,2026-07-09 17:18:09.197295
1124.85546875,577.640625,2.0625,-1.5707963267948966,2026-07-09 17:18:09.197992
1124.85546875,576.265625,1.375,-1.5707963267948966,2026-07-09 17:18:09.198763
1124.85546875,573.515625,2.75,-1.5707963267948966,2026-07-09 17:18:09.199497
1124.85546875,571.453125,2.0625,-1.5707963267948966,2026-07-09 17:18:09.200195
1124.16796875,569.390625,2.174065891365761,-1.892546881191539,2026-07-09 17:18:09.201121
1124.16796875,567.328125,2.0625,-1.5707963267948966,2026-07-09 17:18:09.202132
1124.16796875,564.578125,2.75,-1.5707963267948966,2026-07-09 17:18:09.203137
1123.48046875,561.828125,2.834635117612142,-1.8157749899217608,2026-07-09 17:18:09.204089
1123.48046875,559.078125,2.75,-1.5707963267948966,2026-07-09 17:18:09.205114
1123.48046875,555.640625,3.4375,-1.5707963267948966,2026-07-09 17:18:09.206072
1123.48046875,552.890625,2.75,-1.5707963267948966,2026-07-09 17:18:09.207069
1122.79296875,550.140625,2.834635117612142,-1.8157749899217608,2026-07-09 17:18:09.208083
1122.79296875,546.703125,3.4375,-1.5707963267948966,2026-07-09 17:18:09.209078
1122.10546875,543.265625,3.5055759155950397,-1.7681918866447774,2026-07-09 17:18:09.210087
1122.10546875,540.515625,2.75,-1.5707963267948966,2026-07-09 17:18:09.211036
1122.10546875,537.765625,2.75,-1.5707963267948966,2026-07-09 17:18:09.212038
1121.41796875,533.640625,4.181899239580026,-1.7359450042095235,2026-07-09 17:18:09.213028
1121.41796875,530.203125,3.4375,-1.5707963267948966,2026-07-09 17:18:09.214045
1120.73046875,526.765625,3.5055759155950397,-1.7681918866447774,2026-07-09 17:18:09.215041
1120.73046875,523.328125,3.4375,-1.5707963267948966,2026-07-09 17:18:09.216054
1120.73046875,519.203125,4.125,-1.5707963267948966,2026-07-09 17:18:09.217033
1120.04296875,515.078125,4.181899239580026,-1.7359450042095235,2026-07-09 17:18:09.218024
1120.04296875,511.640625,3.4375,-1.5707963267948966,2026-07-09 17:18:09.221099
1119.35546875,507.515625,4.181899239580026,-1.7359450042095235,2026-07-09 17:18:09.221590
1119.35546875,504.078125,3.4375,-1.5707963267948966,2026-07-09 17:18:09.222095
1119.35546875,499.265625,4.8125,-1.5707963267948966,2026-07-09 17:18:09.222542
1119.35546875,495.140625,4.125,-1.5707963267948966,2026-07-09 17:18:09.223038
1118.66796875,491.015625,4.181899239580026,-1.7359450042095235,2026-07-09 17:18:09.224008
1118.66796875,486.890625,4.125,-1.5707963267948966,2026-07-09 17:18:09.225067
1118.66796875,482.765625,4.125,-1.5707963267948966,2026-07-09 17:18:09.225995
1118.66796875,478.640625,4.125,-1.5707963267948966,2026-07-09 17:18:09.226979
1117.98046875,474.515625,4.181899239580026,-1.7359450042095235,2026-07-09 17:18:09.228039
1117.98046875,469.703125,4.8125,-1.5707963267948966,2026-07-09 17:18:09.229003
1117.98046875,465.578125,4.125,-1.5707963267948966,2026-07-09 17:18:09.230095
1117.98046875,460.765625,4.8125,-1.5707963267948966,2026-07-09 17:18:09.231009
1117.98046875,455.953125,4.8125,-1.5707963267948966,2026-07-09 17:18:09.232064
1117.98046875,451.140625,4.8125,-1.5707963267948966,2026-07-09 17:18:09.232991
1117.98046875,447.015625,4.125,-1.5707963267948966,2026-07-09 17:18:09.234072
1117.98046875,442.203125,4.8125,-1.5707963267948966,2026-07-09 17:18:09.234989
1117.98046875,437.390625,4.8125,-1.5707963267948966,2026-07-09 17:18:09.237128
1117.98046875,432.578125,4.8125,-1.5707963267948966,2026-07-09 17:18:09.237706
1117.98046875,428.453125,4.125,-1.5707963267948966,2026-07-09 17:18:09.238164
1117.98046875,422.953125,5.5,-1.5707963267948966,2026-07-09 17:18:09.238998
1117.98046875,418.140625,4.8125,-1.5707963267948966,2026-07-09 17:18:09.240058
1117.98046875,413.328125,4.8125,-1.5707963267948966,2026-07-09 17:18:09.240987
1117.98046875,409.203125,4.125,-1.5707963267948966,2026-07-09 17:18:09.242053
1117.98046875,404.390625,4.8125,-1.5707963267948966,2026-07-09 17:18:09.242990
1117.98046875,399.578125,4.8125,-1.5707963267948966,2026-07-09 17:18:09.243988
1117.98046875,394.765625,4.8125,-1.5707963267948966,2026-07-09 17:18:09.245050
1118.66796875,389.953125,4.861359120657514,-1.4288992721907328,2026-07-09 17:18:09.246041
1118.66796875,385.140625,4.8125,-1.5707963267948966,2026-07-09 17:18:09.247043
1118.66796875,380.328125,4.8125,-1.5707963267948966,2026-07-09 17:18:09.248026
1119.35546875,375.515625,4.861359120657514,-1.4288992721907328,2026-07-09 17:18:09.249139
1119.35546875,371.390625,4.125,-1.5707963267948966,2026-07-09 17:18:09.250130
1120.04296875,366.578125,4.861359120657514,-1.4288992721907328,2026-07-09 17:18:09.251028
1120.04296875,361.765625,4.8125,-1.5707963267948966,2026-07-09 17:18:09.252081
1120.04296875,356.953125,4.8125,-1.5707963267948966,2026-07-09 17:18:09.253936
1120.73046875,352.140625,4.861359120657514,-1.4288992721907328,2026-07-09 17:18:09.254635
1120.73046875,347.328125,4.8125,-1.5707963267948966,2026-07-09 17:18:09.255177
1120.73046875,342.515625,4.8125,-1.5707963267948966,2026-07-09 17:18:09.255989
1121.41796875,338.390625,4.181899239580026,-1.4056476493802699,2026-07-09 17:18:09.257022
1121.41796875,334.265625,4.125,-1.5707963267948966,2026-07-09 17:18:09.258024
1122.10546875,329.453125,4.861359120657514,-1.4288992721907328,2026-07-09 17:18:09.259036
1122.10546875,325.328125,4.125,-1.5707963267948966,2026-07-09 17:18:09.260111
1122.79296875,320.515625,4.861359120657514,-1.4288992721907328,2026-07-09 17:18:09.261000
1122.79296875,316.390625,4.125,-1.5707963267948966,2026-07-09 17:18:09.262076
1122.79296875,311.578125,4.8125,-1.5707963267948966,2026-07-09 17:18:09.263007
1123.48046875,307.453125,4.181899239580026,-1.4056476493802699,2026-07-09 17:18:09.264002
1123.48046875,303.328125,4.125,-1.5707963267948966,2026-07-09 17:18:09.265032
1124.16796875,298.515625,4.861359120657514,-1.4288992721907328,2026-07-09 17:18:09.266019
1124.16796875,294.390625,4.125,-1.5707963267948966,2026-07-09 17:18:09.267049
1124.85546875,290.265625,4.181899239580026,-1.4056476493802699,2026-07-09 17:18:09.268007
1124.85546875,286.140625,4.125,-1.5707963267948966,2026-07-09 17:18:09.270895
1125.54296875,282.015625,4.181899239580026,-1.4056476493802699,2026-07-09 17:18:09.271521
1125.54296875,277.890625,4.125,-1.5707963267948966,2026-07-09 17:18:09.271976
1126.23046875,273.765625,4.181899239580026,-1.4056476493802699,2026-07-09 17:18:09.272463
1126.23046875,269.640625,4.125,-1.5707963267948966,2026-07-09 17:18:09.273050
1126.91796875,264.828125,4.861359120657514,-1.4288992721907328,2026-07-09 17:18:09.274072
1126.91796875,261.390625,3.4375,-1.5707963267948966,2026-07-09 17:18:09.274995
1127.60546875,257.265625,4.181899239580026,-1.4056476493802699,2026-07-09 17:18:09.276123
1127.60546875,253.140625,4.125,-1.5707963267948966,2026-07-09 17:18:09.276986
1128.29296875,249.703125,3.5055759155950397,-1.373400766945016,2026-07-09 17:18:09.278003
1128.29296875,246.265625,3.4375,-1.5707963267948966,2026-07-09 17:18:09.279058
1128.98046875,242.140625,4.181899239580026,-1.4056476493802699,2026-07-09 17:18:09.280042
1128.98046875,238.703125,3.4375,-1.5707963267948966,2026-07-09 17:18:09.281061
1129.66796875,235.265625,3.5055759155950397,-1.373400766945016,2026-07-09 17:18:09.282036
1129.66796875,231.828125,3.4375,-1.5707963267948966,2026-07-09 17:18:09.283066
1129.66796875,227.703125,4.125,-1.5707963267948966,2026-07-09 17:18:09.283989
1130.35546875,224.265625,3.5055759155950397,-1.373400766945016,2026-07-09 17:18:09.285012
1130.35546875,221.515625,2.75,-1.5707963267948966,2026-07-09 17:18:09.287311
1130.35546875,218.078125,3.4375,-1.5707963267948966,2026-07-09 17:18:09.287834
1130.35546875,214.640625,3.4375,-1.5707963267948966,2026-07-09 17:18:09.288327
1131.04296875,211.203125,3.5055759155950397,-1.373400766945016,2026-07-09 17:18:09.289107
1131.04296875,208.453125,2.75,-1.5707963267948966,2026-07-09 17:18:09.289984
1131.04296875,205.015625,3.4375,-1.5707963267948966,2026-07-09 17:18:09.291044
1131.73046875,202.265625,2.834635117612142,-1.3258176636680326,2026-07-09 17:18:09.291979
1131.73046875,199.515625,2.75,-1.5707963267948966,2026-07-09 17:18:09.293052
1131.73046875,196.078125,3.4375,-1.5707963267948966,2026-07-09 17:18:09.294021
1132.41796875,193.328125,2.834635117612142,-1.3258176636680326,2026-07-09 17:18:09.295065
1132.41796875,190.578125,2.75,-1.5707963267948966,2026-07-09 17:18:09.295982
1132.41796875,187.828125,2.75,-1.5707963267948966,2026-07-09 17:18:09.297063
1132.41796875,184.390625,3.4375,-1.5707963267948966,2026-07-09 17:18:09.298047
1132.41796875,182.328125,2.0625,-1.5707963267948966,2026-07-09 17:18:09.299037
1133.10546875,179.578125,2.834635117612142,-1.3258176636680326,2026-07-09 17:18:09.300048
1133.10546875,176.828125,2.75,-1.5707963267948966,2026-07-09 17:18:09.300971
1133.10546875,174.765625,2.0625,-1.5707963267948966,2026-07-09 17:18:09.302058
1133.10546875,172.015625,2.75,-1.5707963267948966,2026-07-09 17:18:09.303659
1133.10546875,169.265625,2.75,-1.5707963267948966,2026-07-09 17:18:09.304284
1133.10546875,166.515625,2.75,-1.5707963267948966,2026-07-09 17:18:09.305020
1133.10546875,164.453125,2.0625,-1.5707963267948966,2026-07-09 17:18:09.306040
1133.79296875,162.390625,2.174065891365761,-1.2490457723982544,2026-07-09 17:18:09.306981
1133.79296875,159.640625,2.75,-1.5707963267948966,2026-07-09 17:18:09.308024
1133.79296875,157.578125,2.0625,-1.5707963267948966,2026-07-09 17:18:09.309044
1133.79296875,155.515625,2.0625,-1.5707963267948966,2026-07-09 17:18:09.310055
1133.79296875,153.453125,2.0625,-1.5707963267948966,2026-07-09 17:18:09.310983
1133.79296875,151.390625,2.0625,-1.5707963267948966,2026-07-09 17:18:09.312056
1133.79296875,148.640625,2.75,-1.5707963267948966,2026-07-09 17:18:09.313029
1133.79296875,147.265625,1.375,-1.5707963267948966,2026-07-09 17:18:09.314023
1133.79296875,145.203125,2.0625,-1.5707963267948966,2026-07-09 17:18:09.315055
1133.79296875,143.140625,2.0625,-1.5707963267948966,2026-07-09 17:18:09.316055
1133.79296875,141.078125,2.0625,-1.5707963267948966,2026-07-09 17:18:09.317054
1133.79296875,139.703125,1.375,-1.5707963267948966,2026-07-09 17:18:09.318049
1134.48046875,138.328125,1.5372967345311055,-1.1071487177940904,2026-07-09 17:18:09.320971
1134.48046875,136.953125,1.375,-1.5707963267948966,2026-07-09 17:18:09.321472
1134.48046875,134.890625,2.0625,-1.5707963267948966,2026-07-09 17:18:09.321873
1134.48046875,133.515625,1.375,-1.5707963267948966,2026-07-09 17:18:09.322256
1134.48046875,132.140625,1.375,-1.5707963267948966,2026-07-09 17:18:09.323055
1134.48046875,130.765625,1.375,-1.5707963267948966,2026-07-09 17:18:09.323984
1134.48046875,129.390625,1.375,-1.5707963267948966,2026-07-09 17:18:09.325047
1134.48046875,128.015625,1.375,-1.5707963267948966,2026-07-09 17:18:09.326046
1134.48046875,126.640625,1.375,-1.5707963267948966,2026-07-09 17:18:09.326977
1134.48046875,125.265625,1.375,-1.5707963267948966,2026-07-09 17:18:09.328072
1134.48046875,123.890625,1.375,-1.5707963267948966,2026-07-09 17:18:09.329057
1134.48046875,123.203125,0.6875,-1.5707963267948966,2026-07-09 17:18:09.330068
1134.48046875,121.828125,1.375,-1.5707963267948966,2026-07-09 17:18:09.331042
1134.48046875,121.140625,0.6875,-1.5707963267948966,2026-07-09 17:18:09.332043
1134.48046875,120.453125,0.6875,-1.5707963267948966,2026-07-09 17:18:09.333036
1134.48046875,119.765625,0.6875,-1.5707963267948966,2026-07-09 17:18:09.333999
1134.48046875,118.390625,1.375,-1.5707963267948966,2026-07-09 17:18:09.335073
1134.48046875,117.703125,0.6875,-1.5707963267948966,2026-07-09 17:18:09.337047
1134.48046875,117.015625,0.6875,-1.5707963267948966,2026-07-09 17:18:09.337543
1134.48046875,116.328125,0.6875,-1.5707963267948966,2026-07-09 17:18:09.338008
1134.48046875,115.640625,0.6875,-1.5707963267948966,2026-07-09 17:18:09.339063
1134.48046875,114.953125,0.6875,-1.5707963267948966,2026-07-09 17:18:09.341186
1134.48046875,114.265625,0.6875,-1.5707963267948966,2026-07-09 17:18:09.341983
1134.48046875,112.890625,1.375,-1.5707963267948966,2026-07-09 17:18:09.344053
1134.48046875,112.203125,0.6875,-1.5707963267948966,2026-07-09 17:18:09.346129
1134.48046875,111.515625,0.6875,-1.5707963267948966,2026-07-09 17:18:09.349174
1134.48046875,112.203125,0.6875,1.5707963267948966,2026-07-09 17:18:09.629778
1133.79296875,112.890625,0.9722718241315028,2.356194490192345,2026-07-09 17:18:09.631310
1133.10546875,113.578125,0.9722718241315028,2.356194490192345,2026-07-09 17:18:09.632838
1133.10546875,114.265625,0.6875,1.5707963267948966,2026-07-09 17:18:09.634074
1132.41796875,114.953125,0.9722718241315028,2.356194490192345,2026-07-09 17:18:09.635470
1131.73046875,115.640625,0.9722718241315028,2.356194490192345,2026-07-09 17:18:09.636865
1131.04296875,116.328125,0.9722718241315028,2.356194490192345,2026-07-09 17:18:09.637824
1130.35546875,117.015625,0.9722718241315028,2.356194490192345,2026-07-09 17:18:09.638697
1129.66796875,118.390625,1.5372967345311055,2.0344439357957027,2026-07-09 17:18:09.639727
1128.98046875,119.078125,0.9722718241315028,2.356194490192345,2026-07-09 17:18:09.641087
1128.29296875,120.453125,1.5372967345311055,2.0344439357957027,2026-07-09 17:18:09.642122
1127.60546875,121.140625,0.9722718241315028,2.356194490192345,2026-07-09 17:18:09.643086
1126.91796875,121.828125,0.9722718241315028,2.356194490192345,2026-07-09 17:18:09.644089
1126.23046875,123.203125,1.5372967345311055,2.0344439357957027,2026-07-09 17:18:09.644563
1125.54296875,124.578125,1.5372967345311055,2.0344439357957027,2026-07-09 17:18:09.644854
1124.16796875,125.953125,1.9445436482630056,2.356194490192345,2026-07-09 17:18:09.645116
1122.79296875,127.328125,1.9445436482630056,2.356194490192345,2026-07-09 17:18:09.646076
1121.41796875,128.703125,1.9445436482630056,2.356194490192345,2026-07-09 17:18:09.647352
1119.35546875,130.765625,2.9168154723945086,2.356194490192345,2026-07-09 17:18:09.648012
1118.66796875,132.140625,1.5372967345311055,2.0344439357957027,2026-07-09 17:18:09.649301
1117.29296875,133.515625,1.9445436482630056,2.356194490192345,2026-07-09 17:18:09.650036
1115.23046875,135.578125,2.9168154723945086,2.356194490192345,2026-07-09 17:18:09.651328
1113.85546875,136.953125,1.9445436482630056,2.356194490192345,2026-07-09 17:18:09.652117
1111.79296875,139.015625,2.9168154723945086,2.356194490192345,2026-07-09 17:18:09.653399
1109.73046875,141.078125,2.9168154723945086,2.356194490192345,2026-07-09 17:18:09.654028
1107.66796875,143.140625,2.9168154723945086,2.356194490192345,2026-07-09 17:18:09.655407
1105.60546875,145.203125,2.9168154723945086,2.356194490192345,2026-07-09 17:18:09.656328
1102.85546875,147.265625,3.4375,2.498091544796509,2026-07-09 17:18:09.657012
1100.79296875,148.640625,2.4788165018814925,2.5535900500422257,2026-07-09 17:18:09.658312
1098.73046875,150.703125,2.9168154723945086,2.356194490192345,2026-07-09 17:18:09.659006
1095.98046875,153.453125,3.8890872965260113,2.356194490192345,2026-07-09 17:18:09.660358
1093.23046875,155.515625,3.4375,2.498091544796509,2026-07-09 17:18:09.661011
1089.79296875,157.578125,4.008779427706144,2.601173153319209,2026-07-09 17:18:09.662378
1087.04296875,159.640625,3.4375,2.498091544796509,2026-07-09 17:18:09.663019
1083.60546875,161.703125,4.008779427706144,2.601173153319209,2026-07-09 17:18:09.664423
1080.85546875,164.453125,3.8890872965260113,2.356194490192345,2026-07-09 17:18:09.665386
1077.41796875,167.203125,4.402147913235083,2.4668517113662407,2026-07-09 17:18:09.666117
1073.98046875,169.265625,4.008779427706144,2.601173153319209,2026-07-09 17:18:09.667398
1070.54296875,171.328125,4.008779427706144,2.601173153319209,2026-07-09 17:18:09.668114
1067.10546875,174.078125,4.402147913235083,2.4668517113662407,2026-07-09 17:18:09.673499
1062.98046875,176.828125,4.957633003762985,2.5535900500422257,2026-07-09 17:18:09.674343
1058.85546875,179.578125,4.957633003762985,2.5535900500422257,2026-07-09 17:18:09.674596
1055.41796875,182.328125,4.402147913235083,2.4668517113662407,2026-07-09 17:18:09.674812
1050.60546875,184.390625,5.235844010281437,2.7367008673047097,2026-07-09 17:18:09.675021
1045.79296875,187.828125,5.914098621091806,2.5213431676069717,2026-07-09 17:18:09.675239
1042.35546875,189.890625,4.008779427706144,2.601173153319209,2026-07-09 17:18:09.675453
1037.54296875,192.640625,5.5428022019552525,2.62244653934327,2026-07-09 17:18:09.676166
1032.73046875,195.390625,5.5428022019552525,2.62244653934327,2026-07-09 17:18:09.677251
1027.91796875,198.140625,5.5428022019552525,2.62244653934327,2026-07-09 17:18:09.678190
1023.10546875,200.890625,5.5428022019552525,2.62244653934327,2026-07-09 17:18:09.679273
1018.29296875,204.328125,5.914098621091806,2.5213431676069717,2026-07-09 17:18:09.680036
1012.79296875,206.390625,5.874002574905803,2.782821983319221,2026-07-09 17:18:09.681293
1007.29296875,209.828125,6.485862028288915,2.5829933382462307,2026-07-09 17:18:09.682183
1001.79296875,212.578125,6.149186938124422,2.677945044588987,2026-07-09 17:18:09.683209
996.29296875,215.328125,6.149186938124422,2.677945044588987,2026-07-09 17:18:09.684198
990.79296875,218.078125,6.149186938124422,2.677945044588987,2026-07-09 17:18:09.685236
985.29296875,220.828125,6.149186938124422,2.677945044588987,2026-07-09 17:18:09.688391
979.10546875,224.265625,7.078245721928563,2.6344941491974563,2026-07-09 17:18:09.688953
973.60546875,227.703125,6.485862028288915,2.5829933382462307,2026-07-09 17:18:09.689164
967.41796875,230.453125,6.771089738734822,2.723368324010564,2026-07-09 17:18:09.689379
961.23046875,233.203125,6.771089738734822,2.723368324010564,2026-07-09 17:18:09.690044
955.04296875,235.953125,6.771089738734822,2.723368324010564,2026-07-09 17:18:09.691058
948.85546875,238.703125,6.771089738734822,2.723368324010564,2026-07-09 17:18:09.692174
942.66796875,241.453125,6.771089738734822,2.723368324010564,2026-07-09 17:18:09.693085
935.79296875,244.890625,7.686483672655527,2.677945044588987,2026-07-09 17:18:09.694102
929.60546875,247.640625,6.771089738734822,2.723368324010564,2026-07-09 17:18:09.695025
923.41796875,250.390625,6.771089738734822,2.723368324010564,2026-07-09 17:18:09.696153
916.54296875,253.828125,7.686483672655527,2.677945044588987,2026-07-09 17:18:09.697030
910.35546875,256.578125,6.771089738734822,2.723368324010564,2026-07-09 17:18:09.698037
903.48046875,259.328125,7.404601609809943,2.761086276477428,2026-07-09 17:18:09.699054
897.98046875,262.078125,6.149186938124422,2.677945044588987,2026-07-09 17:18:09.700057
891.10546875,264.828125,7.404601609809943,2.761086276477428,2026-07-09 17:18:09.701016
884.23046875,267.578125,7.404601609809943,2.761086276477428,2026-07-09 17:18:09.702096
877.35546875,270.328125,7.404601609809943,2.761086276477428,2026-07-09 17:18:09.705651
869.79296875,273.078125,8.046981188619743,2.7928216500058864,2026-07-09 17:18:09.706402
864.29296875,275.828125,6.149186938124422,2.677945044588987,2026-07-09 17:18:09.706671
857.41796875,278.578125,7.404601609809943,2.761086276477428,2026-07-09 17:18:09.706930
850.54296875,281.328125,7.404601609809943,2.761086276477428,2026-07-09 17:18:09.707252
844.35546875,284.078125,6.771089738734822,2.723368324010564,2026-07-09 17:18:09.708035
837.48046875,286.828125,7.404601609809943,2.761086276477428,2026-07-09 17:18:09.708981
830.60546875,289.578125,7.404601609809943,2.761086276477428,2026-07-09 17:18:09.709937
824.41796875,291.640625,6.522197674097282,2.819842099193151,2026-07-09 17:18:09.711025
817.54296875,294.390625,7.404601609809943,2.761086276477428,2026-07-09 17:18:09.712046
811.35546875,297.140625,6.771089738734822,2.723368324010564,2026-07-09 17:18:09.713036
805.16796875,299.890625,6.771089738734822,2.723368324010564,2026-07-09 17:18:09.714017
798.98046875,302.640625,6.771089738734822,2.723368324010564,2026-07-09 17:18:09.715016
792.10546875,304.703125,7.177710724876003,2.8501358591119264,2026-07-09 17:18:09.716030
785.91796875,307.453125,6.771089738734822,2.723368324010564,2026-07-09 17:18:09.716992
779.73046875,310.203125,6.771089738734822,2.723368324010564,2026-07-09 17:18:09.718003
774.23046875,312.953125,6.149186938124422,2.677945044588987,2026-07-09 17:18:09.721095
768.04296875,315.703125,6.771089738734822,2.723368324010564,2026-07-09 17:18:09.721638
761.85546875,317.765625,6.522197674097282,2.819842099193151,2026-07-09 17:18:09.722147
756.35546875,319.828125,5.874002574905803,2.782821983319221,2026-07-09 17:18:09.722610
750.16796875,322.578125,6.771089738734822,2.723368324010564,2026-07-09 17:18:09.723061
744.66796875,325.328125,6.149186938124422,2.677945044588987,2026-07-09 17:18:09.724006
739.16796875,327.390625,5.874002574905803,2.782821983319221,2026-07-09 17:18:09.725083
733.66796875,330.140625,6.149186938124422,2.677945044588987,2026-07-09 17:18:09.725985
728.16796875,332.203125,5.874002574905803,2.782821983319221,2026-07-09 17:18:09.727072
723.35546875,334.265625,5.235844010281437,2.7367008673047097,2026-07-09 17:18:09.728055
717.16796875,337.015625,6.771089738734822,2.723368324010564,2026-07-09 17:18:09.729062
713.04296875,339.078125,4.611890203593316,2.677945044588987,2026-07-09 17:18:09.729980
707.54296875,341.828125,6.149186938124422,2.677945044588987,2026-07-09 17:18:09.731081
702.73046875,343.890625,5.235844010281437,2.7367008673047097,2026-07-09 17:18:09.732058
697.91796875,345.953125,5.235844010281437,2.7367008673047097,2026-07-09 17:18:09.733158
693.10546875,348.703125,5.5428022019552525,2.62244653934327,2026-07-09 17:18:09.734070
688.29296875,350.765625,5.235844010281437,2.7367008673047097,2026-07-09 17:18:09.735041
684.16796875,352.828125,4.611890203593316,2.677945044588987,2026-07-09 17:18:09.737742
679.35546875,355.578125,5.5428022019552525,2.62244653934327,2026-07-09 17:18:09.738172
675.23046875,357.640625,4.611890203593316,2.677945044588987,2026-07-09 17:18:09.738611
670.41796875,360.390625,5.5428022019552525,2.62244653934327,2026-07-09 17:18:09.739081
666.29296875,362.453125,4.611890203593316,2.677945044588987,2026-07-09 17:18:09.740047
662.85546875,364.515625,4.008779427706144,2.601173153319209,2026-07-09 17:18:09.741075
658.73046875,366.578125,4.611890203593316,2.677945044588987,2026-07-09 17:18:09.742084
654.60546875,368.640625,4.611890203593316,2.677945044588987,2026-07-09 17:18:09.743050
651.16796875,370.703125,4.008779427706144,2.601173153319209,2026-07-09 17:18:09.744037
647.04296875,372.765625,4.611890203593316,2.677945044588987,2026-07-09 17:18:09.745081
643.60546875,374.828125,4.008779427706144,2.601173153319209,2026-07-09 17:18:09.746054
639.48046875,377.578125,4.957633003762985,2.5535900500422257,2026-07-09 17:18:09.747075
636.04296875,379.640625,4.008779427706144,2.601173153319209,2026-07-09 17:18:09.748056
632.60546875,381.703125,4.008779427706144,2.601173153319209,2026-07-09 17:18:09.749051
629.16796875,383.765625,4.008779427706144,2.601173153319209,2026-07-09 17:18:09.750040
625.73046875,385.140625,3.7023008049049717,2.761086276477428,2026-07-09 17:18:09.751061
622.29296875,387.203125,4.008779427706144,2.601173153319209,2026-07-09 17:18:09.752102
619.54296875,389.265625,3.4375,2.498091544796509,2026-07-09 17:18:09.754078
616.10546875,391.328125,4.008779427706144,2.601173153319209,2026-07-09 17:18:09.754662
613.35546875,393.390625,3.4375,2.498091544796509,2026-07-09 17:18:09.755167
609.91796875,394.765625,3.7023008049049717,2.761086276477428,2026-07-09 17:18:09.756069
607.16796875,396.828125,3.4375,2.498091544796509,2026-07-09 17:18:09.757081
604.41796875,398.890625,3.4375,2.498091544796509,2026-07-09 17:18:09.757997
601.66796875,400.953125,3.4375,2.498091544796509,2026-07-09 17:18:09.759130
598.91796875,402.328125,3.074593469062211,2.677945044588987,2026-07-09 17:18:09.759988
596.16796875,403.703125,3.074593469062211,2.677945044588987,2026-07-09 17:18:09.761094
593.41796875,405.078125,3.074593469062211,2.677945044588987,2026-07-09 17:18:09.761994
590.66796875,407.140625,3.4375,2.498091544796509,2026-07-09 17:18:09.763065
587.91796875,408.515625,3.074593469062211,2.677945044588987,2026-07-09 17:18:09.763978
585.85546875,409.890625,2.4788165018814925,2.5535900500422257,2026-07-09 17:18:09.765145
583.79296875,411.265625,2.4788165018814925,2.5535900500422257,2026-07-09 17:18:09.765982
581.04296875,412.640625,3.074593469062211,2.677945044588987,2026-07-09 17:18:09.767004
578.98046875,414.703125,2.9168154723945086,2.356194490192345,2026-07-09 17:18:09.768032
576.23046875,416.078125,3.074593469062211,2.677945044588987,2026-07-09 17:18:09.770665
574.16796875,417.453125,2.4788165018814925,2.5535900500422257,2026-07-09 17:18:09.771387
572.10546875,418.828125,2.4788165018814925,2.5535900500422257,2026-07-09 17:18:09.771904
570.04296875,420.203125,2.4788165018814925,2.5535900500422257,2026-07-09 17:18:09.772394
568.66796875,420.890625,1.5372967345311055,2.677945044588987,2026-07-09 17:18:09.773094
566.60546875,422.265625,2.4788165018814925,2.5535900500422257,2026-07-09 17:18:09.774041
565.23046875,422.953125,1.5372967345311055,2.677945044588987,2026-07-09 17:18:09.774983
563.16796875,424.328125,2.4788165018814925,2.5535900500422257,2026-07-09 17:18:09.776105
561.10546875,425.703125,2.4788165018814925,2.5535900500422257,2026-07-09 17:18:09.776968
559.73046875,426.390625,1.5372967345311055,2.677945044588987,2026-07-09 17:18:09.778078
557.66796875,427.078125,2.174065891365761,2.819842099193151,2026-07-09 17:18:09.778975
556.29296875,427.765625,1.5372967345311055,2.677945044588987,2026-07-09 17:18:09.780090
554.91796875,428.453125,1.5372967345311055,2.677945044588987,2026-07-09 17:18:09.781042
553.54296875,429.140625,1.5372967345311055,2.677945044588987,2026-07-09 17:18:09.782060
552.16796875,429.828125,1.5372967345311055,2.677945044588987,2026-07-09 17:18:09.783038
551.48046875,430.515625,0.9722718241315028,2.356194490192345,2026-07-09 17:18:09.784022
550.10546875,431.203125,1.5372967345311055,2.677945044588987,2026-07-09 17:18:09.785054
548.73046875,432.578125,1.9445436482630056,2.356194490192345,2026-07-09 17:18:09.787202
547.35546875,433.265625,1.5372967345311055,2.677945044588987,2026-07-09 17:18:09.787625
546.66796875,433.953125,0.9722718241315028,2.356194490192345,2026-07-09 17:18:09.788102
545.98046875,434.640625,0.9722718241315028,2.356194490192345,2026-07-09 17:18:09.789076
545.29296875,435.328125,0.9722718241315028,2.356194490192345,2026-07-09 17:18:09.789982
544.60546875,436.015625,0.9722718241315028,2.356194490192345,2026-07-09 17:18:09.791033
543.91796875,436.015625,0.6875,3.141592653589793,2026-07-09 17:18:09.792058
543.23046875,436.703125,0.9722718241315028,2.356194490192345,2026-07-09 17:18:09.792978
541.85546875,436.703125,1.375,3.141592653589793,2026-07-09 17:18:09.794038
541.16796875,437.390625,0.9722718241315028,2.356194490192345,2026-07-09 17:18:09.794971
540.48046875,437.390625,0.6875,3.141592653589793,2026-07-09 17:18:09.796038
539.79296875,437.390625,0.6875,3.141592653589793,2026-07-09 17:18:09.796987
539.79296875,438.078125,0.6875,1.5707963267948966,2026-07-09 17:18:09.798047
539.10546875,438.765625,0.9722718241315028,2.356194490192345,2026-07-09 17:18:09.802156
538.41796875,438.078125,0.9722718241315028,-2.356194490192345,2026-07-09 17:18:09.861829
539.10546875,438.078125,0.6875,0.0,2026-07-09 17:18:09.863201
539.10546875,437.390625,0.6875,-1.5707963267948966,2026-07-09 17:18:09.866481
539.79296875,437.390625,0.6875,0.0,2026-07-09 17:18:09.874463
539.79296875,436.703125,0.6875,-1.5707963267948966,2026-07-09 17:18:09.875412
539.79296875,436.015625,0.6875,-1.5707963267948966,2026-07-09 17:18:09.883557
540.48046875,436.015625,0.6875,0.0,2026-07-09 17:18:09.886502
540.48046875,435.328125,0.6875,-1.5707963267948966,2026-07-09 17:18:09.891517
540.48046875,434.640625,0.6875,-1.5707963267948966,2026-07-09 17:18:09.942369
541.16796875,434.640625,0.6875,0.0,2026-07-09 17:18:10.043497
541.85546875,434.640625,0.6875,0.0,2026-07-09 17:18:10.047747
542.54296875,434.640625,0.6875,0.0,2026-07-09 17:18:10.050732
543.23046875,434.640625,0.6875,0.0,2026-07-09 17:18:10.052640
543.91796875,434.640625,0.6875,0.0,2026-07-09 17:18:10.054655
544.60546875,434.640625,0.6875,0.0,2026-07-09 17:18:10.056062
545.29296875,434.640625,0.6875,0.0,2026-07-09 17:18:10.057516
545.98046875,434.640625,0.6875,0.0,2026-07-09 17:18:10.059030
546.66796875,434.640625,0.6875,0.0,2026-07-09 17:18:10.060558
547.35546875,435.328125,0.9722718241315028,0.7853981633974483,2026-07-09 17:18:10.062456
548.04296875,435.328125,0.6875,0.0,2026-07-09 17:18:10.063947
548.73046875,435.328125,0.6875,0.0,2026-07-09 17:18:10.065251
549.41796875,435.328125,0.6875,0.0,2026-07-09 17:18:10.066172
550.10546875,436.015625,0.9722718241315028,0.7853981633974483,2026-07-09 17:18:10.066996
550.79296875,436.015625,0.6875,0.0,2026-07-09 17:18:10.067610
551.48046875,436.015625,0.6875,0.0,2026-07-09 17:18:10.068271
556.29296875,438.765625,5.5428022019552525,0.5191461142465229,2026-07-09 17:18:10.073534
557.66796875,438.765625,1.375,0.0,2026-07-09 17:18:10.074187
558.35546875,439.453125,0.9722718241315028,0.7853981633974483,2026-07-09 17:18:10.075086
559.73046875,440.140625,1.5372967345311055,0.4636476090008061,2026-07-09 17:18:10.076113
561.10546875,440.828125,1.5372967345311055,0.4636476090008061,2026-07-09 17:18:10.077161
562.48046875,441.515625,1.5372967345311055,0.4636476090008061,2026-07-09 17:18:10.078191
563.85546875,442.203125,1.5372967345311055,0.4636476090008061,2026-07-09 17:18:10.079163
565.23046875,442.890625,1.5372967345311055,0.4636476090008061,2026-07-09 17:18:10.080083
567.29296875,443.578125,2.174065891365761,0.3217505543966422,2026-07-09 17:18:10.081148
569.35546875,444.265625,2.174065891365761,0.3217505543966422,2026-07-09 17:18:10.082054
571.41796875,444.953125,2.174065891365761,0.3217505543966422,2026-07-09 17:18:10.083161
573.48046875,445.640625,2.174065891365761,0.3217505543966422,2026-07-09 17:18:10.084054
575.54296875,447.015625,2.4788165018814925,0.5880026035475675,2026-07-09 17:18:10.085130
577.60546875,447.703125,2.174065891365761,0.3217505543966422,2026-07-09 17:18:10.089861
580.35546875,448.390625,2.834635117612142,0.24497866312686414,2026-07-09 17:18:10.090346
583.10546875,449.765625,3.074593469062211,0.4636476090008061,2026-07-09 17:18:10.090788
585.16796875,450.453125,2.174065891365761,0.3217505543966422,2026-07-09 17:18:10.091170
587.91796875,451.828125,3.074593469062211,0.4636476090008061,2026-07-09 17:18:10.091567
590.66796875,453.203125,3.074593469062211,0.4636476090008061,2026-07-09 17:18:10.091958
594.79296875,454.578125,4.348131782731522,0.3217505543966422,2026-07-09 17:18:10.092356
597.54296875,455.953125,3.074593469062211,0.4636476090008061,2026-07-09 17:18:10.093025
600.29296875,457.328125,3.074593469062211,0.4636476090008061,2026-07-09 17:18:10.094071
603.73046875,458.703125,3.7023008049049717,0.3805063771123649,2026-07-09 17:18:10.095089
607.16796875,460.078125,3.7023008049049717,0.3805063771123649,2026-07-09 17:18:10.096059
610.60546875,461.453125,3.7023008049049717,0.3805063771123649,2026-07-09 17:18:10.097057
614.73046875,462.828125,4.348131782731522,0.3217505543966422,2026-07-09 17:18:10.098087
618.16796875,464.203125,3.7023008049049717,0.3805063771123649,2026-07-09 17:18:10.099085
622.29296875,466.265625,4.611890203593316,0.4636476090008061,2026-07-09 17:18:10.100030
626.41796875,467.640625,4.348131782731522,0.3217505543966422,2026-07-09 17:18:10.101055
630.54296875,469.015625,4.348131782731522,0.3217505543966422,2026-07-09 17:18:10.102079
634.66796875,471.078125,4.611890203593316,0.4636476090008061,2026-07-09 17:18:10.105333
638.79296875,472.453125,4.348131782731522,0.3217505543966422,2026-07-09 17:18:10.105839
642.91796875,473.828125,4.348131782731522,0.3217505543966422,2026-07-09 17:18:10.106265
647.04296875,475.203125,4.348131782731522,0.3217505543966422,2026-07-09 17:18:10.106651
651.85546875,477.265625,5.235844010281437,0.40489178628508343,2026-07-09 17:18:10.107032
656.66796875,478.640625,5.005075548880356,0.27829965900511133,2026-07-09 17:18:10.108066
661.48046875,480.703125,5.235844010281437,0.40489178628508343,2026-07-09 17:18:10.109064
666.29296875,482.078125,5.005075548880356,0.27829965900511133,2026-07-09 17:18:10.110080
671.10546875,483.453125,5.005075548880356,0.27829965900511133,2026-07-09 17:18:10.111107
676.60546875,485.515625,5.874002574905803,0.35877067027057225,2026-07-09 17:18:10.112057
681.41796875,487.578125,5.235844010281437,0.40489178628508343,2026-07-09 17:18:10.113080
686.91796875,488.953125,5.669270235224284,0.24497866312686414,2026-07-09 17:18:10.114147
691.73046875,490.328125,5.005075548880356,0.27829965900511133,2026-07-09 17:18:10.115063
697.23046875,492.390625,5.874002574905803,0.35877067027057225,2026-07-09 17:18:10.116194
702.04296875,494.453125,5.235844010281437,0.40489178628508343,2026-07-09 17:18:10.117152
707.54296875,496.515625,5.874002574905803,0.35877067027057225,2026-07-09 17:18:10.118060
712.35546875,497.203125,4.861359120657514,0.14189705460416394,2026-07-09 17:18:10.121749
717.85546875,498.578125,5.669270235224284,0.24497866312686414,2026-07-09 17:18:10.122132
724.04296875,500.640625,6.522197674097282,0.3217505543966422,2026-07-09 17:18:10.122470
729.54296875,502.015625,5.669270235224284,0.24497866312686414,2026-07-09 17:18:10.122815
735.04296875,504.078125,5.874002574905803,0.35877067027057225,2026-07-09 17:18:10.123159
741.23046875,505.453125,6.33843681438886,0.21866894587394195,2026-07-09 17:18:10.124072
746.73046875,507.515625,5.874002574905803,0.35877067027057225,2026-07-09 17:18:10.125032
752.23046875,509.578125,5.874002574905803,0.35877067027057225,2026-07-09 17:18:10.126018
758.41796875,510.953125,6.33843681438886,0.21866894587394195,2026-07-09 17:18:10.127028
763.91796875,513.015625,5.874002574905803,0.35877067027057225,2026-07-09 17:18:10.128055
770.10546875,515.078125,6.522197674097282,0.3217505543966422,2026-07-09 17:18:10.129103
775.60546875,516.453125,5.669270235224284,0.24497866312686414,2026-07-09 17:18:10.130110
781.10546875,517.828125,5.669270235224284,0.24497866312686414,2026-07-09 17:18:10.131092
786.60546875,519.890625,5.874002574905803,0.35877067027057225,2026-07-09 17:18:10.132057
792.10546875,521.265625,5.669270235224284,0.24497866312686414,2026-07-09 17:18:10.133076
798.29296875,523.328125,6.522197674097282,0.3217505543966422,2026-07-09 17:18:10.134094
804.48046875,525.390625,6.522197674097282,0.3217505543966422,2026-07-09 17:18:10.135060
809.98046875,526.765625,5.669270235224284,0.24497866312686414,2026-07-09 17:18:10.138200
816.16796875,528.828125,6.522197674097282,0.3217505543966422,2026-07-09 17:18:10.138570
822.35546875,530.203125,6.33843681438886,0.21866894587394195,2026-07-09 17:18:10.138909
828.54296875,532.265625,6.522197674097282,0.3217505543966422,2026-07-09 17:18:10.139265
834.04296875,533.640625,5.669270235224284,0.24497866312686414,2026-07-09 17:18:10.140111
839.54296875,535.015625,5.669270235224284,0.24497866312686414,2026-07-09 17:18:10.141102
845.04296875,537.078125,5.874002574905803,0.35877067027057225,2026-07-09 17:18:10.142062
850.54296875,538.453125,5.669270235224284,0.24497866312686414,2026-07-09 17:18:10.143134
856.04296875,539.828125,5.669270235224284,0.24497866312686414,2026-07-09 17:18:10.144122
862.23046875,541.890625,6.522197674097282,0.3217505543966422,2026-07-09 17:18:10.145114
867.73046875,543.953125,5.874002574905803,0.35877067027057225,2026-07-09 17:18:10.146118
873.23046875,545.328125,5.669270235224284,0.24497866312686414,2026-07-09 17:18:10.147167
878.73046875,546.703125,5.669270235224284,0.24497866312686414,2026-07-09 17:18:10.148118
884.23046875,548.765625,5.874002574905803,0.35877067027057225,2026-07-09 17:18:10.149110
889.73046875,550.828125,5.874002574905803,0.35877067027057225,2026-07-09 17:18:10.150077
895.23046875,552.203125,5.669270235224284,0.24497866312686414,2026-07-09 17:18:10.151111
900.73046875,553.578125,5.669270235224284,0.24497866312686414,2026-07-09 17:18:10.152138
906.23046875,555.640625,5.874002574905803,0.35877067027057225,2026-07-09 17:18:10.154773
911.73046875,557.015625,5.669270235224284,0.24497866312686414,2026-07-09 17:18:10.155188
917.23046875,558.390625,5.669270235224284,0.24497866312686414,2026-07-09 17:18:10.155586
922.73046875,559.765625,5.669270235224284,0.24497866312686414,2026-07-09 17:18:10.156074
927.54296875,561.140625,5.005075548880356,0.27829965900511133,2026-07-09 17:18:10.157096
932.35546875,563.203125,5.235844010281437,0.40489178628508343,2026-07-09 17:18:10.158097
937.85546875,564.578125,5.669270235224284,0.24497866312686414,2026-07-09 17:18:10.159137
942.66796875,565.953125,5.005075548880356,0.27829965900511133,2026-07-09 17:18:10.160054
947.48046875,568.015625,5.235844010281437,0.40489178628508343,2026-07-09 17:18:10.161149
952.98046875,569.390625,5.669270235224284,0.24497866312686414,2026-07-09 17:18:10.162153
957.79296875,571.453125,5.235844010281437,0.40489178628508343,2026-07-09 17:18:10.163115
962.60546875,572.828125,5.005075548880356,0.27829965900511133,2026-07-09 17:18:10.164147
967.41796875,574.203125,5.005075548880356,0.27829965900511133,2026-07-09 17:18:10.165148
972.23046875,575.578125,5.005075548880356,0.27829965900511133,2026-07-09 17:18:10.166120
977.04296875,576.953125,5.005075548880356,0.27829965900511133,2026-07-09 17:18:10.167154
981.16796875,578.328125,4.348131782731522,0.3217505543966422,2026-07-09 17:18:10.168090
985.29296875,580.390625,4.611890203593316,0.4636476090008061,2026-07-09 17:18:10.172275
990.10546875,581.765625,5.005075548880356,0.27829965900511133,2026-07-09 17:18:10.172649
994.91796875,583.140625,5.005075548880356,0.27829965900511133,2026-07-09 17:18:10.172993
998.35546875,584.515625,3.7023008049049717,0.3805063771123649,2026-07-09 17:18:10.173331
1002.48046875,585.890625,4.348131782731522,0.3217505543966422,2026-07-09 17:18:10.173683
1006.60546875,587.265625,4.348131782731522,0.3217505543966422,2026-07-09 17:18:10.174120
1010.73046875,588.640625,4.348131782731522,0.3217505543966422,2026-07-09 17:18:10.175096
1014.85546875,590.015625,4.348131782731522,0.3217505543966422,2026-07-09 17:18:10.176144
1018.29296875,591.390625,3.7023008049049717,0.3805063771123649,2026-07-09 17:18:10.177141
1022.41796875,592.765625,4.348131782731522,0.3217505543966422,2026-07-09 17:18:10.178090
1026.54296875,594.140625,4.348131782731522,0.3217505543966422,2026-07-09 17:18:10.179122
1029.98046875,594.828125,3.5055759155950397,0.19739555984988075,2026-07-09 17:18:10.180117
1033.41796875,596.203125,3.7023008049049717,0.3805063771123649,2026-07-09 17:18:10.181099
1036.85546875,597.578125,3.7023008049049717,0.3805063771123649,2026-07-09 17:18:10.182114
1040.29296875,598.265625,3.5055759155950397,0.19739555984988075,2026-07-09 17:18:10.183119
1044.41796875,599.640625,4.348131782731522,0.3217505543966422,2026-07-09 17:18:10.184114
1047.85546875,601.015625,3.7023008049049717,0.3805063771123649,2026-07-09 17:18:10.185109
1051.29296875,602.390625,3.7023008049049717,0.3805063771123649,2026-07-09 17:18:10.188680
1054.73046875,603.078125,3.5055759155950397,0.19739555984988075,2026-07-09 17:18:10.189030
1057.48046875,603.765625,2.834635117612142,0.24497866312686414,2026-07-09 17:18:10.189369
1060.23046875,605.140625,3.074593469062211,0.4636476090008061,2026-07-09 17:18:10.189717
1063.66796875,606.515625,3.7023008049049717,0.3805063771123649,2026-07-09 17:18:10.190100
1067.10546875,607.203125,3.5055759155950397,0.19739555984988075,2026-07-09 17:18:10.191074
1069.85546875,608.578125,3.074593469062211,0.4636476090008061,2026-07-09 17:18:10.192090
1072.60546875,609.265625,2.834635117612142,0.24497866312686414,2026-07-09 17:18:10.193067
1075.35546875,610.640625,3.074593469062211,0.4636476090008061,2026-07-09 17:18:10.194086
1078.79296875,611.328125,3.5055759155950397,0.19739555984988075,2026-07-09 17:18:10.195080
1080.85546875,612.015625,2.174065891365761,0.3217505543966422,2026-07-09 17:18:10.196180
1083.60546875,612.703125,2.834635117612142,0.24497866312686414,2026-07-09 17:18:10.197088
1086.35546875,613.390625,2.834635117612142,0.24497866312686414,2026-07-09 17:18:10.198074
1089.10546875,614.078125,2.834635117612142,0.24497866312686414,2026-07-09 17:18:10.199045
1091.85546875,615.453125,3.074593469062211,0.4636476090008061,2026-07-09 17:18:10.200059
1093.91796875,616.140625,2.174065891365761,0.3217505543966422,2026-07-09 17:18:10.201079
1095.98046875,616.828125,2.174065891365761,0.3217505543966422,2026-07-09 17:18:10.201985
1098.73046875,617.515625,2.834635117612142,0.24497866312686414,2026-07-09 17:18:10.204084
1100.79296875,618.203125,2.174065891365761,0.3217505543966422,2026-07-09 17:18:10.204490
1102.85546875,618.890625,2.174065891365761,0.3217505543966422,2026-07-09 17:18:10.205014
1104.91796875,619.578125,2.174065891365761,0.3217505543966422,2026-07-09 17:18:10.206075
1106.98046875,620.265625,2.174065891365761,0.3217505543966422,2026-07-09 17:18:10.207156
1109.04296875,620.953125,2.174065891365761,0.3217505543966422,2026-07-09 17:18:10.208002
1111.10546875,621.640625,2.174065891365761,0.3217505543966422,2026-07-09 17:18:10.209036
1113.16796875,622.328125,2.174065891365761,0.3217505543966422,2026-07-09 17:18:10.209977
1115.23046875,623.015625,2.174065891365761,0.3217505543966422,2026-07-09 17:18:10.211110
1116.60546875,623.703125,1.5372967345311055,0.4636476090008061,2026-07-09 17:18:10.212092
1117.98046875,624.390625,1.5372967345311055,0.4636476090008061,2026-07-09 17:18:10.213012
1119.35546875,625.078125,1.5372967345311055,0.4636476090008061,2026-07-09 17:18:10.214069
1121.41796875,625.765625,2.174065891365761,0.3217505543966422,2026-07-09 17:18:10.214986
1122.79296875,626.453125,1.5372967345311055,0.4636476090008061,2026-07-09 17:18:10.216060
1124.16796875,627.140625,1.5372967345311055,0.4636476090008061,2026-07-09 17:18:10.217055
1126.23046875,627.140625,2.0625,0.0,2026-07-09 17:18:10.217996
1126.91796875,627.828125,0.9722718241315028,0.7853981633974483,2026-07-09 17:18:10.220672
1128.29296875,627.828125,1.375,0.0,2026-07-09 17:18:10.221254
1129.66796875,628.515625,1.5372967345311055,0.4636476090008061,2026-07-09 17:18:10.221637
1130.35546875,629.203125,0.9722718241315028,0.7853981633974483,2026-07-09 17:18:10.222105
1131.73046875,629.203125,1.375,0.0,2026-07-09 17:18:10.223122
1132.41796875,629.890625,0.9722718241315028,0.7853981633974483,2026-07-09 17:18:10.224037
1133.79296875,629.890625,1.375,0.0,2026-07-09 17:18:10.225057
1134.48046875,629.890625,0.6875,0.0,2026-07-09 17:18:10.226117
1135.85546875,630.578125,1.5372967345311055,0.4636476090008061,2026-07-09 17:18:10.227042
1136.54296875,630.578125,0.6875,0.0,2026-07-09 17:18:10.228065
1137.23046875,631.265625,0.9722718241315028,0.7853981633974483,2026-07-09 17:18:10.229285
1137.91796875,631.265625,0.6875,0.0,2026-07-09 17:18:10.231245
1138.60546875,631.953125,0.9722718241315028,0.7853981633974483,2026-07-09 17:18:10.232064
1139.98046875,631.953125,1.375,0.0,2026-07-09 17:18:10.233067
1140.66796875,631.953125,0.6875,0.0,2026-07-09 17:18:10.234053
1141.35546875,631.953125,0.6875,0.0,2026-07-09 17:18:10.238414
1142.04296875,632.640625,0.9722718241315028,0.7853981633974483,2026-07-09 17:18:10.238840
1142.73046875,632.640625,0.6875,0.0,2026-07-09 17:18:10.240129
1143.41796875,632.640625,0.6875,0.0,2026-07-09 17:18:10.244126
1144.10546875,633.328125,0.9722718241315028,0.7853981633974483,2026-07-09 17:18:10.834497
