x,y,Magnitude,Direction,time
334.71484375,426.828125,0.9722718241315028,-0.7853981633974483,2026-07-09 17:21:55.765094
335.40234375,426.140625,0.9722718241315028,-0.7853981633974483,2026-07-09 17:21:55.773681
336.77734375,425.453125,1.5372967345311055,-0.4636476090008061,2026-07-09 17:21:55.776750
337.46484375,424.765625,0.9722718241315028,-0.7853981633974483,2026-07-09 17:21:55.777805
338.83984375,424.078125,1.5372967345311055,-0.4636476090008061,2026-07-09 17:21:55.778848
339.52734375,423.390625,0.9722718241315028,-0.7853981633974483,2026-07-09 17:21:55.779635
340.90234375,422.703125,1.5372967345311055,-0.4636476090008061,2026-07-09 17:21:55.780335
342.27734375,422.015625,1.5372967345311055,-0.4636476090008061,2026-07-09 17:21:55.781007
343.65234375,421.328125,1.5372967345311055,-0.4636476090008061,2026-07-09 17:21:55.781605
344.33984375,420.640625,0.9722718241315028,-0.7853981633974483,2026-07-09 17:21:55.782188
345.71484375,419.953125,1.5372967345311055,-0.4636476090008061,2026-07-09 17:21:55.782761
347.08984375,419.265625,1.5372967345311055,-0.4636476090008061,2026-07-09 17:21:55.783342
348.46484375,418.578125,1.5372967345311055,-0.4636476090008061,2026-07-09 17:21:55.783841
349.83984375,417.890625,1.5372967345311055,-0.4636476090008061,2026-07-09 17:21:55.784300
351.21484375,417.203125,1.5372967345311055,-0.4636476090008061,2026-07-09 17:21:55.784802
352.58984375,416.515625,1.5372967345311055,-0.4636476090008061,2026-07-09 17:21:55.785256
353.96484375,415.140625,1.9445436482630056,-0.7853981633974483,2026-07-09 17:21:55.785996
355.33984375,414.453125,1.5372967345311055,-0.4636476090008061,2026-07-09 17:21:55.786452
356.71484375,413.765625,1.5372967345311055,-0.4636476090008061,2026-07-09 17:21:55.786897
358.08984375,413.078125,1.5372967345311055,-0.4636476090008061,2026-07-09 17:21:55.787345
359.46484375,412.390625,1.5372967345311055,-0.4636476090008061,2026-07-09 17:21:55.787789
360.83984375,411.703125,1.5372967345311055,-0.4636476090008061,2026-07-09 17:21:55.788598
362.21484375,410.328125,1.9445436482630056,-0.7853981633974483,2026-07-09 17:21:55.789237
364.27734375,409.640625,2.174065891365761,-0.3217505543966422,2026-07-09 17:21:55.789707
365.65234375,408.265625,1.9445436482630056,-0.7853981633974483,2026-07-09 17:21:55.790139
367.02734375,407.578125,1.5372967345311055,-0.4636476090008061,2026-07-09 17:21:55.790555
369.08984375,406.890625,2.174065891365761,-0.3217505543966422,2026-07-09 17:21:55.790978
370.46484375,405.515625,1.9445436482630056,-0.7853981633974483,2026-07-09 17:21:55.791588
371.83984375,404.828125,1.5372967345311055,-0.4636476090008061,2026-07-09 17:21:55.792081
373.21484375,403.453125,1.9445436482630056,-0.7853981633974483,2026-07-09 17:21:55.792551
375.27734375,402.765625,2.174065891365761,-0.3217505543966422,2026-07-09 17:21:55.792976
377.33984375,402.078125,2.174065891365761,-0.3217505543966422,2026-07-09 17:21:55.793398
378.71484375,401.390625,1.5372967345311055,-0.4636476090008061,2026-07-09 17:21:55.793792
380.77734375,400.703125,2.174065891365761,-0.3217505543966422,2026-07-09 17:21:55.794196
382.15234375,399.328125,1.9445436482630056,-0.7853981633974483,2026-07-09 17:21:55.794870
384.21484375,397.953125,2.4788165018814925,-0.5880026035475675,2026-07-09 17:21:55.795806
386.27734375,397.265625,2.174065891365761,-0.3217505543966422,2026-07-09 17:21:55.796873
387.65234375,395.890625,1.9445436482630056,-0.7853981633974483,2026-07-09 17:21:55.797832
389.71484375,395.203125,2.174065891365761,-0.3217505543966422,2026-07-09 17:21:55.802049
391.08984375,394.515625,1.5372967345311055,-0.4636476090008061,2026-07-09 17:21:55.802631
393.15234375,393.140625,2.4788165018814925,-0.5880026035475675,2026-07-09 17:21:55.803113
395.21484375,391.765625,2.4788165018814925,-0.5880026035475675,2026-07-09 17:21:55.803506
397.27734375,391.078125,2.174065891365761,-0.3217505543966422,2026-07-09 17:21:55.803899
398.65234375,390.390625,1.5372967345311055,-0.4636476090008061,2026-07-09 17:21:55.804277
400.71484375,389.015625,2.4788165018814925,-0.5880026035475675,2026-07-09 17:21:55.804808
402.77734375,388.328125,2.174065891365761,-0.3217505543966422,2026-07-09 17:21:55.805870
404.83984375,386.953125,2.4788165018814925,-0.5880026035475675,2026-07-09 17:21:55.806856
406.90234375,385.578125,2.4788165018814925,-0.5880026035475675,2026-07-09 17:21:55.807811
408.27734375,384.890625,1.5372967345311055,-0.4636476090008061,2026-07-09 17:21:55.808937
410.33984375,383.515625,2.4788165018814925,-0.5880026035475675,2026-07-09 17:21:55.809881
412.40234375,382.828125,2.174065891365761,-0.3217505543966422,2026-07-09 17:21:55.810782
414.46484375,382.140625,2.174065891365761,-0.3217505543966422,2026-07-09 17:21:55.811836
416.52734375,380.765625,2.4788165018814925,-0.5880026035475675,2026-07-09 17:21:55.812771
418.58984375,380.078125,2.174065891365761,-0.3217505543966422,2026-07-09 17:21:55.813908
420.65234375,379.390625,2.174065891365761,-0.3217505543966422,2026-07-09 17:21:55.814808
422.71484375,378.703125,2.174065891365761,-0.3217505543966422,2026-07-09 17:21:55.818652
424.08984375,377.328125,1.9445436482630056,-0.7853981633974483,2026-07-09 17:21:55.819017
426.15234375,376.640625,2.174065891365761,-0.3217505543966422,2026-07-09 17:21:55.819351
428.21484375,375.953125,2.174065891365761,-0.3217505543966422,2026-07-09 17:21:55.819706
430.27734375,374.578125,2.4788165018814925,-0.5880026035475675,2026-07-09 17:21:55.820098
432.33984375,373.890625,2.174065891365761,-0.3217505543966422,2026-07-09 17:21:55.820776
433.71484375,373.203125,1.5372967345311055,-0.4636476090008061,2026-07-09 17:21:55.821823
435.77734375,372.515625,2.174065891365761,-0.3217505543966422,2026-07-09 17:21:55.822899
437.83984375,371.828125,2.174065891365761,-0.3217505543966422,2026-07-09 17:21:55.823793
439.21484375,370.453125,1.9445436482630056,-0.7853981633974483,2026-07-09 17:21:55.824812
441.27734375,369.765625,2.174065891365761,-0.3217505543966422,2026-07-09 17:21:55.825893
443.33984375,369.078125,2.174065891365761,-0.3217505543966422,2026-07-09 17:21:55.826787
444.71484375,368.390625,1.5372967345311055,-0.4636476090008061,2026-07-09 17:21:55.827868
446.77734375,367.703125,2.174065891365761,-0.3217505543966422,2026-07-09 17:21:55.828825
448.83984375,367.015625,2.174065891365761,-0.3217505543966422,2026-07-09 17:21:55.829772
450.90234375,366.328125,2.174065891365761,-0.3217505543966422,2026-07-09 17:21:55.830822
452.96484375,365.640625,2.174065891365761,-0.3217505543966422,2026-07-09 17:21:55.831814
454.33984375,364.265625,1.9445436482630056,-0.7853981633974483,2026-07-09 17:21:55.834504
455.71484375,363.578125,1.5372967345311055,-0.4636476090008061,2026-07-09 17:21:55.834947
457.77734375,362.890625,2.174065891365761,-0.3217505543966422,2026-07-09 17:21:55.835339
459.83984375,362.203125,2.174065891365761,-0.3217505543966422,2026-07-09 17:21:55.835777
461.21484375,361.515625,1.5372967345311055,-0.4636476090008061,2026-07-09 17:21:55.836809
463.27734375,360.828125,2.174065891365761,-0.3217505543966422,2026-07-09 17:21:55.837778
464.65234375,360.140625,1.5372967345311055,-0.4636476090008061,2026-07-09 17:21:55.838770
466.71484375,359.453125,2.174065891365761,-0.3217505543966422,2026-07-09 17:21:55.839749
468.77734375,358.765625,2.174065891365761,-0.3217505543966422,2026-07-09 17:21:55.840774
470.15234375,358.078125,1.5372967345311055,-0.4636476090008061,2026-07-09 17:21:55.841826
472.21484375,357.390625,2.174065891365761,-0.3217505543966422,2026-07-09 17:21:55.842782
474.27734375,356.703125,2.174065891365761,-0.3217505543966422,2026-07-09 17:21:55.843841
475.65234375,356.015625,1.5372967345311055,-0.4636476090008061,2026-07-09 17:21:55.844898
477.71484375,355.328125,2.174065891365761,-0.3217505543966422,2026-07-09 17:21:55.845800
479.08984375,354.640625,1.5372967345311055,-0.4636476090008061,2026-07-09 17:21:55.846802
481.15234375,353.953125,2.174065891365761,-0.3217505543966422,2026-07-09 17:21:55.847849
482.52734375,353.265625,1.5372967345311055,-0.4636476090008061,2026-07-09 17:21:55.852130
483.90234375,352.578125,1.5372967345311055,-0.4636476090008061,2026-07-09 17:21:55.852543
485.96484375,351.890625,2.174065891365761,-0.3217505543966422,2026-07-09 17:21:55.852918
488.02734375,351.203125,2.174065891365761,-0.3217505543966422,2026-07-09 17:21:55.853316
490.08984375,350.515625,2.174065891365761,-0.3217505543966422,2026-07-09 17:21:55.853733
491.46484375,349.828125,1.5372967345311055,-0.4636476090008061,2026-07-09 17:21:55.854099
493.52734375,349.140625,2.174065891365761,-0.3217505543966422,2026-07-09 17:21:55.854847
495.58984375,348.453125,2.174065891365761,-0.3217505543966422,2026-07-09 17:21:55.855842
496.96484375,347.765625,1.5372967345311055,-0.4636476090008061,2026-07-09 17:21:55.856825
499.02734375,347.078125,2.174065891365761,-0.3217505543966422,2026-07-09 17:21:55.857889
501.08984375,347.078125,2.0625,0.0,2026-07-09 17:21:55.858843
502.46484375,346.390625,1.5372967345311055,-0.4636476090008061,2026-07-09 17:21:55.859839
504.52734375,345.703125,2.174065891365761,-0.3217505543966422,2026-07-09 17:21:55.860846
505.90234375,345.703125,1.375,0.0,2026-07-09 17:21:55.861832
507.96484375,345.015625,2.174065891365761,-0.3217505543966422,2026-07-09 17:21:55.862824
510.02734375,344.328125,2.174065891365761,-0.3217505543966422,2026-07-09 17:21:55.863818
512.08984375,343.640625,2.174065891365761,-0.3217505543966422,2026-07-09 17:21:55.864750
513.46484375,343.640625,1.375,0.0,2026-07-09 17:21:55.868595
515.52734375,342.953125,2.174065891365761,-0.3217505543966422,2026-07-09 17:21:55.868972
517.58984375,342.953125,2.0625,0.0,2026-07-09 17:21:55.869312
518.96484375,342.265625,1.5372967345311055,-0.4636476090008061,2026-07-09 17:21:55.869673
521.02734375,342.265625,2.0625,0.0,2026-07-09 17:21:55.870032
523.08984375,341.578125,2.174065891365761,-0.3217505543966422,2026-07-09 17:21:55.870796
524.46484375,340.890625,1.5372967345311055,-0.4636476090008061,2026-07-09 17:21:55.871834
526.52734375,340.890625,2.0625,0.0,2026-07-09 17:21:55.872848
528.58984375,340.203125,2.174065891365761,-0.3217505543966422,2026-07-09 17:21:55.873784
530.65234375,339.515625,2.174065891365761,-0.3217505543966422,2026-07-09 17:21:55.874840
532.71484375,339.515625,2.0625,0.0,2026-07-09 17:21:55.875785
534.77734375,338.828125,2.174065891365761,-0.3217505543966422,2026-07-09 17:21:55.876813
536.15234375,338.828125,1.375,0.0,2026-07-09 17:21:55.877847
538.21484375,338.140625,2.174065891365761,-0.3217505543966422,2026-07-09 17:21:55.878846
540.27734375,338.140625,2.0625,0.0,2026-07-09 17:21:55.879790
542.33984375,337.453125,2.174065891365761,-0.3217505543966422,2026-07-09 17:21:55.880811
544.40234375,336.765625,2.174065891365761,-0.3217505543966422,2026-07-09 17:21:55.881852
545.77734375,336.765625,1.375,0.0,2026-07-09 17:21:55.885172
547.83984375,336.765625,2.0625,0.0,2026-07-09 17:21:55.885588
549.90234375,336.078125,2.174065891365761,-0.3217505543966422,2026-07-09 17:21:55.885943
551.27734375,336.078125,1.375,0.0,2026-07-09 17:21:55.886277
553.33984375,335.390625,2.174065891365761,-0.3217505543966422,2026-07-09 17:21:55.886830
555.40234375,335.390625,2.0625,0.0,2026-07-09 17:21:55.887820
557.46484375,334.703125,2.174065891365761,-0.3217505543966422,2026-07-09 17:21:55.888756
559.52734375,334.703125,2.0625,0.0,2026-07-09 17:21:55.889753
560.90234375,334.015625,1.5372967345311055,-0.4636476090008061,2026-07-09 17:21:55.890938
562.96484375,334.015625,2.0625,0.0,2026-07-09 17:21:55.891742
565.02734375,334.015625,2.0625,0.0,2026-07-09 17:21:55.892938
567.08984375,333.328125,2.174065891365761,-0.3217505543966422,2026-07-09 17:21:55.893757
568.46484375,333.328125,1.375,0.0,2026-07-09 17:21:55.894776
570.52734375,332.640625,2.174065891365761,-0.3217505543966422,2026-07-09 17:21:55.895825
572.58984375,331.953125,2.174065891365761,-0.3217505543966422,2026-07-09 17:21:55.896777
574.65234375,331.953125,2.0625,0.0,2026-07-09 17:21:55.897755
576.02734375,331.953125,1.375,0.0,2026-07-09 17:21:55.900503
578.08984375,331.265625,2.174065891365761,-0.3217505543966422,2026-07-09 17:21:55.901042
579.46484375,331.265625,1.375,0.0,2026-07-09 17:21:55.901399
581.52734375,330.578125,2.174065891365761,-0.3217505543966422,2026-07-09 17:21:55.901778
582.90234375,330.578125,1.375,0.0,2026-07-09 17:21:55.902767
584.27734375,329.890625,1.5372967345311055,-0.4636476090008061,2026-07-09 17:21:55.903715
586.33984375,329.890625,2.0625,0.0,2026-07-09 17:21:55.904787
588.40234375,329.890625,2.0625,0.0,2026-07-09 17:21:55.905746
589.77734375,329.203125,1.5372967345311055,-0.4636476090008061,2026-07-09 17:21:55.906719
591.15234375,329.203125,1.375,0.0,2026-07-09 17:21:55.907747
593.90234375,329.203125,2.75,0.0,2026-07-09 17:21:55.908794
595.27734375,329.203125,1.375,0.0,2026-07-09 17:21:55.909854
596.65234375,328.515625,1.5372967345311055,-0.4636476090008061,2026-07-09 17:21:55.910722
598.71484375,328.515625,2.0625,0.0,2026-07-09 17:21:55.911804
600.08984375,328.515625,1.375,0.0,2026-07-09 17:21:55.912763
602.15234375,328.515625,2.0625,0.0,2026-07-09 17:21:55.913796
603.52734375,327.828125,1.5372967345311055,-0.4636476090008061,2026-07-09 17:21:55.914697
604.90234375,327.828125,1.375,0.0,2026-07-09 17:21:55.917207
606.96484375,327.828125,2.0625,0.0,2026-07-09 17:21:55.917741
608.33984375,327.828125,1.375,0.0,2026-07-09 17:21:55.918218
609.71484375,327.828125,1.375,0.0,2026-07-09 17:21:55.918776
611.08984375,327.140625,1.5372967345311055,-0.4636476090008061,2026-07-09 17:21:55.919785
612.46484375,327.140625,1.375,0.0,2026-07-09 17:21:55.920810
614.52734375,327.140625,2.0625,0.0,2026-07-09 17:21:55.921749
616.58984375,326.453125,2.174065891365761,-0.3217505543966422,2026-07-09 17:21:55.922872
617.96484375,326.453125,1.375,0.0,2026-07-09 17:21:55.923680
620.02734375,326.453125,2.0625,0.0,2026-07-09 17:21:55.924721
621.40234375,326.453125,1.375,0.0,2026-07-09 17:21:55.925787
622.77734375,326.453125,1.375,0.0,2026-07-09 17:21:55.926687
624.15234375,325.765625,1.5372967345311055,-0.4636476090008061,2026-07-09 17:21:55.927690
625.52734375,325.765625,1.375,0.0,2026-07-09 17:21:55.928891
627.58984375,325.765625,2.0625,0.0,2026-07-09 17:21:55.929708
628.96484375,325.765625,1.375,0.0,2026-07-09 17:21:55.930879
630.33984375,325.765625,1.375,0.0,2026-07-09 17:21:55.931756
631.71484375,325.765625,1.375,0.0,2026-07-09 17:21:55.933684
633.08984375,325.765625,1.375,0.0,2026-07-09 17:21:55.934185
634.46484375,325.765625,1.375,0.0,2026-07-09 17:21:55.934722
635.83984375,325.765625,1.375,0.0,2026-07-09 17:21:55.935783
637.21484375,325.765625,1.375,0.0,2026-07-09 17:21:55.936765
638.58984375,325.765625,1.375,0.0,2026-07-09 17:21:55.937759
639.96484375,325.765625,1.375,0.0,2026-07-09 17:21:55.938833
641.33984375,325.765625,1.375,0.0,2026-07-09 17:21:55.939762
643.40234375,325.765625,2.0625,0.0,2026-07-09 17:21:55.940706
644.77734375,325.765625,1.375,0.0,2026-07-09 17:21:55.941958
645.46484375,325.765625,0.6875,0.0,2026-07-09 17:21:55.942684
646.83984375,325.765625,1.375,0.0,2026-07-09 17:21:55.943913
648.21484375,325.765625,1.375,0.0,2026-07-09 17:21:55.944698
649.58984375,325.765625,1.375,0.0,2026-07-09 17:21:55.945800
650.96484375,325.765625,1.375,0.0,2026-07-09 17:21:55.946816
652.33984375,325.765625,1.375,0.0,2026-07-09 17:21:55.947878
653.71484375,325.765625,1.375,0.0,2026-07-09 17:21:55.951431
654.40234375,325.765625,0.6875,0.0,2026-07-09 17:21:55.951863
655.77734375,325.765625,1.375,0.0,2026-07-09 17:21:55.952272
656.46484375,325.765625,0.6875,0.0,2026-07-09 17:21:55.952670
657.83984375,325.765625,1.375,0.0,2026-07-09 17:21:55.953051
658.52734375,325.765625,0.6875,0.0,2026-07-09 17:21:55.953753
659.90234375,325.765625,1.375,0.0,2026-07-09 17:21:55.954783
661.27734375,325.765625,1.375,0.0,2026-07-09 17:21:55.955798
661.96484375,325.765625,0.6875,0.0,2026-07-09 17:21:55.956783
662.65234375,325.765625,0.6875,0.0,2026-07-09 17:21:55.957809
664.02734375,325.765625,1.375,0.0,2026-07-09 17:21:55.958752
664.71484375,325.765625,0.6875,0.0,2026-07-09 17:21:55.959794
665.40234375,325.765625,0.6875,0.0,2026-07-09 17:21:55.960780
666.08984375,326.453125,0.9722718241315028,0.7853981633974483,2026-07-09 17:21:55.961769
667.46484375,326.453125,1.375,0.0,2026-07-09 17:21:55.962758
668.83984375,326.453125,1.375,0.0,2026-07-09 17:21:55.963772
669.52734375,326.453125,0.6875,0.0,2026-07-09 17:21:55.964778
670.21484375,326.453125,0.6875,0.0,2026-07-09 17:21:55.968005
670.90234375,326.453125,0.6875,0.0,2026-07-09 17:21:55.968398
671.58984375,327.140625,0.9722718241315028,0.7853981633974483,2026-07-09 17:21:55.968851
672.27734375,327.140625,0.6875,0.0,2026-07-09 17:21:55.969261
672.96484375,327.140625,0.6875,0.0,2026-07-09 17:21:55.969772
673.65234375,327.828125,0.9722718241315028,0.7853981633974483,2026-07-09 17:21:55.970717
674.33984375,327.828125,0.6875,0.0,2026-07-09 17:21:55.971922
675.71484375,327.828125,1.375,0.0,2026-07-09 17:21:55.972744
676.40234375,327.828125,0.6875,0.0,2026-07-09 17:21:55.973771
677.08984375,327.828125,0.6875,0.0,2026-07-09 17:21:55.974817
677.77734375,328.515625,0.9722718241315028,0.7853981633974483,2026-07-09 17:21:55.975761
678.46484375,328.515625,0.6875,0.0,2026-07-09 17:21:55.976776
679.15234375,329.203125,0.9722718241315028,0.7853981633974483,2026-07-09 17:21:55.977817
679.83984375,329.203125,0.6875,0.0,2026-07-09 17:21:55.978806
680.52734375,329.203125,0.6875,0.0,2026-07-09 17:21:55.979801
681.21484375,329.203125,0.6875,0.0,2026-07-09 17:21:55.980794
681.90234375,329.890625,0.9722718241315028,0.7853981633974483,2026-07-09 17:21:55.981787
682.58984375,329.890625,0.6875,0.0,2026-07-09 17:21:55.984296
683.27734375,330.578125,0.9722718241315028,0.7853981633974483,2026-07-09 17:21:55.984740
683.96484375,330.578125,0.6875,0.0,2026-07-09 17:21:55.985105
684.65234375,331.265625,0.9722718241315028,0.7853981633974483,2026-07-09 17:21:55.985746
685.33984375,331.265625,0.6875,0.0,2026-07-09 17:21:55.986886
686.02734375,331.265625,0.6875,0.0,2026-07-09 17:21:55.987684
686.71484375,331.953125,0.9722718241315028,0.7853981633974483,2026-07-09 17:21:55.988840
687.40234375,332.640625,0.9722718241315028,0.7853981633974483,2026-07-09 17:21:55.990817
688.08984375,332.640625,0.6875,0.0,2026-07-09 17:21:55.991796
688.77734375,333.328125,0.9722718241315028,0.7853981633974483,2026-07-09 17:21:55.992778
689.46484375,334.015625,0.9722718241315028,0.7853981633974483,2026-07-09 17:21:55.993681
690.15234375,334.015625,0.6875,0.0,2026-07-09 17:21:55.994753
690.83984375,334.703125,0.9722718241315028,0.7853981633974483,2026-07-09 17:21:55.995780
691.52734375,334.703125,0.6875,0.0,2026-07-09 17:21:55.997009
692.21484375,335.390625,0.9722718241315028,0.7853981633974483,2026-07-09 17:21:55.997777
692.90234375,335.390625,0.6875,0.0,2026-07-09 17:21:56.001083
692.90234375,336.078125,0.6875,1.5707963267948966,2026-07-09 17:21:56.001508
693.58984375,336.765625,0.9722718241315028,0.7853981633974483,2026-07-09 17:21:56.001894
694.27734375,337.453125,0.9722718241315028,0.7853981633974483,2026-07-09 17:21:56.002293
694.96484375,337.453125,0.6875,0.0,2026-07-09 17:21:56.002811
695.65234375,338.140625,0.9722718241315028,0.7853981633974483,2026-07-09 17:21:56.003747
696.33984375,338.828125,0.9722718241315028,0.7853981633974483,2026-07-09 17:21:56.004771
697.02734375,338.828125,0.6875,0.0,2026-07-09 17:21:56.005707
697.71484375,339.515625,0.9722718241315028,0.7853981633974483,2026-07-09 17:21:56.006710
698.40234375,339.515625,0.6875,0.0,2026-07-09 17:21:56.007763
699.08984375,340.203125,0.9722718241315028,0.7853981633974483,2026-07-09 17:21:56.008714
699.77734375,340.890625,0.9722718241315028,0.7853981633974483,2026-07-09 17:21:56.009781
700.46484375,341.578125,0.9722718241315028,0.7853981633974483,2026-07-09 17:21:56.010757
701.15234375,342.265625,0.9722718241315028,0.7853981633974483,2026-07-09 17:21:56.011769
701.83984375,342.265625,0.6875,0.0,2026-07-09 17:21:56.012750
703.21484375,342.953125,1.5372967345311055,0.4636476090008061,2026-07-09 17:21:56.013793
703.90234375,343.640625,0.9722718241315028,0.7853981633974483,2026-07-09 17:21:56.014931
704.58984375,344.328125,0.9722718241315028,0.7853981633974483,2026-07-09 17:21:56.017512
705.27734375,345.015625,0.9722718241315028,0.7853981633974483,2026-07-09 17:21:56.018069
705.96484375,345.703125,0.9722718241315028,0.7853981633974483,2026-07-09 17:21:56.018713
706.65234375,346.390625,0.9722718241315028,0.7853981633974483,2026-07-09 17:21:56.019798
707.33984375,347.078125,0.9722718241315028,0.7853981633974483,2026-07-09 17:21:56.020692
708.71484375,347.078125,1.375,0.0,2026-07-09 17:21:56.021828
709.40234375,347.765625,0.9722718241315028,0.7853981633974483,2026-07-09 17:21:56.022690
710.08984375,348.453125,0.9722718241315028,0.7853981633974483,2026-07-09 17:21:56.023743
710.77734375,348.453125,0.6875,0.0,2026-07-09 17:21:56.024802
711.46484375,349.140625,0.9722718241315028,0.7853981633974483,2026-07-09 17:21:56.025695
712.15234375,349.828125,0.9722718241315028,0.7853981633974483,2026-07-09 17:21:56.026789
712.83984375,350.515625,0.9722718241315028,0.7853981633974483,2026-07-09 17:21:56.027695
713.52734375,350.515625,0.6875,0.0,2026-07-09 17:21:56.028911
714.90234375,351.203125,1.5372967345311055,0.4636476090008061,2026-07-09 17:21:56.029788
715.58984375,351.890625,0.9722718241315028,0.7853981633974483,2026-07-09 17:21:56.030792
716.27734375,352.578125,0.9722718241315028,0.7853981633974483,2026-07-09 17:21:56.031785
716.96484375,352.578125,0.6875,0.0,2026-07-09 17:21:56.034029
717.65234375,353.265625,0.9722718241315028,0.7853981633974483,2026-07-09 17:21:56.034512
718.33984375,353.953125,0.9722718241315028,0.7853981633974483,2026-07-09 17:21:56.034931
719.02734375,354.640625,0.9722718241315028,0.7853981633974483,2026-07-09 17:21:56.035779
719.71484375,354.640625,0.6875,0.0,2026-07-09 17:21:56.036767
721.08984375,355.328125,1.5372967345311055,0.4636476090008061,2026-07-09 17:21:56.037760
721.77734375,356.015625,0.9722718241315028,0.7853981633974483,2026-07-09 17:21:56.038775
722.46484375,356.015625,0.6875,0.0,2026-07-09 17:21:56.039759
723.15234375,356.703125,0.9722718241315028,0.7853981633974483,2026-07-09 17:21:56.040779
723.83984375,357.390625,0.9722718241315028,0.7853981633974483,2026-07-09 17:21:56.041783
724.52734375,358.078125,0.9722718241315028,0.7853981633974483,2026-07-09 17:21:56.042771
725.21484375,358.765625,0.9722718241315028,0.7853981633974483,2026-07-09 17:21:56.043697
725.90234375,358.765625,0.6875,0.0,2026-07-09 17:21:56.044878
726.58984375,359.453125,0.9722718241315028,0.7853981633974483,2026-07-09 17:21:56.045704
727.27734375,360.140625,0.9722718241315028,0.7853981633974483,2026-07-09 17:21:56.046756
727.96484375,360.140625,0.6875,0.0,2026-07-09 17:21:56.047786
728.65234375,360.828125,0.9722718241315028,0.7853981633974483,2026-07-09 17:21:56.050398
729.33984375,361.515625,0.9722718241315028,0.7853981633974483,2026-07-09 17:21:56.050912
730.02734375,362.203125,0.9722718241315028,0.7853981633974483,2026-07-09 17:21:56.051317
730.71484375,362.890625,0.9722718241315028,0.7853981633974483,2026-07-09 17:21:56.051754
731.40234375,363.578125,0.9722718241315028,0.7853981633974483,2026-07-09 17:21:56.052854
732.08984375,364.265625,0.9722718241315028,0.7853981633974483,2026-07-09 17:21:56.053795
733.46484375,364.265625,1.375,0.0,2026-07-09 17:21:56.054683
734.15234375,364.953125,0.9722718241315028,0.7853981633974483,2026-07-09 17:21:56.055830
734.83984375,365.640625,0.9722718241315028,0.7853981633974483,2026-07-09 17:21:56.056685
735.52734375,366.328125,0.9722718241315028,0.7853981633974483,2026-07-09 17:21:56.057869
736.21484375,367.015625,0.9722718241315028,0.7853981633974483,2026-07-09 17:21:56.058792
736.90234375,367.703125,0.9722718241315028,0.7853981633974483,2026-07-09 17:21:56.059792
737.58984375,368.390625,0.9722718241315028,0.7853981633974483,2026-07-09 17:21:56.060701
738.27734375,369.078125,0.9722718241315028,0.7853981633974483,2026-07-09 17:21:56.061849
739.65234375,369.765625,1.5372967345311055,0.4636476090008061,2026-07-09 17:21:56.062767
741.02734375,370.453125,1.5372967345311055,0.4636476090008061,2026-07-09 17:21:56.063888
741.71484375,371.140625,0.9722718241315028,0.7853981633974483,2026-07-09 17:21:56.064694
742.40234375,371.828125,0.9722718241315028,0.7853981633974483,2026-07-09 17:21:56.067164
743.08984375,372.515625,0.9722718241315028,0.7853981633974483,2026-07-09 17:21:56.067604
744.46484375,373.203125,1.5372967345311055,0.4636476090008061,2026-07-09 17:21:56.067975
745.15234375,373.890625,0.9722718241315028,0.7853981633974483,2026-07-09 17:21:56.068792
745.83984375,374.578125,0.9722718241315028,0.7853981633974483,2026-07-09 17:21:56.069748
747.21484375,375.265625,1.5372967345311055,0.4636476090008061,2026-07-09 17:21:56.070788
747.90234375,375.953125,0.9722718241315028,0.7853981633974483,2026-07-09 17:21:56.071772
748.58984375,376.640625,0.9722718241315028,0.7853981633974483,2026-07-09 17:21:56.072757
749.96484375,377.328125,1.5372967345311055,0.4636476090008061,2026-07-09 17:21:56.073773
750.65234375,378.015625,0.9722718241315028,0.7853981633974483,2026-07-09 17:21:56.074776
751.33984375,378.703125,0.9722718241315028,0.7853981633974483,2026-07-09 17:21:56.075766
752.02734375,379.390625,0.9722718241315028,0.7853981633974483,2026-07-09 17:21:56.076803
753.40234375,380.078125,1.5372967345311055,0.4636476090008061,2026-07-09 17:21:56.077707
754.77734375,380.765625,1.5372967345311055,0.4636476090008061,2026-07-09 17:21:56.078777
755.46484375,381.453125,0.9722718241315028,0.7853981633974483,2026-07-09 17:21:56.079757
756.83984375,382.140625,1.5372967345311055,0.4636476090008061,2026-07-09 17:21:56.080769
757.52734375,382.828125,0.9722718241315028,0.7853981633974483,2026-07-09 17:21:56.081738
758.21484375,383.515625,0.9722718241315028,0.7853981633974483,2026-07-09 17:21:56.083537
759.58984375,384.203125,1.5372967345311055,0.4636476090008061,2026-07-09 17:21:56.084145
760.27734375,384.890625,0.9722718241315028,0.7853981633974483,2026-07-09 17:21:56.084783
760.96484375,385.578125,0.9722718241315028,0.7853981633974483,2026-07-09 17:21:56.085706
762.33984375,386.953125,1.9445436482630056,0.7853981633974483,2026-07-09 17:21:56.086755
763.71484375,387.640625,1.5372967345311055,0.4636476090008061,2026-07-09 17:21:56.087700
764.40234375,389.015625,1.5372967345311055,1.1071487177940904,2026-07-09 17:21:56.088815
765.08984375,389.703125,0.9722718241315028,0.7853981633974483,2026-07-09 17:21:56.089702
765.77734375,390.390625,0.9722718241315028,0.7853981633974483,2026-07-09 17:21:56.090718
767.15234375,391.078125,1.5372967345311055,0.4636476090008061,2026-07-09 17:21:56.091764
767.83984375,391.765625,0.9722718241315028,0.7853981633974483,2026-07-09 17:21:56.092720
769.21484375,392.453125,1.5372967345311055,0.4636476090008061,2026-07-09 17:21:56.093765
769.90234375,393.140625,0.9722718241315028,0.7853981633974483,2026-07-09 17:21:56.094697
771.27734375,394.515625,1.9445436482630056,0.7853981633974483,2026-07-09 17:21:56.095761
771.96484375,395.203125,0.9722718241315028,0.7853981633974483,2026-07-09 17:21:56.096699
773.33984375,395.890625,1.5372967345311055,0.4636476090008061,2026-07-09 17:21:56.097722
774.02734375,396.578125,0.9722718241315028,0.7853981633974483,2026-07-09 17:21:56.100331
774.71484375,397.265625,0.9722718241315028,0.7853981633974483,2026-07-09 17:21:56.100809
776.08984375,397.953125,1.5372967345311055,0.4636476090008061,2026-07-09 17:21:56.101234
776.77734375,398.640625,0.9722718241315028,0.7853981633974483,2026-07-09 17:21:56.101750
777.46484375,399.328125,0.9722718241315028,0.7853981633974483,2026-07-09 17:21:56.102714
778.83984375,400.703125,1.9445436482630056,0.7853981633974483,2026-07-09 17:21:56.103778
779.52734375,401.390625,0.9722718241315028,0.7853981633974483,2026-07-09 17:21:56.104738
780.90234375,402.078125,1.5372967345311055,0.4636476090008061,2026-07-09 17:21:56.105706
781.58984375,402.765625,0.9722718241315028,0.7853981633974483,2026-07-09 17:21:56.106792
782.27734375,403.453125,0.9722718241315028,0.7853981633974483,2026-07-09 17:21:56.107697
782.96484375,404.140625,0.9722718241315028,0.7853981633974483,2026-07-09 17:21:56.108794
783.65234375,404.828125,0.9722718241315028,0.7853981633974483,2026-07-09 17:21:56.109757
784.33984375,405.515625,0.9722718241315028,0.7853981633974483,2026-07-09 17:21:56.110743
785.71484375,406.890625,1.9445436482630056,0.7853981633974483,2026-07-09 17:21:56.111773
787.08984375,407.578125,1.5372967345311055,0.4636476090008061,2026-07-09 17:21:56.112770
787.77734375,408.265625,0.9722718241315028,0.7853981633974483,2026-07-09 17:21:56.113706
788.46484375,408.953125,0.9722718241315028,0.7853981633974483,2026-07-09 17:21:56.114765
789.15234375,409.640625,0.9722718241315028,0.7853981633974483,2026-07-09 17:21:56.117061
789.83984375,410.328125,0.9722718241315028,0.7853981633974483,2026-07-09 17:21:56.117552
790.52734375,411.015625,0.9722718241315028,0.7853981633974483,2026-07-09 17:21:56.118071
791.21484375,411.703125,0.9722718241315028,0.7853981633974483,2026-07-09 17:21:56.118725
792.58984375,413.078125,1.9445436482630056,0.7853981633974483,2026-07-09 17:21:56.119803
793.27734375,413.765625,0.9722718241315028,0.7853981633974483,2026-07-09 17:21:56.120699
793.96484375,414.453125,0.9722718241315028,0.7853981633974483,2026-07-09 17:21:56.121776
795.33984375,415.140625,1.5372967345311055,0.4636476090008061,2026-07-09 17:21:56.122766
796.02734375,415.828125,0.9722718241315028,0.7853981633974483,2026-07-09 17:21:56.123691
796.71484375,417.203125,1.5372967345311055,1.1071487177940904,2026-07-09 17:21:56.124795
797.40234375,417.890625,0.9722718241315028,0.7853981633974483,2026-07-09 17:21:56.125697
798.08984375,418.578125,0.9722718241315028,0.7853981633974483,2026-07-09 17:21:56.126777
799.46484375,419.953125,1.9445436482630056,0.7853981633974483,2026-07-09 17:21:56.127707
800.15234375,420.640625,0.9722718241315028,0.7853981633974483,2026-07-09 17:21:56.128811
800.83984375,421.328125,0.9722718241315028,0.7853981633974483,2026-07-09 17:21:56.129699
802.21484375,422.015625,1.5372967345311055,0.4636476090008061,2026-07-09 17:21:56.130704
802.90234375,422.703125,0.9722718241315028,0.7853981633974483,2026-07-09 17:21:56.131779
803.58984375,423.390625,0.9722718241315028,0.7853981633974483,2026-07-09 17:21:56.133539
804.27734375,424.765625,1.5372967345311055,1.1071487177940904,2026-07-09 17:21:56.134119
804.96484375,425.453125,0.9722718241315028,0.7853981633974483,2026-07-09 17:21:56.134701
805.65234375,426.140625,0.9722718241315028,0.7853981633974483,2026-07-09 17:21:56.135772
807.02734375,427.515625,1.9445436482630056,0.7853981633974483,2026-07-09 17:21:56.136876
807.71484375,428.203125,0.9722718241315028,0.7853981633974483,2026-07-09 17:21:56.137692
808.40234375,429.578125,1.5372967345311055,1.1071487177940904,2026-07-09 17:21:56.138785
809.08984375,430.265625,0.9722718241315028,0.7853981633974483,2026-07-09 17:21:56.139777
810.46484375,430.953125,1.5372967345311055,0.4636476090008061,2026-07-09 17:21:56.140721
811.15234375,432.328125,1.5372967345311055,1.1071487177940904,2026-07-09 17:21:56.141715
811.83984375,433.015625,0.9722718241315028,0.7853981633974483,2026-07-09 17:21:56.142791
812.52734375,433.703125,0.9722718241315028,0.7853981633974483,2026-07-09 17:21:56.143700
813.90234375,435.078125,1.9445436482630056,0.7853981633974483,2026-07-09 17:21:56.144764
814.58984375,436.453125,1.5372967345311055,1.1071487177940904,2026-07-09 17:21:56.145769
815.27734375,437.140625,0.9722718241315028,0.7853981633974483,2026-07-09 17:21:56.146673
815.96484375,438.515625,1.5372967345311055,1.1071487177940904,2026-07-09 17:21:56.147873
817.33984375,439.203125,1.5372967345311055,0.4636476090008061,2026-07-09 17:21:56.150283
818.02734375,440.578125,1.5372967345311055,1.1071487177940904,2026-07-09 17:21:56.150775
818.71484375,441.265625,0.9722718241315028,0.7853981633974483,2026-07-09 17:21:56.151200
819.40234375,442.640625,1.5372967345311055,1.1071487177940904,2026-07-09 17:21:56.151753
820.77734375,444.015625,1.9445436482630056,0.7853981633974483,2026-07-09 17:21:56.152753
821.46484375,444.703125,0.9722718241315028,0.7853981633974483,2026-07-09 17:21:56.153684
822.15234375,446.078125,1.5372967345311055,1.1071487177940904,2026-07-09 17:21:56.154791
822.83984375,446.765625,0.9722718241315028,0.7853981633974483,2026-07-09 17:21:56.155775
823.52734375,447.453125,0.9722718241315028,0.7853981633974483,2026-07-09 17:21:56.156730
824.90234375,448.828125,1.9445436482630056,0.7853981633974483,2026-07-09 17:21:56.157706
825.58984375,450.203125,1.5372967345311055,1.1071487177940904,2026-07-09 17:21:56.158773
826.27734375,450.890625,0.9722718241315028,0.7853981633974483,2026-07-09 17:21:56.159702
827.65234375,452.265625,1.9445436482630056,0.7853981633974483,2026-07-09 17:21:56.160764
828.33984375,453.640625,1.5372967345311055,1.1071487177940904,2026-07-09 17:21:56.161736
829.02734375,454.328125,0.9722718241315028,0.7853981633974483,2026-07-09 17:21:56.162758
830.40234375,455.703125,1.9445436482630056,0.7853981633974483,2026-07-09 17:21:56.163764
831.08984375,456.390625,0.9722718241315028,0.7853981633974483,2026-07-09 17:21:56.164772
831.77734375,457.765625,1.5372967345311055,1.1071487177940904,2026-07-09 17:21:56.166928
832.46484375,459.140625,1.5372967345311055,1.1071487177940904,2026-07-09 17:21:56.167391
833.15234375,459.828125,0.9722718241315028,0.7853981633974483,2026-07-09 17:21:56.167907
834.52734375,461.203125,1.9445436482630056,0.7853981633974483,2026-07-09 17:21:56.168696
835.21484375,462.578125,1.5372967345311055,1.1071487177940904,2026-07-09 17:21:56.169858
835.90234375,463.265625,0.9722718241315028,0.7853981633974483,2026-07-09 17:21:56.170739
836.58984375,464.640625,1.5372967345311055,1.1071487177940904,2026-07-09 17:21:56.171763
837.27734375,465.328125,0.9722718241315028,0.7853981633974483,2026-07-09 17:21:56.172759
837.96484375,466.703125,1.5372967345311055,1.1071487177940904,2026-07-09 17:21:56.173680
838.65234375,467.390625,0.9722718241315028,0.7853981633974483,2026-07-09 17:21:56.174918
839.33984375,468.765625,1.5372967345311055,1.1071487177940904,2026-07-09 17:21:56.175691
840.02734375,469.453125,0.9722718241315028,0.7853981633974483,2026-07-09 17:21:56.176688
840.71484375,470.828125,1.5372967345311055,1.1071487177940904,2026-07-09 17:21:56.177903
841.40234375,472.203125,1.5372967345311055,1.1071487177940904,2026-07-09 17:21:56.178676
842.08984375,472.890625,0.9722718241315028,0.7853981633974483,2026-07-09 17:21:56.179777
842.77734375,474.265625,1.5372967345311055,1.1071487177940904,2026-07-09 17:21:56.180773
843.46484375,474.953125,0.9722718241315028,0.7853981633974483,2026-07-09 17:21:56.181703
844.15234375,476.328125,1.5372967345311055,1.1071487177940904,2026-07-09 17:21:56.183858
844.83984375,477.015625,0.9722718241315028,0.7853981633974483,2026-07-09 17:21:56.184326
845.52734375,478.390625,1.5372967345311055,1.1071487177940904,2026-07-09 17:21:56.184795
846.21484375,479.765625,1.5372967345311055,1.1071487177940904,2026-07-09 17:21:56.185752
846.90234375,481.140625,1.5372967345311055,1.1071487177940904,2026-07-09 17:21:56.186795
847.58984375,481.828125,0.9722718241315028,0.7853981633974483,2026-07-09 17:21:56.187757
848.27734375,483.203125,1.5372967345311055,1.1071487177940904,2026-07-09 17:21:56.188794
848.96484375,483.890625,0.9722718241315028,0.7853981633974483,2026-07-09 17:21:56.189805
849.65234375,485.265625,1.5372967345311055,1.1071487177940904,2026-07-09 17:21:56.190781
850.33984375,485.953125,0.9722718241315028,0.7853981633974483,2026-07-09 17:21:56.191762
851.02734375,487.328125,1.5372967345311055,1.1071487177940904,2026-07-09 17:21:56.192799
851.71484375,488.703125,1.5372967345311055,1.1071487177940904,2026-07-09 17:21:56.193757
852.40234375,490.078125,1.5372967345311055,1.1071487177940904,2026-07-09 17:21:56.194791
853.08984375,491.453125,1.5372967345311055,1.1071487177940904,2026-07-09 17:21:56.195775
853.77734375,492.140625,0.9722718241315028,0.7853981633974483,2026-07-09 17:21:56.196785
853.77734375,493.515625,1.375,1.5707963267948966,2026-07-09 17:21:56.197770
854.46484375,494.890625,1.5372967345311055,1.1071487177940904,2026-07-09 17:21:56.200486
855.15234375,496.265625,1.5372967345311055,1.1071487177940904,2026-07-09 17:21:56.201052
855.83984375,496.953125,0.9722718241315028,0.7853981633974483,2026-07-09 17:21:56.201470
856.52734375,498.328125,1.5372967345311055,1.1071487177940904,2026-07-09 17:21:56.201882
856.52734375,499.703125,1.375,1.5707963267948966,2026-07-09 17:21:56.202810
857.21484375,501.078125,1.5372967345311055,1.1071487177940904,2026-07-09 17:21:56.203714
857.90234375,502.453125,1.5372967345311055,1.1071487177940904,2026-07-09 17:21:56.204762
857.90234375,503.140625,0.6875,1.5707963267948966,2026-07-09 17:21:56.205798
858.58984375,504.515625,1.5372967345311055,1.1071487177940904,2026-07-09 17:21:56.206776
859.27734375,505.890625,1.5372967345311055,1.1071487177940904,2026-07-09 17:21:56.207716
859.96484375,507.265625,1.5372967345311055,1.1071487177940904,2026-07-09 17:21:56.208813
859.96484375,508.640625,1.375,1.5707963267948966,2026-07-09 17:21:56.209748
860.65234375,510.015625,1.5372967345311055,1.1071487177940904,2026-07-09 17:21:56.210701
861.33984375,511.390625,1.5372967345311055,1.1071487177940904,2026-07-09 17:21:56.211918
861.33984375,512.765625,1.375,1.5707963267948966,2026-07-09 17:21:56.212679
862.02734375,514.140625,1.5372967345311055,1.1071487177940904,2026-07-09 17:21:56.213898
862.02734375,515.515625,1.375,1.5707963267948966,2026-07-09 17:21:56.214755
862.71484375,516.890625,1.5372967345311055,1.1071487177940904,2026-07-09 17:21:56.216891
863.40234375,518.265625,1.5372967345311055,1.1071487177940904,2026-07-09 17:21:56.217419
863.40234375,519.640625,1.375,1.5707963267948966,2026-07-09 17:21:56.217855
864.08984375,520.328125,0.9722718241315028,0.7853981633974483,2026-07-09 17:21:56.218730
864.08984375,521.703125,1.375,1.5707963267948966,2026-07-09 17:21:56.219726
864.77734375,523.765625,2.174065891365761,1.2490457723982544,2026-07-09 17:21:56.220739
864.77734375,524.453125,0.6875,1.5707963267948966,2026-07-09 17:21:56.221771
865.46484375,525.828125,1.5372967345311055,1.1071487177940904,2026-07-09 17:21:56.222705
865.46484375,527.203125,1.375,1.5707963267948966,2026-07-09 17:21:56.223759
866.15234375,528.578125,1.5372967345311055,1.1071487177940904,2026-07-09 17:21:56.224702
866.15234375,529.953125,1.375,1.5707963267948966,2026-07-09 17:21:56.225788
866.83984375,531.328125,1.5372967345311055,1.1071487177940904,2026-07-09 17:21:56.226740
866.83984375,532.703125,1.375,1.5707963267948966,2026-07-09 17:21:56.227768
867.52734375,534.078125,1.5372967345311055,1.1071487177940904,2026-07-09 17:21:56.228717
867.52734375,535.453125,1.375,1.5707963267948966,2026-07-09 17:21:56.229682
868.21484375,536.828125,1.5372967345311055,1.1071487177940904,2026-07-09 17:21:56.230877
868.21484375,538.203125,1.375,1.5707963267948966,2026-07-09 17:21:56.231733
868.21484375,539.578125,1.375,1.5707963267948966,2026-07-09 17:21:56.233543
868.90234375,540.953125,1.5372967345311055,1.1071487177940904,2026-07-09 17:21:56.234117
868.90234375,542.328125,1.375,1.5707963267948966,2026-07-09 17:21:56.234711
868.90234375,543.015625,0.6875,1.5707963267948966,2026-07-09 17:21:56.235786
868.90234375,544.390625,1.375,1.5707963267948966,2026-07-09 17:21:56.236740
869.58984375,546.453125,2.174065891365761,1.2490457723982544,2026-07-09 17:21:56.237769
869.58984375,547.828125,1.375,1.5707963267948966,2026-07-09 17:21:56.238665
869.58984375,549.203125,1.375,1.5707963267948966,2026-07-09 17:21:56.239931
870.27734375,550.578125,1.5372967345311055,1.1071487177940904,2026-07-09 17:21:56.240686
870.27734375,551.953125,1.375,1.5707963267948966,2026-07-09 17:21:56.241781
870.27734375,552.640625,0.6875,1.5707963267948966,2026-07-09 17:21:56.242767
870.27734375,554.015625,1.375,1.5707963267948966,2026-07-09 17:21:56.243708
870.27734375,555.390625,1.375,1.5707963267948966,2026-07-09 17:21:56.244722
870.27734375,556.765625,1.375,1.5707963267948966,2026-07-09 17:21:56.245779
870.96484375,558.140625,1.5372967345311055,1.1071487177940904,2026-07-09 17:21:56.246698
870.96484375,559.515625,1.375,1.5707963267948966,2026-07-09 17:21:56.248064
870.96484375,560.890625,1.375,1.5707963267948966,2026-07-09 17:21:56.251381
870.96484375,562.265625,1.375,1.5707963267948966,2026-07-09 17:21:56.251824
870.96484375,563.640625,1.375,1.5707963267948966,2026-07-09 17:21:56.252191
870.96484375,565.015625,1.375,1.5707963267948966,2026-07-09 17:21:56.252548
870.96484375,566.390625,1.375,1.5707963267948966,2026-07-09 17:21:56.252904
870.96484375,567.765625,1.375,1.5707963267948966,2026-07-09 17:21:56.253793
870.96484375,568.453125,0.6875,1.5707963267948966,2026-07-09 17:21:56.254780
870.96484375,570.515625,2.0625,1.5707963267948966,2026-07-09 17:21:56.255778
870.96484375,571.203125,0.6875,1.5707963267948966,2026-07-09 17:21:56.256785
870.96484375,573.265625,2.0625,1.5707963267948966,2026-07-09 17:21:56.257792
870.96484375,573.953125,0.6875,1.5707963267948966,2026-07-09 17:21:56.258794
870.96484375,576.015625,2.0625,1.5707963267948966,2026-07-09 17:21:56.259792
870.96484375,576.703125,0.6875,1.5707963267948966,2026-07-09 17:21:56.260767
870.96484375,578.765625,2.0625,1.5707963267948966,2026-07-09 17:21:56.261764
870.96484375,579.453125,0.6875,1.5707963267948966,2026-07-09 17:21:56.262765
870.96484375,580.828125,1.375,1.5707963267948966,2026-07-09 17:21:56.263739
870.96484375,582.890625,2.0625,1.5707963267948966,2026-07-09 17:21:56.264768
870.96484375,584.265625,1.375,1.5707963267948966,2026-07-09 17:21:56.268023
870.96484375,585.640625,1.375,1.5707963267948966,2026-07-09 17:21:56.268385
870.96484375,587.015625,1.375,1.5707963267948966,2026-07-09 17:21:56.268742
870.96484375,588.390625,1.375,1.5707963267948966,2026-07-09 17:21:56.269139
870.27734375,589.765625,1.5372967345311055,2.0344439357957027,2026-07-09 17:21:56.269787
870.27734375,591.828125,2.0625,1.5707963267948966,2026-07-09 17:21:56.270773
870.27734375,593.203125,1.375,1.5707963267948966,2026-07-09 17:21:56.271853
869.58984375,594.578125,1.5372967345311055,2.0344439357957027,2026-07-09 17:21:56.272840
869.58984375,595.953125,1.375,1.5707963267948966,2026-07-09 17:21:56.273773
869.58984375,597.328125,1.375,1.5707963267948966,2026-07-09 17:21:56.274812
868.90234375,598.703125,1.5372967345311055,2.0344439357957027,2026-07-09 17:21:56.275712
868.90234375,600.765625,2.0625,1.5707963267948966,2026-07-09 17:21:56.276779
868.21484375,602.140625,1.5372967345311055,2.0344439357957027,2026-07-09 17:21:56.277789
868.21484375,603.515625,1.375,1.5707963267948966,2026-07-09 17:21:56.278708
868.21484375,605.578125,2.0625,1.5707963267948966,2026-07-09 17:21:56.279789
867.52734375,606.953125,1.5372967345311055,2.0344439357957027,2026-07-09 17:21:56.280710
867.52734375,608.328125,1.375,1.5707963267948966,2026-07-09 17:21:56.281785
866.83984375,609.703125,1.5372967345311055,2.0344439357957027,2026-07-09 17:21:56.283726
866.15234375,611.078125,1.5372967345311055,2.0344439357957027,2026-07-09 17:21:56.284237
866.15234375,612.453125,1.375,1.5707963267948966,2026-07-09 17:21:56.284726
865.46484375,614.515625,2.174065891365761,1.892546881191539,2026-07-09 17:21:56.285762
865.46484375,615.890625,1.375,1.5707963267948966,2026-07-09 17:21:56.286766
864.77734375,617.953125,2.174065891365761,1.892546881191539,2026-07-09 17:21:56.287690
864.77734375,619.328125,1.375,1.5707963267948966,2026-07-09 17:21:56.288831
864.08984375,620.703125,1.5372967345311055,2.0344439357957027,2026-07-09 17:21:56.289764
863.40234375,622.078125,1.5372967345311055,2.0344439357957027,2026-07-09 17:21:56.290685
862.71484375,623.453125,1.5372967345311055,2.0344439357957027,2026-07-09 17:21:56.291713
862.71484375,625.515625,2.0625,1.5707963267948966,2026-07-09 17:21:56.292715
862.02734375,626.890625,1.5372967345311055,2.0344439357957027,2026-07-09 17:21:56.293769
861.33984375,628.265625,1.5372967345311055,2.0344439357957027,2026-07-09 17:21:56.294702
861.33984375,629.640625,1.375,1.5707963267948966,2026-07-09 17:21:56.295783
860.65234375,631.015625,1.5372967345311055,2.0344439357957027,2026-07-09 17:21:56.296771
859.96484375,632.390625,1.5372967345311055,2.0344439357957027,2026-07-09 17:21:56.297697
859.27734375,633.765625,1.5372967345311055,2.0344439357957027,2026-07-09 17:21:56.300462
858.58984375,635.140625,1.5372967345311055,2.0344439357957027,2026-07-09 17:21:56.301017
858.58984375,636.515625,1.375,1.5707963267948966,2026-07-09 17:21:56.301414
857.90234375,638.578125,2.174065891365761,1.892546881191539,2026-07-09 17:21:56.301798
857.21484375,639.953125,1.5372967345311055,2.0344439357957027,2026-07-09 17:21:56.302801
856.52734375,641.328125,1.5372967345311055,2.0344439357957027,2026-07-09 17:21:56.303707
856.52734375,642.703125,1.375,1.5707963267948966,2026-07-09 17:21:56.304705
855.83984375,644.078125,1.5372967345311055,2.0344439357957027,2026-07-09 17:21:56.305765
855.15234375,645.453125,1.5372967345311055,2.0344439357957027,2026-07-09 17:21:56.306815
854.46484375,646.828125,1.5372967345311055,2.0344439357957027,2026-07-09 17:21:56.307785
853.77734375,648.203125,1.5372967345311055,2.0344439357957027,2026-07-09 17:21:56.308757
853.08984375,649.578125,1.5372967345311055,2.0344439357957027,2026-07-09 17:21:56.309715
852.40234375,650.953125,1.5372967345311055,2.0344439357957027,2026-07-09 17:21:56.310777
851.71484375,652.328125,1.5372967345311055,2.0344439357957027,2026-07-09 17:21:56.311704
851.71484375,653.703125,1.375,1.5707963267948966,2026-07-09 17:21:56.312789
851.02734375,655.078125,1.5372967345311055,2.0344439357957027,2026-07-09 17:21:56.313776
850.33984375,655.765625,0.9722718241315028,2.356194490192345,2026-07-09 17:21:56.314687
849.65234375,657.140625,1.5372967345311055,2.0344439357957027,2026-07-09 17:21:56.316958
848.96484375,658.515625,1.5372967345311055,2.0344439357957027,2026-07-09 17:21:56.317382
848.27734375,659.890625,1.5372967345311055,2.0344439357957027,2026-07-09 17:21:56.317834
847.58984375,661.265625,1.5372967345311055,2.0344439357957027,2026-07-09 17:21:56.318703
846.90234375,662.640625,1.5372967345311055,2.0344439357957027,2026-07-09 17:21:56.319767
846.21484375,663.328125,0.9722718241315028,2.356194490192345,2026-07-09 17:21:56.320701
845.52734375,664.703125,1.5372967345311055,2.0344439357957027,2026-07-09 17:21:56.321738
844.83984375,666.078125,1.5372967345311055,2.0344439357957027,2026-07-09 17:21:56.322697
844.15234375,666.765625,0.9722718241315028,2.356194490192345,2026-07-09 17:21:56.323696
843.46484375,668.140625,1.5372967345311055,2.0344439357957027,2026-07-09 17:21:56.324741
842.77734375,668.828125,0.9722718241315028,2.356194490192345,2026-07-09 17:21:56.325701
841.40234375,670.203125,1.9445436482630056,2.356194490192345,2026-07-09 17:21:56.326717
840.71484375,671.578125,1.5372967345311055,2.0344439357957027,2026-07-09 17:21:56.327704
840.02734375,672.953125,1.5372967345311055,2.0344439357957027,2026-07-09 17:21:56.328711
839.33984375,673.640625,0.9722718241315028,2.356194490192345,2026-07-09 17:21:56.329712
838.65234375,675.015625,1.5372967345311055,2.0344439357957027,2026-07-09 17:21:56.330803
837.96484375,676.390625,1.5372967345311055,2.0344439357957027,2026-07-09 17:21:56.331766
837.27734375,677.078125,0.9722718241315028,2.356194490192345,2026-07-09 17:21:56.333315
836.58984375,677.765625,0.9722718241315028,2.356194490192345,2026-07-09 17:21:56.333898
835.21484375,679.140625,1.9445436482630056,2.356194490192345,2026-07-09 17:21:56.334742
834.52734375,680.515625,1.5372967345311055,2.0344439357957027,2026-07-09 17:21:56.335812
833.83984375,681.890625,1.5372967345311055,2.0344439357957027,2026-07-09 17:21:56.336718
833.15234375,682.578125,0.9722718241315028,2.356194490192345,2026-07-09 17:21:56.337700
831.77734375,683.265625,1.5372967345311055,2.677945044588987,2026-07-09 17:21:56.338706
831.08984375,684.640625,1.5372967345311055,2.0344439357957027,2026-07-09 17:21:56.339781
830.40234375,686.015625,1.5372967345311055,2.0344439357957027,2026-07-09 17:21:56.340723
829.71484375,686.703125,0.9722718241315028,2.356194490192345,2026-07-09 17:21:56.341746
828.33984375,687.390625,1.5372967345311055,2.677945044588987,2026-07-09 17:21:56.342723
826.96484375,688.765625,1.9445436482630056,2.356194490192345,2026-07-09 17:21:56.343727
826.27734375,690.140625,1.5372967345311055,2.0344439357957027,2026-07-09 17:21:56.344720
825.58984375,690.828125,0.9722718241315028,2.356194490192345,2026-07-09 17:21:56.345718
824.90234375,691.515625,0.9722718241315028,2.356194490192345,2026-07-09 17:21:56.346707
823.52734375,692.890625,1.9445436482630056,2.356194490192345,2026-07-09 17:21:56.347743
822.83984375,693.578125,0.9722718241315028,2.356194490192345,2026-07-09 17:21:56.350526
821.46484375,694.953125,1.9445436482630056,2.356194490192345,2026-07-09 17:21:56.351179
820.77734375,695.640625,0.9722718241315028,2.356194490192345,2026-07-09 17:21:56.351587
818.71484375,697.703125,2.9168154723945086,2.356194490192345,2026-07-09 17:21:56.352120
818.02734375,698.390625,0.9722718241315028,2.356194490192345,2026-07-09 17:21:56.352715
816.65234375,699.765625,1.9445436482630056,2.356194490192345,2026-07-09 17:21:56.353719
815.96484375,700.453125,0.9722718241315028,2.356194490192345,2026-07-09 17:21:56.354702
815.27734375,701.828125,1.5372967345311055,2.0344439357957027,2026-07-09 17:21:56.355708
813.90234375,702.515625,1.5372967345311055,2.677945044588987,2026-07-09 17:21:56.356722
812.52734375,703.203125,1.5372967345311055,2.677945044588987,2026-07-09 17:21:56.357691
811.15234375,704.578125,1.9445436482630056,2.356194490192345,2026-07-09 17:21:56.358709
810.46484375,705.265625,0.9722718241315028,2.356194490192345,2026-07-09 17:21:56.359708
809.08984375,706.640625,1.9445436482630056,2.356194490192345,2026-07-09 17:21:56.360693
808.40234375,707.328125,0.9722718241315028,2.356194490192345,2026-07-09 17:21:56.361692
807.02734375,708.015625,1.5372967345311055,2.677945044588987,2026-07-09 17:21:56.362756
805.65234375,709.390625,1.9445436482630056,2.356194490192345,2026-07-09 17:21:56.363701
804.27734375,710.078125,1.5372967345311055,2.677945044588987,2026-07-09 17:21:56.364717
802.90234375,711.453125,1.9445436482630056,2.356194490192345,2026-07-09 17:21:56.367086
802.21484375,712.140625,0.9722718241315028,2.356194490192345,2026-07-09 17:21:56.367739
800.83984375,712.828125,1.5372967345311055,2.677945044588987,2026-07-09 17:21:56.368216
800.15234375,713.515625,0.9722718241315028,2.356194490192345,2026-07-09 17:21:56.368768
798.77734375,714.203125,1.5372967345311055,2.677945044588987,2026-07-09 17:21:56.369706
797.40234375,715.578125,1.9445436482630056,2.356194490192345,2026-07-09 17:21:56.370701
796.02734375,716.265625,1.5372967345311055,2.677945044588987,2026-07-09 17:21:56.371749
794.65234375,717.640625,1.9445436482630056,2.356194490192345,2026-07-09 17:21:56.372709
793.27734375,718.328125,1.5372967345311055,2.677945044588987,2026-07-09 17:21:56.373715
792.58984375,719.015625,0.9722718241315028,2.356194490192345,2026-07-09 17:21:56.374685
791.21484375,719.703125,1.5372967345311055,2.677945044588987,2026-07-09 17:21:56.375704
789.83984375,721.078125,1.9445436482630056,2.356194490192345,2026-07-09 17:21:56.376681
788.46484375,721.765625,1.5372967345311055,2.677945044588987,2026-07-09 17:21:56.377858
787.77734375,722.453125,0.9722718241315028,2.356194490192345,2026-07-09 17:21:56.378795
786.40234375,723.140625,1.5372967345311055,2.677945044588987,2026-07-09 17:21:56.379751
785.02734375,724.515625,1.9445436482630056,2.356194490192345,2026-07-09 17:21:56.380738
783.65234375,725.890625,1.9445436482630056,2.356194490192345,2026-07-09 17:21:56.381750
782.27734375,726.578125,1.5372967345311055,2.677945044588987,2026-07-09 17:21:56.384313
780.90234375,727.265625,1.5372967345311055,2.677945044588987,2026-07-09 17:21:56.384925
779.52734375,727.953125,1.5372967345311055,2.677945044588987,2026-07-09 17:21:56.385354
778.83984375,728.640625,0.9722718241315028,2.356194490192345,2026-07-09 17:21:56.385731
777.46484375,729.328125,1.5372967345311055,2.677945044588987,2026-07-09 17:21:56.386694
776.08984375,730.015625,1.5372967345311055,2.677945044588987,2026-07-09 17:21:56.387678
774.71484375,730.703125,1.5372967345311055,2.677945044588987,2026-07-09 17:21:56.388662
773.33984375,732.078125,1.9445436482630056,2.356194490192345,2026-07-09 17:21:56.389662
771.96484375,732.765625,1.5372967345311055,2.677945044588987,2026-07-09 17:21:56.390687
770.58984375,733.453125,1.5372967345311055,2.677945044588987,2026-07-09 17:21:56.391662
769.21484375,734.828125,1.9445436482630056,2.356194490192345,2026-07-09 17:21:56.392654
767.83984375,735.515625,1.5372967345311055,2.677945044588987,2026-07-09 17:21:56.393678
766.46484375,736.203125,1.5372967345311055,2.677945044588987,2026-07-09 17:21:56.394650
765.08984375,736.890625,1.5372967345311055,2.677945044588987,2026-07-09 17:21:56.395663
763.71484375,737.578125,1.5372967345311055,2.677945044588987,2026-07-09 17:21:56.396663
762.33984375,738.265625,1.5372967345311055,2.677945044588987,2026-07-09 17:21:56.397955
760.96484375,738.953125,1.5372967345311055,2.677945044588987,2026-07-09 17:21:56.401178
759.58984375,739.640625,1.5372967345311055,2.677945044588987,2026-07-09 17:21:56.401529
758.21484375,740.328125,1.5372967345311055,2.677945044588987,2026-07-09 17:21:56.401843
756.83984375,741.015625,1.5372967345311055,2.677945044588987,2026-07-09 17:21:56.402102
755.46484375,741.703125,1.5372967345311055,2.677945044588987,2026-07-09 17:21:56.402649
754.08984375,742.390625,1.5372967345311055,2.677945044588987,2026-07-09 17:21:56.403638
752.02734375,743.078125,2.174065891365761,2.819842099193151,2026-07-09 17:21:56.404711
751.33984375,743.765625,0.9722718241315028,2.356194490192345,2026-07-09 17:21:56.405814
749.96484375,744.453125,1.5372967345311055,2.677945044588987,2026-07-09 17:21:56.406799
747.90234375,745.140625,2.174065891365761,2.819842099193151,2026-07-09 17:21:56.407786
746.52734375,745.828125,1.5372967345311055,2.677945044588987,2026-07-09 17:21:56.408761
745.15234375,746.515625,1.5372967345311055,2.677945044588987,2026-07-09 17:21:56.409734
743.77734375,747.203125,1.5372967345311055,2.677945044588987,2026-07-09 17:21:56.410743
742.40234375,747.890625,1.5372967345311055,2.677945044588987,2026-07-09 17:21:56.411808
740.33984375,748.578125,2.174065891365761,2.819842099193151,2026-07-09 17:21:56.412774
738.96484375,749.265625,1.5372967345311055,2.677945044588987,2026-07-09 17:21:56.413786
737.58984375,749.953125,1.5372967345311055,2.677945044588987,2026-07-09 17:21:56.414745
736.21484375,750.640625,1.5372967345311055,2.677945044588987,2026-07-09 17:21:56.418245
734.83984375,751.328125,1.5372967345311055,2.677945044588987,2026-07-09 17:21:56.418673
733.46484375,752.015625,1.5372967345311055,2.677945044588987,2026-07-09 17:21:56.418916
732.08984375,752.703125,1.5372967345311055,2.677945044588987,2026-07-09 17:21:56.419161
730.71484375,753.390625,1.5372967345311055,2.677945044588987,2026-07-09 17:21:56.419726
728.65234375,754.078125,2.174065891365761,2.819842099193151,2026-07-09 17:21:56.420808
727.27734375,754.765625,1.5372967345311055,2.677945044588987,2026-07-09 17:21:56.421772
725.90234375,755.453125,1.5372967345311055,2.677945044588987,2026-07-09 17:21:56.422778
724.52734375,756.140625,1.5372967345311055,2.677945044588987,2026-07-09 17:21:56.423760
722.46484375,756.828125,2.174065891365761,2.819842099193151,2026-07-09 17:21:56.424826
721.77734375,757.515625,0.9722718241315028,2.356194490192345,2026-07-09 17:21:56.425752
720.40234375,758.203125,1.5372967345311055,2.677945044588987,2026-07-09 17:21:56.426773
719.02734375,758.890625,1.5372967345311055,2.677945044588987,2026-07-09 17:21:56.427761
716.96484375,759.578125,2.174065891365761,2.819842099193151,2026-07-09 17:21:56.428762
715.58984375,760.265625,1.5372967345311055,2.677945044588987,2026-07-09 17:21:56.429809
714.21484375,760.953125,1.5372967345311055,2.677945044588987,2026-07-09 17:21:56.430778
712.83984375,761.640625,1.5372967345311055,2.677945044588987,2026-07-09 17:21:56.431783
710.77734375,762.328125,2.174065891365761,2.819842099193151,2026-07-09 17:21:56.434211
708.71484375,762.328125,2.0625,3.141592653589793,2026-07-09 17:21:56.434720
707.33984375,763.015625,1.5372967345311055,2.677945044588987,2026-07-09 17:21:56.435031
705.96484375,763.703125,1.5372967345311055,2.677945044588987,2026-07-09 17:21:56.435696
704.58984375,764.390625,1.5372967345311055,2.677945044588987,2026-07-09 17:21:56.436801
703.21484375,765.078125,1.5372967345311055,2.677945044588987,2026-07-09 17:21:56.437654
701.83984375,765.765625,1.5372967345311055,2.677945044588987,2026-07-09 17:21:56.438984
700.46484375,766.453125,1.5372967345311055,2.677945044588987,2026-07-09 17:21:56.439733
698.40234375,767.140625,2.174065891365761,2.819842099193151,2026-07-09 17:21:56.440678
697.02734375,767.828125,1.5372967345311055,2.677945044588987,2026-07-09 17:21:56.441937
695.65234375,768.515625,1.5372967345311055,2.677945044588987,2026-07-09 17:21:56.443061
693.58984375,769.203125,2.174065891365761,2.819842099193151,2026-07-09 17:21:56.443830
692.21484375,769.890625,1.5372967345311055,2.677945044588987,2026-07-09 17:21:56.444854
690.15234375,770.578125,2.174065891365761,2.819842099193151,2026-07-09 17:21:56.445794
688.77734375,771.265625,1.5372967345311055,2.677945044588987,2026-07-09 17:21:56.446787
687.40234375,771.953125,1.5372967345311055,2.677945044588987,2026-07-09 17:21:56.447834
685.33984375,772.640625,2.174065891365761,2.819842099193151,2026-07-09 17:21:56.451569
683.96484375,773.328125,1.5372967345311055,2.677945044588987,2026-07-09 17:21:56.451967
682.58984375,774.015625,1.5372967345311055,2.677945044588987,2026-07-09 17:21:56.452237
681.21484375,774.703125,1.5372967345311055,2.677945044588987,2026-07-09 17:21:56.452477
679.83984375,775.390625,1.5372967345311055,2.677945044588987,2026-07-09 17:21:56.452758
677.77734375,775.390625,2.0625,3.141592653589793,2026-07-09 17:21:56.453911
676.40234375,776.078125,1.5372967345311055,2.677945044588987,2026-07-09 17:21:56.454761
675.02734375,776.765625,1.5372967345311055,2.677945044588987,2026-07-09 17:21:56.455840
672.96484375,777.453125,2.174065891365761,2.819842099193151,2026-07-09 17:21:56.456851
670.90234375,777.453125,2.0625,3.141592653589793,2026-07-09 17:21:56.457908
669.52734375,778.140625,1.5372967345311055,2.677945044588987,2026-07-09 17:21:56.458900
668.15234375,778.828125,1.5372967345311055,2.677945044588987,2026-07-09 17:21:56.459882
666.77734375,779.515625,1.5372967345311055,2.677945044588987,2026-07-09 17:21:56.460832
664.71484375,780.203125,2.174065891365761,2.819842099193151,2026-07-09 17:21:56.461816
663.33984375,780.890625,1.5372967345311055,2.677945044588987,2026-07-09 17:21:56.462759
661.96484375,780.890625,1.375,3.141592653589793,2026-07-09 17:21:56.463760
659.90234375,781.578125,2.174065891365761,2.819842099193151,2026-07-09 17:21:56.464764
657.83984375,781.578125,2.0625,3.141592653589793,2026-07-09 17:21:56.468173
656.46484375,782.265625,1.5372967345311055,2.677945044588987,2026-07-09 17:21:56.468554
655.08984375,782.953125,1.5372967345311055,2.677945044588987,2026-07-09 17:21:56.468896
653.71484375,783.640625,1.5372967345311055,2.677945044588987,2026-07-09 17:21:56.469260
651.65234375,783.640625,2.0625,3.141592653589793,2026-07-09 17:21:56.469778
650.27734375,784.328125,1.5372967345311055,2.677945044588987,2026-07-09 17:21:56.470778
648.21484375,784.328125,2.0625,3.141592653589793,2026-07-09 17:21:56.471802
646.15234375,785.015625,2.174065891365761,2.819842099193151,2026-07-09 17:21:56.472847
644.77734375,785.015625,1.375,3.141592653589793,2026-07-09 17:21:56.473717
643.40234375,785.703125,1.5372967345311055,2.677945044588987,2026-07-09 17:21:56.474828
641.33984375,786.390625,2.174065891365761,2.819842099193151,2026-07-09 17:21:56.475712
639.27734375,786.390625,2.0625,3.141592653589793,2026-07-09 17:21:56.476743
637.90234375,787.078125,1.5372967345311055,2.677945044588987,2026-07-09 17:21:56.477702
635.83984375,787.078125,2.0625,3.141592653589793,2026-07-09 17:21:56.478776
634.46484375,787.765625,1.5372967345311055,2.677945044588987,2026-07-09 17:21:56.479775
632.40234375,787.765625,2.0625,3.141592653589793,2026-07-09 17:21:56.480705
631.02734375,788.453125,1.5372967345311055,2.677945044588987,2026-07-09 17:21:56.481783
628.96484375,789.140625,2.174065891365761,2.819842099193151,2026-07-09 17:21:56.483826
627.58984375,789.140625,1.375,3.141592653589793,2026-07-09 17:21:56.484283
625.52734375,789.140625,2.0625,3.141592653589793,2026-07-09 17:21:56.484821
624.15234375,789.828125,1.5372967345311055,2.677945044588987,2026-07-09 17:21:56.485723
622.08984375,789.828125,2.0625,3.141592653589793,2026-07-09 17:21:56.486864
620.71484375,789.828125,1.375,3.141592653589793,2026-07-09 17:21:56.487700
618.65234375,790.515625,2.174065891365761,2.819842099193151,2026-07-09 17:21:56.488790
616.58984375,790.515625,2.0625,3.141592653589793,2026-07-09 17:21:56.489786
615.21484375,791.203125,1.5372967345311055,2.677945044588987,2026-07-09 17:21:56.490681
613.83984375,791.203125,1.375,3.141592653589793,2026-07-09 17:21:56.491884
611.77734375,791.890625,2.174065891365761,2.819842099193151,2026-07-09 17:21:56.492699
609.71484375,791.890625,2.0625,3.141592653589793,2026-07-09 17:21:56.493766
608.33984375,791.890625,1.375,3.141592653589793,2026-07-09 17:21:56.494774
606.27734375,792.578125,2.174065891365761,2.819842099193151,2026-07-09 17:21:56.495769
604.21484375,793.265625,2.174065891365761,2.819842099193151,2026-07-09 17:21:56.496802
602.15234375,793.265625,2.0625,3.141592653589793,2026-07-09 17:21:56.497764
600.77734375,793.265625,1.375,3.141592653589793,2026-07-09 17:21:56.500361
598.71484375,793.953125,2.174065891365761,2.819842099193151,2026-07-09 17:21:56.500917
596.65234375,793.953125,2.0625,3.141592653589793,2026-07-09 17:21:56.501320
594.58984375,794.640625,2.174065891365761,2.819842099193151,2026-07-09 17:21:56.501741
592.52734375,794.640625,2.0625,3.141592653589793,2026-07-09 17:21:56.502706
590.46484375,794.640625,2.0625,3.141592653589793,2026-07-09 17:21:56.503700
589.08984375,795.328125,1.5372967345311055,2.677945044588987,2026-07-09 17:21:56.504786
587.71484375,795.328125,1.375,3.141592653589793,2026-07-09 17:21:56.505688
584.96484375,795.328125,2.75,3.141592653589793,2026-07-09 17:21:56.506870
582.90234375,796.015625,2.174065891365761,2.819842099193151,2026-07-09 17:21:56.507772
581.52734375,796.015625,1.375,3.141592653589793,2026-07-09 17:21:56.508695
579.46484375,796.703125,2.174065891365761,2.819842099193151,2026-07-09 17:21:56.509707
578.08984375,796.703125,1.375,3.141592653589793,2026-07-09 17:21:56.510773
576.02734375,796.703125,2.0625,3.141592653589793,2026-07-09 17:21:56.511699
573.27734375,797.390625,2.834635117612142,2.896613990462929,2026-07-09 17:21:56.512780
571.90234375,797.390625,1.375,3.141592653589793,2026-07-09 17:21:56.513705
569.83984375,797.390625,2.0625,3.141592653589793,2026-07-09 17:21:56.514779
567.77734375,798.078125,2.174065891365761,2.819842099193151,2026-07-09 17:21:56.516999
565.71484375,798.078125,2.0625,3.141592653589793,2026-07-09 17:21:56.517455
563.65234375,798.765625,2.174065891365761,2.819842099193151,2026-07-09 17:21:56.517883
562.27734375,798.765625,1.375,3.141592653589793,2026-07-09 17:21:56.518715
560.21484375,798.765625,2.0625,3.141592653589793,2026-07-09 17:21:56.519783
558.15234375,799.453125,2.174065891365761,2.819842099193151,2026-07-09 17:21:56.520701
556.08984375,799.453125,2.0625,3.141592653589793,2026-07-09 17:21:56.521766
554.02734375,799.453125,2.0625,3.141592653589793,2026-07-09 17:21:56.522732
551.96484375,800.140625,2.174065891365761,2.819842099193151,2026-07-09 17:21:56.523679
549.90234375,800.140625,2.0625,3.141592653589793,2026-07-09 17:21:56.524813
547.83984375,800.828125,2.174065891365761,2.819842099193151,2026-07-09 17:21:56.525762
546.46484375,800.828125,1.375,3.141592653589793,2026-07-09 17:21:56.526705
544.40234375,800.828125,2.0625,3.141592653589793,2026-07-09 17:21:56.527785
542.33984375,800.828125,2.0625,3.141592653589793,2026-07-09 17:21:56.528699
540.27734375,801.515625,2.174065891365761,2.819842099193151,2026-07-09 17:21:56.529780
538.21484375,801.515625,2.0625,3.141592653589793,2026-07-09 17:21:56.530694
536.15234375,801.515625,2.0625,3.141592653589793,2026-07-09 17:21:56.531829
534.08984375,802.203125,2.174065891365761,2.819842099193151,2026-07-09 17:21:56.533505
532.02734375,802.203125,2.0625,3.141592653589793,2026-07-09 17:21:56.534116
529.96484375,802.203125,2.0625,3.141592653589793,2026-07-09 17:21:56.534727
527.90234375,802.890625,2.174065891365761,2.819842099193151,2026-07-09 17:21:56.535737
525.83984375,802.890625,2.0625,3.141592653589793,2026-07-09 17:21:56.536759
523.77734375,802.890625,2.0625,3.141592653589793,2026-07-09 17:21:56.537789
521.71484375,802.890625,2.0625,3.141592653589793,2026-07-09 17:21:56.538682
519.65234375,802.890625,2.0625,3.141592653589793,2026-07-09 17:21:56.539761
517.58984375,802.890625,2.0625,3.141592653589793,2026-07-09 17:21:56.540690
516.21484375,803.578125,1.5372967345311055,2.677945044588987,2026-07-09 17:21:56.541788
514.15234375,803.578125,2.0625,3.141592653589793,2026-07-09 17:21:56.542739
512.08984375,803.578125,2.0625,3.141592653589793,2026-07-09 17:21:56.543715
510.02734375,803.578125,2.0625,3.141592653589793,2026-07-09 17:21:56.544829
507.96484375,803.578125,2.0625,3.141592653589793,2026-07-09 17:21:56.545687
505.90234375,803.578125,2.0625,3.141592653589793,2026-07-09 17:21:56.546835
503.83984375,803.578125,2.0625,3.141592653589793,2026-07-09 17:21:56.547693
501.77734375,803.578125,2.0625,3.141592653589793,2026-07-09 17:21:56.550274
500.40234375,803.578125,1.375,3.141592653589793,2026-07-09 17:21:56.550731
498.33984375,803.578125,2.0625,3.141592653589793,2026-07-09 17:21:56.551169
496.27734375,804.265625,2.174065891365761,2.819842099193151,2026-07-09 17:21:56.551717
494.21484375,804.265625,2.0625,3.141592653589793,2026-07-09 17:21:56.552810
491.46484375,804.265625,2.75,3.141592653589793,2026-07-09 17:21:56.553748
490.08984375,804.265625,1.375,3.141592653589793,2026-07-09 17:21:56.554767
487.33984375,804.265625,2.75,3.141592653589793,2026-07-09 17:21:56.555743
485.27734375,804.265625,2.0625,3.141592653589793,2026-07-09 17:21:56.556778
483.90234375,804.265625,1.375,3.141592653589793,2026-07-09 17:21:56.557691
481.83984375,804.265625,2.0625,3.141592653589793,2026-07-09 17:21:56.558771
479.77734375,804.265625,2.0625,3.141592653589793,2026-07-09 17:21:56.559769
477.71484375,804.265625,2.0625,3.141592653589793,2026-07-09 17:21:56.560693
474.96484375,804.265625,2.75,3.141592653589793,2026-07-09 17:21:56.561773
472.90234375,804.265625,2.0625,3.141592653589793,2026-07-09 17:21:56.562747
470.83984375,804.265625,2.0625,3.141592653589793,2026-07-09 17:21:56.563769
468.77734375,804.265625,2.0625,3.141592653589793,2026-07-09 17:21:56.564693
466.71484375,804.265625,2.0625,3.141592653589793,2026-07-09 17:21:56.566912
464.65234375,803.578125,2.174065891365761,-2.819842099193151,2026-07-09 17:21:56.567427
462.58984375,803.578125,2.0625,3.141592653589793,2026-07-09 17:21:56.567922
460.52734375,803.578125,2.0625,3.141592653589793,2026-07-09 17:21:56.568720
457.77734375,803.578125,2.75,3.141592653589793,2026-07-09 17:21:56.569803
455.71484375,803.578125,2.0625,3.141592653589793,2026-07-09 17:21:56.570696
453.65234375,803.578125,2.0625,3.141592653589793,2026-07-09 17:21:56.571773
451.58984375,803.578125,2.0625,3.141592653589793,2026-07-09 17:21:56.572747
449.52734375,802.890625,2.174065891365761,-2.819842099193151,2026-07-09 17:21:56.573701
447.46484375,802.890625,2.0625,3.141592653589793,2026-07-09 17:21:56.574723
444.71484375,802.890625,2.75,3.141592653589793,2026-07-09 17:21:56.575838
442.65234375,802.890625,2.0625,3.141592653589793,2026-07-09 17:21:56.576699
440.58984375,802.890625,2.0625,3.141592653589793,2026-07-09 17:21:56.577755
438.52734375,802.203125,2.174065891365761,-2.819842099193151,2026-07-09 17:21:56.578768
436.46484375,802.203125,2.0625,3.141592653589793,2026-07-09 17:21:56.579766
433.71484375,802.203125,2.75,3.141592653589793,2026-07-09 17:21:56.580762
432.33984375,802.203125,1.375,3.141592653589793,2026-07-09 17:21:56.581770
430.27734375,802.203125,2.0625,3.141592653589793,2026-07-09 17:21:56.583403
428.21484375,801.515625,2.174065891365761,-2.819842099193151,2026-07-09 17:21:56.584107
425.46484375,801.515625,2.75,3.141592653589793,2026-07-09 17:21:56.584736
423.40234375,801.515625,2.0625,3.141592653589793,2026-07-09 17:21:56.585778
421.33984375,801.515625,2.0625,3.141592653589793,2026-07-09 17:21:56.586748
419.27734375,801.515625,2.0625,3.141592653589793,2026-07-09 17:21:56.587693
416.52734375,801.515625,2.75,3.141592653589793,2026-07-09 17:21:56.588862
415.15234375,801.515625,1.375,3.141592653589793,2026-07-09 17:21:56.589715
413.08984375,800.828125,2.174065891365761,-2.819842099193151,2026-07-09 17:21:56.590753
410.33984375,800.828125,2.75,3.141592653589793,2026-07-09 17:21:56.591761
408.96484375,800.828125,1.375,3.141592653589793,2026-07-09 17:21:56.592772
406.90234375,800.140625,2.174065891365761,-2.819842099193151,2026-07-09 17:21:56.593731
404.15234375,800.140625,2.75,3.141592653589793,2026-07-09 17:21:56.594712
402.08984375,800.140625,2.0625,3.141592653589793,2026-07-09 17:21:56.595765
400.02734375,800.140625,2.0625,3.141592653589793,2026-07-09 17:21:56.596759
397.96484375,799.453125,2.174065891365761,-2.819842099193151,2026-07-09 17:21:56.597759
395.90234375,799.453125,2.0625,3.141592653589793,2026-07-09 17:21:56.600213
393.83984375,799.453125,2.0625,3.141592653589793,2026-07-09 17:21:56.600717
391.77734375,798.765625,2.174065891365761,-2.819842099193151,2026-07-09 17:21:56.601192
389.71484375,798.765625,2.0625,3.141592653589793,2026-07-09 17:21:56.601772
387.65234375,798.765625,2.0625,3.141592653589793,2026-07-09 17:21:56.602701
385.58984375,798.078125,2.174065891365761,-2.819842099193151,2026-07-09 17:21:56.603791
383.52734375,798.078125,2.0625,3.141592653589793,2026-07-09 17:21:56.604687
381.46484375,798.078125,2.0625,3.141592653589793,2026-07-09 17:21:56.605773
379.40234375,798.078125,2.0625,3.141592653589793,2026-07-09 17:21:56.606691
377.33984375,797.390625,2.174065891365761,-2.819842099193151,2026-07-09 17:21:56.607772
375.27734375,797.390625,2.0625,3.141592653589793,2026-07-09 17:21:56.608765
373.21484375,796.703125,2.174065891365761,-2.819842099193151,2026-07-09 17:21:56.609693
371.15234375,796.703125,2.0625,3.141592653589793,2026-07-09 17:21:56.610778
369.08984375,796.703125,2.0625,3.141592653589793,2026-07-09 17:21:56.611694
366.33984375,796.015625,2.834635117612142,-2.896613990462929,2026-07-09 17:21:56.612766
364.96484375,796.015625,1.375,3.141592653589793,2026-07-09 17:21:56.613675
362.90234375,796.015625,2.0625,3.141592653589793,2026-07-09 17:21:56.614836
360.83984375,795.328125,2.174065891365761,-2.819842099193151,2026-07-09 17:21:56.617745
358.77734375,795.328125,2.0625,3.141592653589793,2026-07-09 17:21:56.618125
356.71484375,794.640625,2.174065891365761,-2.819842099193151,2026-07-09 17:21:56.618470
354.65234375,794.640625,2.0625,3.141592653589793,2026-07-09 17:21:56.618881
352.58984375,793.953125,2.174065891365761,-2.819842099193151,2026-07-09 17:21:56.619683
350.52734375,793.953125,2.0625,3.141592653589793,2026-07-09 17:21:56.620816
348.46484375,793.265625,2.174065891365761,-2.819842099193151,2026-07-09 17:21:56.621683
346.40234375,793.265625,2.0625,3.141592653589793,2026-07-09 17:21:56.622773
344.33984375,792.578125,2.174065891365761,-2.819842099193151,2026-07-09 17:21:56.623692
342.96484375,791.890625,1.5372967345311055,-2.677945044588987,2026-07-09 17:21:56.624821
340.90234375,791.890625,2.0625,3.141592653589793,2026-07-09 17:21:56.625690
338.83984375,791.203125,2.174065891365761,-2.819842099193151,2026-07-09 17:21:56.626757
336.77734375,791.203125,2.0625,3.141592653589793,2026-07-09 17:21:56.627753
334.71484375,790.515625,2.174065891365761,-2.819842099193151,2026-07-09 17:21:56.628678
332.65234375,789.828125,2.174065891365761,-2.819842099193151,2026-07-09 17:21:56.629708
331.27734375,789.828125,1.375,3.141592653589793,2026-07-09 17:21:56.630756
329.21484375,789.140625,2.174065891365761,-2.819842099193151,2026-07-09 17:21:56.631825
327.15234375,788.453125,2.174065891365761,-2.819842099193151,2026-07-09 17:21:56.633686
325.08984375,787.765625,2.174065891365761,-2.819842099193151,2026-07-09 17:21:56.634261
323.02734375,787.765625,2.0625,3.141592653589793,2026-07-09 17:21:56.634717
320.96484375,787.078125,2.174065891365761,-2.819842099193151,2026-07-09 17:21:56.635747
318.90234375,787.078125,2.0625,3.141592653589793,2026-07-09 17:21:56.636774
317.52734375,786.390625,1.5372967345311055,-2.677945044588987,2026-07-09 17:21:56.637767
315.46484375,785.703125,2.174065891365761,-2.819842099193151,2026-07-09 17:21:56.638698
314.08984375,785.015625,1.5372967345311055,-2.677945044588987,2026-07-09 17:21:56.639781
312.71484375,784.328125,1.5372967345311055,-2.677945044588987,2026-07-09 17:21:56.640854
310.65234375,783.640625,2.174065891365761,-2.819842099193151,2026-07-09 17:21:56.641723
308.58984375,782.953125,2.174065891365761,-2.819842099193151,2026-07-09 17:21:56.642753
307.21484375,782.953125,1.375,3.141592653589793,2026-07-09 17:21:56.643772
305.15234375,782.265625,2.174065891365761,-2.819842099193151,2026-07-09 17:21:56.644688
303.08984375,781.578125,2.174065891365761,-2.819842099193151,2026-07-09 17:21:56.645863
301.71484375,780.890625,1.5372967345311055,-2.677945044588987,2026-07-09 17:21:56.646679
300.33984375,780.890625,1.375,3.141592653589793,2026-07-09 17:21:56.647770
297.58984375,780.203125,2.834635117612142,-2.896613990462929,2026-07-09 17:21:56.650363
296.21484375,779.515625,1.5372967345311055,-2.677945044588987,2026-07-09 17:21:56.650913
294.83984375,778.828125,1.5372967345311055,-2.677945044588987,2026-07-09 17:21:56.651402
293.46484375,778.140625,1.5372967345311055,-2.677945044588987,2026-07-09 17:21:56.651820
292.08984375,777.453125,1.5372967345311055,-2.677945044588987,2026-07-09 17:21:56.652825
290.71484375,776.765625,1.5372967345311055,-2.677945044588987,2026-07-09 17:21:56.653695
289.33984375,776.078125,1.5372967345311055,-2.677945044588987,2026-07-09 17:21:56.654715
287.96484375,775.390625,1.5372967345311055,-2.677945044588987,2026-07-09 17:21:56.655780
286.58984375,775.390625,1.375,3.141592653589793,2026-07-09 17:21:56.656762
284.52734375,774.703125,2.174065891365761,-2.819842099193151,2026-07-09 17:21:56.657683
283.15234375,774.015625,1.5372967345311055,-2.677945044588987,2026-07-09 17:21:56.658784
281.77734375,773.328125,1.5372967345311055,-2.677945044588987,2026-07-09 17:21:56.659773
280.40234375,772.640625,1.5372967345311055,-2.677945044588987,2026-07-09 17:21:56.660752
279.02734375,771.953125,1.5372967345311055,-2.677945044588987,2026-07-09 17:21:56.661780
277.65234375,771.265625,1.5372967345311055,-2.677945044588987,2026-07-09 17:21:56.662696
276.27734375,770.578125,1.5372967345311055,-2.677945044588987,2026-07-09 17:21:56.663771
275.58984375,770.578125,0.6875,3.141592653589793,2026-07-09 17:21:56.664692
274.21484375,769.890625,1.5372967345311055,-2.677945044588987,2026-07-09 17:21:56.666867
272.83984375,769.203125,1.5372967345311055,-2.677945044588987,2026-07-09 17:21:56.667339
272.15234375,768.515625,0.9722718241315028,-2.356194490192345,2026-07-09 17:21:56.667840
270.77734375,767.828125,1.5372967345311055,-2.677945044588987,2026-07-09 17:21:56.668699
269.40234375,767.140625,1.5372967345311055,-2.677945044588987,2026-07-09 17:21:56.669713
268.02734375,766.453125,1.5372967345311055,-2.677945044588987,2026-07-09 17:21:56.670734
266.65234375,765.765625,1.5372967345311055,-2.677945044588987,2026-07-09 17:21:56.671782
265.96484375,765.765625,0.6875,3.141592653589793,2026-07-09 17:21:56.672690
265.27734375,765.078125,0.9722718241315028,-2.356194490192345,2026-07-09 17:21:56.673755
264.58984375,764.390625,0.9722718241315028,-2.356194490192345,2026-07-09 17:21:56.674697
263.90234375,764.390625,0.6875,3.141592653589793,2026-07-09 17:21:56.675782
262.52734375,763.703125,1.5372967345311055,-2.677945044588987,2026-07-09 17:21:56.676702
261.83984375,763.015625,0.9722718241315028,-2.356194490192345,2026-07-09 17:21:56.677745
261.15234375,762.328125,0.9722718241315028,-2.356194490192345,2026-07-09 17:21:56.678756
259.77734375,761.640625,1.5372967345311055,-2.677945044588987,2026-07-09 17:21:56.679732
259.08984375,761.640625,0.6875,3.141592653589793,2026-07-09 17:21:56.680706
258.40234375,760.953125,0.9722718241315028,-2.356194490192345,2026-07-09 17:21:56.681767
257.71484375,760.265625,0.9722718241315028,-2.356194490192345,2026-07-09 17:21:56.683603
257.02734375,759.578125,0.9722718241315028,-2.356194490192345,2026-07-09 17:21:56.684260
256.33984375,758.890625,0.9722718241315028,-2.356194490192345,2026-07-09 17:21:56.684716
255.65234375,758.890625,0.6875,3.141592653589793,2026-07-09 17:21:56.685747
254.96484375,758.203125,0.9722718241315028,-2.356194490192345,2026-07-09 17:21:56.686695
254.27734375,757.515625,0.9722718241315028,-2.356194490192345,2026-07-09 17:21:56.687775
253.58984375,756.828125,0.9722718241315028,-2.356194490192345,2026-07-09 17:21:56.688733
252.90234375,756.140625,0.9722718241315028,-2.356194490192345,2026-07-09 17:21:56.690799
251.52734375,755.453125,1.5372967345311055,-2.677945044588987,2026-07-09 17:21:56.691691
250.83984375,754.765625,0.9722718241315028,-2.356194490192345,2026-07-09 17:21:56.692771
250.15234375,754.078125,0.9722718241315028,-2.356194490192345,2026-07-09 17:21:56.693705
249.46484375,753.390625,0.9722718241315028,-2.356194490192345,2026-07-09 17:21:56.694775
248.77734375,752.703125,0.9722718241315028,-2.356194490192345,2026-07-09 17:21:56.695753
248.08984375,752.015625,0.9722718241315028,-2.356194490192345,2026-07-09 17:21:56.696700
247.40234375,751.328125,0.9722718241315028,-2.356194490192345,2026-07-09 17:21:56.697838
246.71484375,750.640625,0.9722718241315028,-2.356194490192345,2026-07-09 17:21:56.700246
246.02734375,749.953125,0.9722718241315028,-2.356194490192345,2026-07-09 17:21:56.700745
246.02734375,749.265625,0.6875,-1.5707963267948966,2026-07-09 17:21:56.701179
245.33984375,748.578125,0.9722718241315028,-2.356194490192345,2026-07-09 17:21:56.701709
245.33984375,747.890625,0.6875,-1.5707963267948966,2026-07-09 17:21:56.702759
244.65234375,747.203125,0.9722718241315028,-2.356194490192345,2026-07-09 17:21:56.703748
243.96484375,746.515625,0.9722718241315028,-2.356194490192345,2026-07-09 17:21:56.704759
243.27734375,745.828125,0.9722718241315028,-2.356194490192345,2026-07-09 17:21:56.705759
243.27734375,745.140625,0.6875,-1.5707963267948966,2026-07-09 17:21:56.706772
242.58984375,744.453125,0.9722718241315028,-2.356194490192345,2026-07-09 17:21:56.707685
242.58984375,743.765625,0.6875,-1.5707963267948966,2026-07-09 17:21:56.708870
241.90234375,743.078125,0.9722718241315028,-2.356194490192345,2026-07-09 17:21:56.709764
241.90234375,742.390625,0.6875,-1.5707963267948966,2026-07-09 17:21:56.710752
241.21484375,741.703125,0.9722718241315028,-2.356194490192345,2026-07-09 17:21:56.711688
240.52734375,741.015625,0.9722718241315028,-2.356194490192345,2026-07-09 17:21:56.712738
240.52734375,740.328125,0.6875,-1.5707963267948966,2026-07-09 17:21:56.713741
239.83984375,739.640625,0.9722718241315028,-2.356194490192345,2026-07-09 17:21:56.714682
239.83984375,738.953125,0.6875,-1.5707963267948966,2026-07-09 17:21:56.716971
239.15234375,737.578125,1.5372967345311055,-2.0344439357957027,2026-07-09 17:21:56.717396
239.15234375,736.890625,0.6875,-1.5707963267948966,2026-07-09 17:21:56.717859
238.46484375,736.203125,0.9722718241315028,-2.356194490192345,2026-07-09 17:21:56.718706
238.46484375,735.515625,0.6875,-1.5707963267948966,2026-07-09 17:21:56.719743
238.46484375,734.828125,0.6875,-1.5707963267948966,2026-07-09 17:21:56.720691
237.77734375,734.140625,0.9722718241315028,-2.356194490192345,2026-07-09 17:21:56.721912
237.77734375,733.453125,0.6875,-1.5707963267948966,2026-07-09 17:21:56.722677
237.08984375,732.765625,0.9722718241315028,-2.356194490192345,2026-07-09 17:21:56.723780
237.08984375,731.390625,1.375,-1.5707963267948966,2026-07-09 17:21:56.724697
237.08984375,730.703125,0.6875,-1.5707963267948966,2026-07-09 17:21:56.725702
236.40234375,730.015625,0.9722718241315028,-2.356194490192345,2026-07-09 17:21:56.726873
236.40234375,729.328125,0.6875,-1.5707963267948966,2026-07-09 17:21:56.727770
236.40234375,728.640625,0.6875,-1.5707963267948966,2026-07-09 17:21:56.728689
235.71484375,727.953125,0.9722718241315028,-2.356194490192345,2026-07-09 17:21:56.729788
235.71484375,727.265625,0.6875,-1.5707963267948966,2026-07-09 17:21:56.730686
235.71484375,726.578125,0.6875,-1.5707963267948966,2026-07-09 17:21:56.731774
235.02734375,725.203125,1.5372967345311055,-2.0344439357957027,2026-07-09 17:21:56.733493
235.02734375,724.515625,0.6875,-1.5707963267948966,2026-07-09 17:21:56.734143
235.02734375,723.828125,0.6875,-1.5707963267948966,2026-07-09 17:21:56.734709
235.02734375,723.140625,0.6875,-1.5707963267948966,2026-07-09 17:21:56.735776
235.02734375,722.453125,0.6875,-1.5707963267948966,2026-07-09 17:21:56.736699
235.02734375,721.765625,0.6875,-1.5707963267948966,2026-07-09 17:21:56.737777
235.02734375,720.390625,1.375,-1.5707963267948966,2026-07-09 17:21:56.738779
235.02734375,719.703125,0.6875,-1.5707963267948966,2026-07-09 17:21:56.739695
235.02734375,719.015625,0.6875,-1.5707963267948966,2026-07-09 17:21:56.740807
235.02734375,717.640625,1.375,-1.5707963267948966,2026-07-09 17:21:56.741813
235.02734375,716.953125,0.6875,-1.5707963267948966,2026-07-09 17:21:56.742720
235.02734375,716.265625,0.6875,-1.5707963267948966,2026-07-09 17:21:56.743828
235.02734375,715.578125,0.6875,-1.5707963267948966,2026-07-09 17:21:56.744795
235.02734375,714.203125,1.375,-1.5707963267948966,2026-07-09 17:21:56.745765
235.02734375,713.515625,0.6875,-1.5707963267948966,2026-07-09 17:21:56.746802
235.02734375,712.828125,0.6875,-1.5707963267948966,2026-07-09 17:21:56.747737
235.02734375,712.140625,0.6875,-1.5707963267948966,2026-07-09 17:21:56.750306
235.02734375,710.765625,1.375,-1.5707963267948966,2026-07-09 17:21:56.750731
235.02734375,710.078125,0.6875,-1.5707963267948966,2026-07-09 17:21:56.751162
235.02734375,709.390625,0.6875,-1.5707963267948966,2026-07-09 17:21:56.751714
235.02734375,708.703125,0.6875,-1.5707963267948966,2026-07-09 17:21:56.752779
235.02734375,707.328125,1.375,-1.5707963267948966,2026-07-09 17:21:56.753757
235.02734375,706.640625,0.6875,-1.5707963267948966,2026-07-09 17:21:56.754682
235.02734375,705.265625,1.375,-1.5707963267948966,2026-07-09 17:21:56.755769
235.71484375,704.578125,0.9722718241315028,-0.7853981633974483,2026-07-09 17:21:56.756686
235.71484375,703.203125,1.375,-1.5707963267948966,2026-07-09 17:21:56.757751
235.71484375,701.828125,1.375,-1.5707963267948966,2026-07-09 17:21:56.758700
235.71484375,701.140625,0.6875,-1.5707963267948966,2026-07-09 17:21:56.759791
235.71484375,699.765625,1.375,-1.5707963267948966,2026-07-09 17:21:56.760771
236.40234375,699.078125,0.9722718241315028,-0.7853981633974483,2026-07-09 17:21:56.761746
236.40234375,697.703125,1.375,-1.5707963267948966,2026-07-09 17:21:56.762761
236.40234375,696.328125,1.375,-1.5707963267948966,2026-07-09 17:21:56.763765
237.08984375,694.953125,1.5372967345311055,-1.1071487177940904,2026-07-09 17:21:56.764708
237.08984375,693.578125,1.375,-1.5707963267948966,2026-07-09 17:21:56.766968
237.08984375,692.203125,1.375,-1.5707963267948966,2026-07-09 17:21:56.767439
237.77734375,691.515625,0.9722718241315028,-0.7853981633974483,2026-07-09 17:21:56.767886
237.77734375,690.140625,1.375,-1.5707963267948966,2026-07-09 17:21:56.768691
238.46484375,688.765625,1.5372967345311055,-1.1071487177940904,2026-07-09 17:21:56.769846
238.46484375,687.390625,1.375,-1.5707963267948966,2026-07-09 17:21:56.770757
239.15234375,686.015625,1.5372967345311055,-1.1071487177940904,2026-07-09 17:21:56.771729
239.15234375,685.328125,0.6875,-1.5707963267948966,2026-07-09 17:21:56.772732
239.83984375,683.953125,1.5372967345311055,-1.1071487177940904,2026-07-09 17:21:56.773682
239.83984375,682.578125,1.375,-1.5707963267948966,2026-07-09 17:21:56.774781
240.52734375,680.515625,2.174065891365761,-1.2490457723982544,2026-07-09 17:21:56.775765
240.52734375,679.828125,0.6875,-1.5707963267948966,2026-07-09 17:21:56.776759
241.21484375,678.453125,1.5372967345311055,-1.1071487177940904,2026-07-09 17:21:56.777745
241.90234375,677.078125,1.5372967345311055,-1.1071487177940904,2026-07-09 17:21:56.778774
241.90234375,675.703125,1.375,-1.5707963267948966,2026-07-09 17:21:56.779797
242.58984375,674.328125,1.5372967345311055,-1.1071487177940904,2026-07-09 17:21:56.780766
242.58984375,672.953125,1.375,-1.5707963267948966,2026-07-09 17:21:56.781694
243.27734375,671.578125,1.5372967345311055,-1.1071487177940904,2026-07-09 17:21:56.783461
243.27734375,670.203125,1.375,-1.5707963267948966,2026-07-09 17:21:56.784049
243.96484375,668.828125,1.5372967345311055,-1.1071487177940904,2026-07-09 17:21:56.784765
243.96484375,667.453125,1.375,-1.5707963267948966,2026-07-09 17:21:56.785765
244.65234375,666.078125,1.5372967345311055,-1.1071487177940904,2026-07-09 17:21:56.786684
245.33984375,664.703125,1.5372967345311055,-1.1071487177940904,2026-07-09 17:21:56.787883
245.33984375,664.015625,0.6875,-1.5707963267948966,2026-07-09 17:21:56.788685
246.02734375,662.640625,1.5372967345311055,-1.1071487177940904,2026-07-09 17:21:56.789716
246.02734375,661.265625,1.375,-1.5707963267948966,2026-07-09 17:21:56.790671
246.71484375,659.890625,1.5372967345311055,-1.1071487177940904,2026-07-09 17:21:56.791848
246.71484375,659.203125,0.6875,-1.5707963267948966,2026-07-09 17:21:56.792723
247.40234375,657.828125,1.5372967345311055,-1.1071487177940904,2026-07-09 17:21:56.793719
247.40234375,656.453125,1.375,-1.5707963267948966,2026-07-09 17:21:56.794753
248.08984375,655.078125,1.5372967345311055,-1.1071487177940904,2026-07-09 17:21:56.795707
248.08984375,654.390625,0.6875,-1.5707963267948966,2026-07-09 17:21:56.796712
248.77734375,653.015625,1.5372967345311055,-1.1071487177940904,2026-07-09 17:21:56.797768
248.77734375,651.640625,1.375,-1.5707963267948966,2026-07-09 17:21:56.800380
249.46484375,650.265625,1.5372967345311055,-1.1071487177940904,2026-07-09 17:21:56.800869
249.46484375,648.890625,1.375,-1.5707963267948966,2026-07-09 17:21:56.801286
249.46484375,648.203125,0.6875,-1.5707963267948966,2026-07-09 17:21:56.801730
250.15234375,646.828125,1.5372967345311055,-1.1071487177940904,2026-07-09 17:21:56.802930
250.15234375,645.453125,1.375,-1.5707963267948966,2026-07-09 17:21:56.803763
250.15234375,644.078125,1.375,-1.5707963267948966,2026-07-09 17:21:56.804701
250.83984375,642.703125,1.5372967345311055,-1.1071487177940904,2026-07-09 17:21:56.805773
250.83984375,641.328125,1.375,-1.5707963267948966,2026-07-09 17:21:56.806745
250.83984375,639.953125,1.375,-1.5707963267948966,2026-07-09 17:21:56.807726
251.52734375,638.578125,1.5372967345311055,-1.1071487177940904,2026-07-09 17:21:56.808765
251.52734375,637.890625,0.6875,-1.5707963267948966,2026-07-09 17:21:56.809758
251.52734375,636.515625,1.375,-1.5707963267948966,2026-07-09 17:21:56.810796
252.21484375,635.140625,1.5372967345311055,-1.1071487177940904,2026-07-09 17:21:56.811698
252.21484375,633.765625,1.375,-1.5707963267948966,2026-07-09 17:21:56.812771
252.21484375,633.078125,0.6875,-1.5707963267948966,2026-07-09 17:21:56.813710
252.90234375,631.703125,1.5372967345311055,-1.1071487177940904,2026-07-09 17:21:56.814772
252.90234375,630.328125,1.375,-1.5707963267948966,2026-07-09 17:21:56.817009
252.90234375,628.953125,1.375,-1.5707963267948966,2026-07-09 17:21:56.817537
252.90234375,627.578125,1.375,-1.5707963267948966,2026-07-09 17:21:56.818018
253.58984375,626.203125,1.5372967345311055,-1.1071487177940904,2026-07-09 17:21:56.818765
253.58984375,624.828125,1.375,-1.5707963267948966,2026-07-09 17:21:56.819760
253.58984375,624.140625,0.6875,-1.5707963267948966,2026-07-09 17:21:56.820695
253.58984375,622.765625,1.375,-1.5707963267948966,2026-07-09 17:21:56.821773
254.27734375,621.390625,1.5372967345311055,-1.1071487177940904,2026-07-09 17:21:56.822752
254.27734375,620.015625,1.375,-1.5707963267948966,2026-07-09 17:21:56.823744
254.27734375,618.640625,1.375,-1.5707963267948966,2026-07-09 17:21:56.824753
254.27734375,617.953125,0.6875,-1.5707963267948966,2026-07-09 17:21:56.825744
254.27734375,616.578125,1.375,-1.5707963267948966,2026-07-09 17:21:56.826729
254.96484375,615.203125,1.5372967345311055,-1.1071487177940904,2026-07-09 17:21:56.827741
254.96484375,613.828125,1.375,-1.5707963267948966,2026-07-09 17:21:56.828700
254.96484375,612.453125,1.375,-1.5707963267948966,2026-07-09 17:21:56.829758
254.96484375,611.765625,0.6875,-1.5707963267948966,2026-07-09 17:21:56.830762
254.96484375,610.390625,1.375,-1.5707963267948966,2026-07-09 17:21:56.831758
255.65234375,608.328125,2.174065891365761,-1.2490457723982544,2026-07-09 17:21:56.833540
255.65234375,607.640625,0.6875,-1.5707963267948966,2026-07-09 17:21:56.834122
255.65234375,606.265625,1.375,-1.5707963267948966,2026-07-09 17:21:56.834701
255.65234375,605.578125,0.6875,-1.5707963267948966,2026-07-09 17:21:56.835730
256.33984375,604.203125,1.5372967345311055,-1.1071487177940904,2026-07-09 17:21:56.836860
256.33984375,602.828125,1.375,-1.5707963267948966,2026-07-09 17:21:56.837747
256.33984375,601.453125,1.375,-1.5707963267948966,2026-07-09 17:21:56.838798
257.02734375,600.078125,1.5372967345311055,-1.1071487177940904,2026-07-09 17:21:56.839770
257.02734375,598.703125,1.375,-1.5707963267948966,2026-07-09 17:21:56.840882
257.02734375,597.328125,1.375,-1.5707963267948966,2026-07-09 17:21:56.841789
257.02734375,595.953125,1.375,-1.5707963267948966,2026-07-09 17:21:56.842749
257.02734375,595.265625,0.6875,-1.5707963267948966,2026-07-09 17:21:56.843748
257.71484375,593.890625,1.5372967345311055,-1.1071487177940904,2026-07-09 17:21:56.844758
257.71484375,592.515625,1.375,-1.5707963267948966,2026-07-09 17:21:56.845761
257.71484375,591.140625,1.375,-1.5707963267948966,2026-07-09 17:21:56.846794
258.40234375,589.765625,1.5372967345311055,-1.1071487177940904,2026-07-09 17:21:56.847777
258.40234375,588.390625,1.375,-1.5707963267948966,2026-07-09 17:21:56.851459
258.40234375,587.015625,1.375,-1.5707963267948966,2026-07-09 17:21:56.851918
259.08984375,585.640625,1.5372967345311055,-1.1071487177940904,2026-07-09 17:21:56.852297
259.08984375,584.953125,0.6875,-1.5707963267948966,2026-07-09 17:21:56.852695
259.77734375,583.578125,1.5372967345311055,-1.1071487177940904,2026-07-09 17:21:56.853135
259.77734375,582.203125,1.375,-1.5707963267948966,2026-07-09 17:21:56.853803
259.77734375,580.828125,1.375,-1.5707963267948966,2026-07-09 17:21:56.854709
260.46484375,579.453125,1.5372967345311055,-1.1071487177940904,2026-07-09 17:21:56.855777
260.46484375,578.078125,1.375,-1.5707963267948966,2026-07-09 17:21:56.856705
261.15234375,576.703125,1.5372967345311055,-1.1071487177940904,2026-07-09 17:21:56.857739
261.15234375,575.328125,1.375,-1.5707963267948966,2026-07-09 17:21:56.858698
261.83984375,574.640625,0.9722718241315028,-0.7853981633974483,2026-07-09 17:21:56.859779
262.52734375,573.265625,1.5372967345311055,-1.1071487177940904,2026-07-09 17:21:56.860753
262.52734375,571.890625,1.375,-1.5707963267948966,2026-07-09 17:21:56.861678
263.21484375,570.515625,1.5372967345311055,-1.1071487177940904,2026-07-09 17:21:56.862763
263.21484375,569.140625,1.375,-1.5707963267948966,2026-07-09 17:21:56.863695
263.90234375,567.765625,1.5372967345311055,-1.1071487177940904,2026-07-09 17:21:56.864776
263.90234375,566.390625,1.375,-1.5707963267948966,2026-07-09 17:21:56.866989
264.58984375,565.015625,1.5372967345311055,-1.1071487177940904,2026-07-09 17:21:56.867443
265.27734375,564.328125,0.9722718241315028,-0.7853981633974483,2026-07-09 17:21:56.867824
265.96484375,562.953125,1.5372967345311055,-1.1071487177940904,2026-07-09 17:21:56.868707
266.65234375,561.578125,1.5372967345311055,-1.1071487177940904,2026-07-09 17:21:56.869743
266.65234375,560.203125,1.375,-1.5707963267948966,2026-07-09 17:21:56.870713
267.33984375,558.828125,1.5372967345311055,-1.1071487177940904,2026-07-09 17:21:56.871762
268.02734375,557.453125,1.5372967345311055,-1.1071487177940904,2026-07-09 17:21:56.872689
268.02734375,556.078125,1.375,-1.5707963267948966,2026-07-09 17:21:56.873738
268.71484375,555.390625,0.9722718241315028,-0.7853981633974483,2026-07-09 17:21:56.874694
269.40234375,554.015625,1.5372967345311055,-1.1071487177940904,2026-07-09 17:21:56.875867
269.40234375,552.640625,1.375,-1.5707963267948966,2026-07-09 17:21:56.876675
270.08984375,551.265625,1.5372967345311055,-1.1071487177940904,2026-07-09 17:21:56.877895
270.77734375,550.578125,0.9722718241315028,-0.7853981633974483,2026-07-09 17:21:56.878672
271.46484375,549.203125,1.5372967345311055,-1.1071487177940904,2026-07-09 17:21:56.879758
272.15234375,547.828125,1.5372967345311055,-1.1071487177940904,2026-07-09 17:21:56.880773
272.83984375,546.453125,1.5372967345311055,-1.1071487177940904,2026-07-09 17:21:56.881785
273.52734375,545.078125,1.5372967345311055,-1.1071487177940904,2026-07-09 17:21:56.883594
274.21484375,544.390625,0.9722718241315028,-0.7853981633974483,2026-07-09 17:21:56.884202
274.21484375,543.015625,1.375,-1.5707963267948966,2026-07-09 17:21:56.884709
274.90234375,541.640625,1.5372967345311055,-1.1071487177940904,2026-07-09 17:21:56.885766
275.58984375,540.953125,0.9722718241315028,-0.7853981633974483,2026-07-09 17:21:56.886696
276.27734375,539.578125,1.5372967345311055,-1.1071487177940904,2026-07-09 17:21:56.887770
276.96484375,538.203125,1.5372967345311055,-1.1071487177940904,2026-07-09 17:21:56.888692
277.65234375,536.828125,1.5372967345311055,-1.1071487177940904,2026-07-09 17:21:56.889771
278.33984375,536.140625,0.9722718241315028,-0.7853981633974483,2026-07-09 17:21:56.890692
279.02734375,534.765625,1.5372967345311055,-1.1071487177940904,2026-07-09 17:21:56.891778
279.71484375,534.078125,0.9722718241315028,-0.7853981633974483,2026-07-09 17:21:56.892722
280.40234375,532.703125,1.5372967345311055,-1.1071487177940904,2026-07-09 17:21:56.893749
281.08984375,531.328125,1.5372967345311055,-1.1071487177940904,2026-07-09 17:21:56.894765
281.77734375,530.640625,0.9722718241315028,-0.7853981633974483,2026-07-09 17:21:56.895686
282.46484375,529.265625,1.5372967345311055,-1.1071487177940904,2026-07-09 17:21:56.896756
283.15234375,527.890625,1.5372967345311055,-1.1071487177940904,2026-07-09 17:21:56.897770
283.83984375,526.515625,1.5372967345311055,-1.1071487177940904,2026-07-09 17:21:56.900401
283.83984375,525.140625,1.375,-1.5707963267948966,2026-07-09 17:21:56.900896
284.52734375,524.453125,0.9722718241315028,-0.7853981633974483,2026-07-09 17:21:56.901381
285.21484375,523.078125,1.5372967345311055,-1.1071487177940904,2026-07-09 17:21:56.901853
285.90234375,521.703125,1.5372967345311055,-1.1071487177940904,2026-07-09 17:21:56.902707
286.58984375,521.015625,0.9722718241315028,-0.7853981633974483,2026-07-09 17:21:56.903772
287.27734375,519.640625,1.5372967345311055,-1.1071487177940904,2026-07-09 17:21:56.904685
287.96484375,518.265625,1.5372967345311055,-1.1071487177940904,2026-07-09 17:21:56.905775
288.65234375,516.890625,1.5372967345311055,-1.1071487177940904,2026-07-09 17:21:56.906758
289.33984375,516.203125,0.9722718241315028,-0.7853981633974483,2026-07-09 17:21:56.907883
290.02734375,514.828125,1.5372967345311055,-1.1071487177940904,2026-07-09 17:21:56.908768
290.71484375,514.140625,0.9722718241315028,-0.7853981633974483,2026-07-09 17:21:56.909762
291.40234375,512.765625,1.5372967345311055,-1.1071487177940904,2026-07-09 17:21:56.910763
292.08984375,512.078125,0.9722718241315028,-0.7853981633974483,2026-07-09 17:21:56.911757
292.77734375,510.703125,1.5372967345311055,-1.1071487177940904,2026-07-09 17:21:56.912765
293.46484375,509.328125,1.5372967345311055,-1.1071487177940904,2026-07-09 17:21:56.913754
294.15234375,507.953125,1.5372967345311055,-1.1071487177940904,2026-07-09 17:21:56.914754
294.83984375,507.265625,0.9722718241315028,-0.7853981633974483,2026-07-09 17:21:56.917973
295.52734375,506.578125,0.9722718241315028,-0.7853981633974483,2026-07-09 17:21:56.918392
295.52734375,505.203125,1.375,-1.5707963267948966,2026-07-09 17:21:56.918784
296.21484375,504.515625,0.9722718241315028,-0.7853981633974483,2026-07-09 17:21:56.919181
296.90234375,503.828125,0.9722718241315028,-0.7853981633974483,2026-07-09 17:21:56.919708
297.58984375,502.453125,1.5372967345311055,-1.1071487177940904,2026-07-09 17:21:56.920759
298.27734375,501.078125,1.5372967345311055,-1.1071487177940904,2026-07-09 17:21:56.921824
298.96484375,499.703125,1.5372967345311055,-1.1071487177940904,2026-07-09 17:21:56.922772
299.65234375,499.015625,0.9722718241315028,-0.7853981633974483,2026-07-09 17:21:56.923771
300.33984375,498.328125,0.9722718241315028,-0.7853981633974483,2026-07-09 17:21:56.924791
301.02734375,497.640625,0.9722718241315028,-0.7853981633974483,2026-07-09 17:21:56.925743
301.71484375,496.265625,1.5372967345311055,-1.1071487177940904,2026-07-09 17:21:56.926784
302.40234375,495.578125,0.9722718241315028,-0.7853981633974483,2026-07-09 17:21:56.927772
303.08984375,494.890625,0.9722718241315028,-0.7853981633974483,2026-07-09 17:21:56.928757
303.77734375,493.515625,1.5372967345311055,-1.1071487177940904,2026-07-09 17:21:56.929769
304.46484375,492.140625,1.5372967345311055,-1.1071487177940904,2026-07-09 17:21:56.930750
305.15234375,491.453125,0.9722718241315028,-0.7853981633974483,2026-07-09 17:21:56.931779
305.15234375,490.765625,0.6875,-1.5707963267948966,2026-07-09 17:21:56.934382
305.83984375,490.078125,0.9722718241315028,-0.7853981633974483,2026-07-09 17:21:56.934935
306.52734375,489.390625,0.9722718241315028,-0.7853981633974483,2026-07-09 17:21:56.935355
307.21484375,488.703125,0.9722718241315028,-0.7853981633974483,2026-07-09 17:21:56.935776
307.90234375,488.015625,0.9722718241315028,-0.7853981633974483,2026-07-09 17:21:56.936706
308.58984375,486.640625,1.5372967345311055,-1.1071487177940904,2026-07-09 17:21:56.937772
309.27734375,485.953125,0.9722718241315028,-0.7853981633974483,2026-07-09 17:21:56.938687
309.27734375,485.265625,0.6875,-1.5707963267948966,2026-07-09 17:21:56.939767
309.96484375,484.578125,0.9722718241315028,-0.7853981633974483,2026-07-09 17:21:56.940773
310.65234375,483.890625,0.9722718241315028,-0.7853981633974483,2026-07-09 17:21:56.941694
311.33984375,483.203125,0.9722718241315028,-0.7853981633974483,2026-07-09 17:21:56.942820
312.02734375,482.515625,0.9722718241315028,-0.7853981633974483,2026-07-09 17:21:56.943691
312.02734375,481.828125,0.6875,-1.5707963267948966,2026-07-09 17:21:56.944706
312.71484375,480.453125,1.5372967345311055,-1.1071487177940904,2026-07-09 17:21:56.945843
313.40234375,479.765625,0.9722718241315028,-0.7853981633974483,2026-07-09 17:21:56.946779
313.40234375,479.078125,0.6875,-1.5707963267948966,2026-07-09 17:21:56.947742
314.08984375,478.390625,0.9722718241315028,-0.7853981633974483,2026-07-09 17:21:56.951316
314.77734375,477.703125,0.9722718241315028,-0.7853981633974483,2026-07-09 17:21:56.951713
315.46484375,477.015625,0.9722718241315028,-0.7853981633974483,2026-07-09 17:21:56.952073
316.15234375,476.328125,0.9722718241315028,-0.7853981633974483,2026-07-09 17:21:56.952435
316.15234375,475.640625,0.6875,-1.5707963267948966,2026-07-09 17:21:56.952785
316.15234375,474.953125,0.6875,-1.5707963267948966,2026-07-09 17:21:56.953781
316.83984375,474.265625,0.9722718241315028,-0.7853981633974483,2026-07-09 17:21:56.954767
316.83984375,473.578125,0.6875,-1.5707963267948966,2026-07-09 17:21:56.955756
317.52734375,472.890625,0.9722718241315028,-0.7853981633974483,2026-07-09 17:21:56.956772
317.52734375,472.203125,0.6875,-1.5707963267948966,2026-07-09 17:21:56.957799
318.21484375,471.515625,0.9722718241315028,-0.7853981633974483,2026-07-09 17:21:56.958777
318.21484375,470.828125,0.6875,-1.5707963267948966,2026-07-09 17:21:56.959776
318.90234375,470.828125,0.6875,0.0,2026-07-09 17:21:56.960768
319.58984375,470.140625,0.9722718241315028,-0.7853981633974483,2026-07-09 17:21:56.961768
319.58984375,469.453125,0.6875,-1.5707963267948966,2026-07-09 17:21:56.962760
320.27734375,468.765625,0.9722718241315028,-0.7853981633974483,2026-07-09 17:21:56.964790
320.27734375,468.078125,0.6875,-1.5707963267948966,2026-07-09 17:21:56.968133
320.96484375,468.078125,0.6875,0.0,2026-07-09 17:21:56.968518
320.96484375,467.390625,0.6875,-1.5707963267948966,2026-07-09 17:21:56.968859
321.65234375,466.703125,0.9722718241315028,-0.7853981633974483,2026-07-09 17:21:56.969222
321.65234375,466.015625,0.6875,-1.5707963267948966,2026-07-09 17:21:56.969745
322.33984375,465.328125,0.9722718241315028,-0.7853981633974483,2026-07-09 17:21:56.970754
322.33984375,464.640625,0.6875,-1.5707963267948966,2026-07-09 17:21:56.972932
323.02734375,463.953125,0.9722718241315028,-0.7853981633974483,2026-07-09 17:21:56.973734
323.71484375,463.265625,0.9722718241315028,-0.7853981633974483,2026-07-09 17:21:56.974774
323.71484375,462.578125,0.6875,-1.5707963267948966,2026-07-09 17:21:56.975745
324.40234375,461.890625,0.9722718241315028,-0.7853981633974483,2026-07-09 17:21:56.977792
324.40234375,461.203125,0.6875,-1.5707963267948966,2026-07-09 17:21:56.979821
325.08984375,460.515625,0.9722718241315028,-0.7853981633974483,2026-07-09 17:21:56.980783
325.08984375,459.828125,0.6875,-1.5707963267948966,2026-07-09 17:21:56.984997
325.77734375,459.140625,0.9722718241315028,-0.7853981633974483,2026-07-09 17:21:56.985364
325.77734375,458.453125,0.6875,-1.5707963267948966,2026-07-09 17:21:56.985699
326.46484375,457.765625,0.9722718241315028,-0.7853981633974483,2026-07-09 17:21:56.986816
326.46484375,457.078125,0.6875,-1.5707963267948966,2026-07-09 17:21:56.988911
327.15234375,456.390625,0.9722718241315028,-0.7853981633974483,2026-07-09 17:21:56.990831
327.15234375,455.703125,0.6875,-1.5707963267948966,2026-07-09 17:21:56.991833
327.83984375,455.015625,0.9722718241315028,-0.7853981633974483,2026-07-09 17:21:56.993944
327.83984375,454.328125,0.6875,-1.5707963267948966,2026-07-09 17:21:56.995948
328.52734375,453.640625,0.9722718241315028,-0.7853981633974483,2026-07-09 17:21:56.997939
328.52734375,452.953125,0.6875,-1.5707963267948966,2026-07-09 17:21:57.001374
329.21484375,452.265625,0.9722718241315028,-0.7853981633974483,2026-07-09 17:21:57.001819
329.21484375,451.578125,0.6875,-1.5707963267948966,2026-07-09 17:21:57.003999
329.90234375,451.578125,0.6875,0.0,2026-07-09 17:21:57.004780
329.90234375,450.890625,0.6875,-1.5707963267948966,2026-07-09 17:21:57.006858
330.58984375,450.203125,0.9722718241315028,-0.7853981633974483,2026-07-09 17:21:57.008842
330.58984375,449.515625,0.6875,-1.5707963267948966,2026-07-09 17:21:57.011854
331.27734375,449.515625,0.6875,0.0,2026-07-09 17:21:57.014900
331.27734375,448.828125,0.6875,-1.5707963267948966,2026-07-09 17:21:57.017947
331.27734375,448.140625,0.6875,-1.5707963267948966,2026-07-09 17:21:57.018834
331.96484375,448.140625,0.6875,0.0,2026-07-09 17:21:57.019845
331.96484375,447.453125,0.6875,-1.5707963267948966,2026-07-09 17:21:57.023871
332.65234375,447.453125,0.6875,0.0,2026-07-09 17:21:57.030034
332.65234375,446.765625,0.6875,-1.5707963267948966,2026-07-09 17:21:57.081723
333.33984375,446.765625,0.6875,0.0,2026-07-09 17:21:57.084130
333.33984375,446.078125,0.6875,-1.5707963267948966,2026-07-09 17:21:57.086068
334.02734375,446.078125,0.6875,0.0,2026-07-09 17:21:57.089378
334.02734375,445.390625,0.6875,-1.5707963267948966,2026-07-09 17:21:57.091081
334.71484375,445.390625,0.6875,0.0,2026-07-09 17:21:57.092557
335.40234375,444.703125,0.9722718241315028,-0.7853981633974483,2026-07-09 17:21:57.096382
335.40234375,444.015625,0.6875,-1.5707963267948966,2026-07-09 17:21:57.099157
336.08984375,444.015625,0.6875,0.0,2026-07-09 17:21:57.100011
336.08984375,443.328125,0.6875,-1.5707963267948966,2026-07-09 17:21:57.104132
336.77734375,443.328125,0.6875,0.0,2026-07-09 17:21:57.105528
336.77734375,442.640625,0.6875,-1.5707963267948966,2026-07-09 17:21:57.107123
337.46484375,442.640625,0.6875,0.0,2026-07-09 17:21:57.110246
337.46484375,441.953125,0.6875,-1.5707963267948966,2026-07-09 17:21:57.112086
338.15234375,441.953125,0.6875,0.0,2026-07-09 17:21:57.114108
338.15234375,441.265625,0.6875,-1.5707963267948966,2026-07-09 17:21:57.122932
338.83984375,441.265625,0.6875,0.0,2026-07-09 17:21:57.125520
338.83984375,440.578125,0.6875,-1.5707963267948966,2026-07-09 17:21:57.126311
338.83984375,439.890625,0.6875,-1.5707963267948966,2026-07-09 17:21:57.127066
339.52734375,439.890625,0.6875,0.0,2026-07-09 17:21:57.127710
339.52734375,439.203125,0.6875,-1.5707963267948966,2026-07-09 17:21:57.128280
340.21484375,439.203125,0.6875,0.0,2026-07-09 17:21:57.130242
340.21484375,438.515625,0.6875,-1.5707963267948966,2026-07-09 17:21:57.131135
340.21484375,437.828125,0.6875,-1.5707963267948966,2026-07-09 17:21:57.136219
340.90234375,437.828125,0.6875,0.0,2026-07-09 17:21:57.138187
340.90234375,437.140625,0.6875,-1.5707963267948966,2026-07-09 17:21:57.141187
341.58984375,437.140625,0.6875,0.0,2026-07-09 17:21:57.146264
342.27734375,436.453125,0.9722718241315028,-0.7853981633974483,2026-07-09 17:21:57.156028
342.27734375,435.765625,0.6875,-1.5707963267948966,2026-07-09 17:21:57.157455
