x,y,Magnitude,Direction,time
495.5,439.4375,2.75,0.0,2026-07-09 17:22:41.918779
498.9375,440.125,3.5055759155950397,0.19739555984988075,2026-07-09 17:22:41.927264
503.75,440.8125,4.861359120657514,0.14189705460416394,2026-07-09 17:22:41.929184
507.1875,441.5,3.5055759155950397,0.19739555984988075,2026-07-09 17:22:41.930417
512.0,442.1875,4.861359120657514,0.14189705460416394,2026-07-09 17:22:41.931180
516.125,442.875,4.181899239580026,0.16514867741462683,2026-07-09 17:22:41.932215
520.9375,443.5625,4.861359120657514,0.14189705460416394,2026-07-09 17:22:41.933200
525.75,444.25,4.861359120657514,0.14189705460416394,2026-07-09 17:22:41.933955
530.5625,444.25,4.8125,0.0,2026-07-09 17:22:41.934614
536.0625,444.9375,5.5428022019552525,0.12435499454676144,2026-07-09 17:22:41.935145
542.25,444.9375,6.1875,0.0,2026-07-09 17:22:41.935847
547.75,445.625,5.5428022019552525,0.12435499454676144,2026-07-09 17:22:41.936399
553.9375,445.625,6.1875,0.0,2026-07-09 17:22:41.936953
560.8125,446.3125,6.909289489520612,0.09966865249116202,2026-07-09 17:22:41.937448
567.0,446.3125,6.1875,0.0,2026-07-09 17:22:41.937985
573.1875,447.0,6.225577282469474,0.11065722117389565,2026-07-09 17:22:41.938462
580.75,447.0,7.5625,0.0,2026-07-09 17:22:41.938955
587.625,447.0,6.875,0.0,2026-07-09 17:22:41.939405
595.1875,447.6875,7.593685699316242,0.09065988720074511,2026-07-09 17:22:41.939848
602.75,447.6875,7.5625,0.0,2026-07-09 17:22:41.940295
611.6875,448.375,8.963903307153641,0.07677189126977804,2026-07-09 17:22:41.940743
619.25,448.375,7.5625,0.0,2026-07-09 17:22:41.941364
627.5,448.375,8.25,0.0,2026-07-09 17:22:41.941883
635.75,449.0625,8.278596272919703,0.08314123188844123,2026-07-09 17:22:41.942370
645.375,449.75,9.649522332737511,0.07130746478529032,2026-07-09 17:22:41.942838
654.3125,449.75,8.9375,0.0,2026-07-09 17:22:41.943306
663.9375,450.4375,9.649522332737511,0.07130746478529032,2026-07-09 17:22:41.943758
673.5625,451.125,9.649522332737511,0.07130746478529032,2026-07-09 17:22:41.944184
683.1875,451.125,9.625,0.0,2026-07-09 17:22:41.944571
693.5,451.8125,10.335391260131374,0.06656816377582381,2026-07-09 17:22:41.944989
703.8125,451.8125,10.3125,0.0,2026-07-09 17:22:41.945377
714.125,452.5,10.335391260131374,0.06656816377582381,2026-07-09 17:22:41.945775
725.125,453.1875,11.021463435043461,0.06241880999595735,2026-07-09 17:22:41.946166
734.75,453.875,9.649522332737511,0.07130746478529032,2026-07-09 17:22:41.947230
745.75,454.5625,11.021463435043461,0.06241880999595735,2026-07-09 17:22:41.952023
757.4375,455.25,11.707703126574401,0.058755822715722696,2026-07-09 17:22:41.952439
768.4375,455.9375,11.021463435043461,0.06241880999595735,2026-07-09 17:22:41.953011
780.125,456.625,11.707703126574401,0.058755822715722696,2026-07-09 17:22:41.953495
791.8125,457.3125,11.707703126574401,0.058755822715722696,2026-07-09 17:22:41.953959
803.5,458.0,11.707703126574401,0.058755822715722696,2026-07-09 17:22:41.954404
815.875,458.6875,12.394082509407463,0.05549850524571683,2026-07-09 17:22:41.954771
827.5625,459.375,11.707703126574401,0.058755822715722696,2026-07-09 17:22:41.955136
840.625,460.0625,13.080579593427808,0.05258306161094172,2026-07-09 17:22:41.956128
853.0,461.4375,12.451154564938948,0.11065722117389565,2026-07-09 17:22:41.957277
865.375,462.125,12.394082509407463,0.05549850524571683,2026-07-09 17:22:41.958283
878.4375,462.8125,13.080579593427808,0.05258306161094172,2026-07-09 17:22:41.959283
890.8125,463.5,12.394082509407463,0.05549850524571683,2026-07-09 17:22:41.960242
903.875,464.1875,13.080579593427808,0.05258306161094172,2026-07-09 17:22:41.961297
915.5625,464.875,11.707703126574401,0.058755822715722696,2026-07-09 17:22:41.962270
929.3125,466.25,13.818578979041224,0.09966865249116202,2026-07-09 17:22:41.963121
943.0625,466.9375,13.76717677121929,0.04995839572194276,2026-07-09 17:22:41.964245
956.8125,467.625,13.76717677121929,0.04995839572194276,2026-07-09 17:22:41.967847
970.5625,468.3125,13.76717677121929,0.04995839572194276,2026-07-09 17:22:41.968248
983.625,469.0,13.080579593427808,0.05258306161094172,2026-07-09 17:22:41.968598
997.375,470.375,13.818578979041224,0.09966865249116202,2026-07-09 17:22:41.968958
1011.125,471.0625,13.76717677121929,0.04995839572194276,2026-07-09 17:22:41.969340
1024.875,471.75,13.76717677121929,0.04995839572194276,2026-07-09 17:22:41.970173
1038.625,472.4375,13.76717677121929,0.04995839572194276,2026-07-09 17:22:41.971138
1052.375,473.8125,13.818578979041224,0.09966865249116202,2026-07-09 17:22:41.972133
1065.4375,474.5,13.080579593427808,0.05258306161094172,2026-07-09 17:22:41.973166
1080.5625,475.1875,15.140616937562353,0.04542327942157701,2026-07-09 17:22:41.974146
1093.625,476.5625,13.134669057498176,0.10487693873023389,2026-07-09 17:22:41.975171
1107.375,477.25,13.76717677121929,0.04995839572194276,2026-07-09 17:22:41.976196
1119.75,477.9375,12.394082509407463,0.05549850524571683,2026-07-09 17:22:41.977244
1134.875,479.3125,15.187371398632484,0.09065988720074511,2026-07-09 17:22:41.978246
1148.625,480.0,13.76717677121929,0.04995839572194276,2026-07-09 17:22:41.979237
1163.0625,480.6875,14.45385977861969,0.047583103276983396,2026-07-09 17:22:41.980302
1175.4375,481.375,12.394082509407463,0.05549850524571683,2026-07-09 17:22:41.981214
1189.875,482.0625,14.45385977861969,0.047583103276983396,2026-07-09 17:22:41.984796
1202.9375,482.75,13.080579593427808,0.05258306161094172,2026-07-09 17:22:41.985206
1217.375,484.125,14.502828387938678,0.09495170634275632,2026-07-09 17:22:41.985579
1230.4375,484.8125,13.080579593427808,0.05258306161094172,2026-07-09 17:22:41.985949
1244.1875,485.5,13.76717677121929,0.04995839572194276,2026-07-09 17:22:41.986292
1257.25,486.1875,13.080579593427808,0.05258306161094172,2026-07-09 17:22:41.987218
1269.625,486.875,12.394082509407463,0.05549850524571683,2026-07-09 17:22:41.988189
1283.375,487.5625,13.76717677121929,0.04995839572194276,2026-07-09 17:22:41.989225
1296.4375,488.25,13.080579593427808,0.05258306161094172,2026-07-09 17:22:41.990206
1309.5,488.9375,13.080579593427808,0.05258306161094172,2026-07-09 17:22:41.991254
1321.875,489.625,12.394082509407463,0.05549850524571683,2026-07-09 17:22:41.992209
1334.25,491.0,12.451154564938948,0.11065722117389565,2026-07-09 17:22:41.993157
1347.3125,491.6875,13.080579593427808,0.05258306161094172,2026-07-09 17:22:41.994165
1359.6875,492.375,12.394082509407463,0.05549850524571683,2026-07-09 17:22:41.995150
1371.375,493.0625,11.707703126574401,0.058755822715722696,2026-07-09 17:22:41.996180
1383.75,493.75,12.394082509407463,0.05549850524571683,2026-07-09 17:22:41.997131
1394.75,494.4375,11.021463435043461,0.06241880999595735,2026-07-09 17:22:42.000931
1406.4375,495.125,11.707703126574401,0.058755822715722696,2026-07-09 17:22:42.001450
1418.125,495.8125,11.707703126574401,0.058755822715722696,2026-07-09 17:22:42.001898
1429.125,496.5,11.021463435043461,0.06241880999595735,2026-07-09 17:22:42.002280
1439.4375,497.1875,10.335391260131374,0.06656816377582381,2026-07-09 17:22:42.002731
1450.4375,497.875,11.021463435043461,0.06241880999595735,2026-07-09 17:22:42.003130
1460.0625,497.875,9.625,0.0,2026-07-09 17:22:42.004116
1469.6875,498.5625,9.649522332737511,0.07130746478529032,2026-07-09 17:22:42.005148
1469.98046875,499.25,0.7473198368011935,1.1679635629946623,2026-07-09 17:22:42.006111
1469.98046875,499.9375,0.6875,1.5707963267948966,2026-07-09 17:22:42.007163
1469.98046875,499.9375,0.0,0.0,2026-07-09 17:22:42.008174
1469.98046875,500.625,0.6875,1.5707963267948966,2026-07-09 17:22:42.009196
1469.98046875,500.625,0.0,0.0,2026-07-09 17:22:42.010169
1469.98046875,501.3125,0.6875,1.5707963267948966,2026-07-09 17:22:42.011114
1469.98046875,502.0,0.6875,1.5707963267948966,2026-07-09 17:22:42.012151
1469.98046875,502.6875,0.6875,1.5707963267948966,2026-07-09 17:22:42.013069
1469.98046875,502.6875,0.0,0.0,2026-07-09 17:22:42.014061
1469.98046875,503.375,0.6875,1.5707963267948966,2026-07-09 17:22:42.017189
1469.98046875,504.0625,0.6875,1.5707963267948966,2026-07-09 17:22:42.017798
1469.98046875,504.0625,0.0,0.0,2026-07-09 17:22:42.018220
1469.98046875,504.75,0.6875,1.5707963267948966,2026-07-09 17:22:42.018644
1469.98046875,504.75,0.0,0.0,2026-07-09 17:22:42.019133
1469.98046875,505.4375,0.6875,1.5707963267948966,2026-07-09 17:22:42.020163
1469.98046875,505.4375,0.0,0.0,2026-07-09 17:22:42.021123
1469.98046875,505.4375,0.0,0.0,2026-07-09 17:22:42.022174
1469.98046875,506.125,0.6875,1.5707963267948966,2026-07-09 17:22:42.023146
1469.98046875,506.125,0.0,0.0,2026-07-09 17:22:42.024113
1469.98046875,506.8125,0.6875,1.5707963267948966,2026-07-09 17:22:42.025181
1469.98046875,506.8125,0.0,0.0,2026-07-09 17:22:42.026115
1469.98046875,506.8125,0.0,0.0,2026-07-09 17:22:42.027161
1469.98046875,507.5,0.6875,1.5707963267948966,2026-07-09 17:22:42.028183
1469.98046875,507.5,0.0,0.0,2026-07-09 17:22:42.029156
1469.98046875,508.1875,0.6875,1.5707963267948966,2026-07-09 17:22:42.030174
1469.98046875,508.1875,0.0,0.0,2026-07-09 17:22:42.031157
1469.98046875,508.1875,0.0,0.0,2026-07-09 17:22:42.034609
1469.98046875,508.1875,0.0,0.0,2026-07-09 17:22:42.034962
1469.98046875,508.875,0.6875,1.5707963267948966,2026-07-09 17:22:42.035289
1469.98046875,508.875,0.0,0.0,2026-07-09 17:22:42.035674
1469.98046875,509.5625,0.6875,1.5707963267948966,2026-07-09 17:22:42.036130
1469.98046875,509.5625,0.0,0.0,2026-07-09 17:22:42.037139
1469.98046875,509.5625,0.0,0.0,2026-07-09 17:22:42.038157
1469.98046875,509.5625,0.0,0.0,2026-07-09 17:22:42.039178
1469.98046875,509.5625,0.0,0.0,2026-07-09 17:22:42.040123
1469.98046875,509.5625,0.0,0.0,2026-07-09 17:22:42.041148
1469.98046875,510.25,0.6875,1.5707963267948966,2026-07-09 17:22:42.043251
1469.98046875,510.25,0.0,0.0,2026-07-09 17:22:42.045214
1469.29296875,510.25,0.6875,3.141592653589793,2026-07-09 17:22:42.074682
1468.60546875,510.25,0.6875,3.141592653589793,2026-07-09 17:22:42.077415
1467.91796875,510.25,0.6875,3.141592653589793,2026-07-09 17:22:42.079347
1467.23046875,510.25,0.6875,3.141592653589793,2026-07-09 17:22:42.081223
1466.54296875,509.5625,0.9722718241315028,-2.356194490192345,2026-07-09 17:22:42.082112
1465.85546875,509.5625,0.6875,3.141592653589793,2026-07-09 17:22:42.085305
1465.16796875,509.5625,0.6875,3.141592653589793,2026-07-09 17:22:42.087291
1464.48046875,509.5625,0.6875,3.141592653589793,2026-07-09 17:22:42.088134
1463.79296875,509.5625,0.6875,3.141592653589793,2026-07-09 17:22:42.089260
1463.10546875,509.5625,0.6875,3.141592653589793,2026-07-09 17:22:42.091336
1462.41796875,509.5625,0.6875,3.141592653589793,2026-07-09 17:22:42.093361
1461.73046875,509.5625,0.6875,3.141592653589793,2026-07-09 17:22:42.095335
1461.04296875,509.5625,0.6875,3.141592653589793,2026-07-09 17:22:42.097349
1461.04296875,508.875,0.6875,-1.5707963267948966,2026-07-09 17:22:42.098281
1460.35546875,508.875,0.6875,3.141592653589793,2026-07-09 17:22:42.100373
1459.66796875,508.875,0.6875,3.141592653589793,2026-07-09 17:22:42.102366
1458.98046875,508.875,0.6875,3.141592653589793,2026-07-09 17:22:42.104332
1458.29296875,508.875,0.6875,3.141592653589793,2026-07-09 17:22:42.106274
1457.60546875,508.875,0.6875,3.141592653589793,2026-07-09 17:22:42.108294
1456.91796875,508.875,0.6875,3.141592653589793,2026-07-09 17:22:42.110152
1456.23046875,508.875,0.6875,3.141592653589793,2026-07-09 17:22:42.113294
1455.54296875,508.1875,0.9722718241315028,-2.356194490192345,2026-07-09 17:22:42.114138
1454.85546875,508.1875,0.6875,3.141592653589793,2026-07-09 17:22:42.117731
1454.16796875,508.1875,0.6875,3.141592653589793,2026-07-09 17:22:42.119220
1453.48046875,508.1875,0.6875,3.141592653589793,2026-07-09 17:22:42.122219
1452.79296875,508.1875,0.6875,3.141592653589793,2026-07-09 17:22:42.127317
1452.10546875,508.1875,0.6875,3.141592653589793,2026-07-09 17:22:42.139654
1451.41796875,508.1875,0.6875,3.141592653589793,2026-07-09 17:22:42.421202
1450.73046875,508.1875,0.6875,3.141592653589793,2026-07-09 17:22:42.426642
1450.04296875,508.1875,0.6875,3.141592653589793,2026-07-09 17:22:42.428522
1449.35546875,508.1875,0.6875,3.141592653589793,2026-07-09 17:22:42.429917
1448.66796875,508.1875,0.6875,3.141592653589793,2026-07-09 17:22:42.431454
1447.98046875,508.875,0.9722718241315028,2.356194490192345,2026-07-09 17:22:42.433128
1446.60546875,509.5625,1.5372967345311055,2.677945044588987,2026-07-09 17:22:42.434319
1445.91796875,509.5625,0.6875,3.141592653589793,2026-07-09 17:22:42.435398
1444.54296875,510.25,1.5372967345311055,2.677945044588987,2026-07-09 17:22:42.436300
1443.16796875,510.25,1.375,3.141592653589793,2026-07-09 17:22:42.436769
1441.10546875,510.9375,2.174065891365761,2.819842099193151,2026-07-09 17:22:42.437109
1439.04296875,510.9375,2.0625,3.141592653589793,2026-07-09 17:22:42.437418
1437.66796875,511.625,1.5372967345311055,2.677945044588987,2026-07-09 17:22:42.437713
1435.60546875,511.625,2.0625,3.141592653589793,2026-07-09 17:22:42.437988
1433.54296875,512.3125,2.174065891365761,2.819842099193151,2026-07-09 17:22:42.438276
1430.79296875,513.0,2.834635117612142,2.896613990462929,2026-07-09 17:22:42.438535
1428.73046875,513.6875,2.174065891365761,2.819842099193151,2026-07-09 17:22:42.438837
1425.98046875,514.375,2.834635117612142,2.896613990462929,2026-07-09 17:22:42.439243
1423.23046875,515.0625,2.834635117612142,2.896613990462929,2026-07-09 17:22:42.439578
1420.48046875,515.75,2.834635117612142,2.896613990462929,2026-07-09 17:22:42.440119
1417.04296875,516.4375,3.5055759155950397,2.9441970937399127,2026-07-09 17:22:42.441357
1414.29296875,517.125,2.834635117612142,2.896613990462929,2026-07-09 17:22:42.442080
1410.85546875,517.8125,3.5055759155950397,2.9441970937399127,2026-07-09 17:22:42.443363
1407.41796875,518.5,3.5055759155950397,2.9441970937399127,2026-07-09 17:22:42.444090
1403.29296875,519.1875,4.181899239580026,2.976443976175166,2026-07-09 17:22:42.445325
1399.16796875,519.875,4.181899239580026,2.976443976175166,2026-07-09 17:22:42.446381
1395.04296875,520.5625,4.181899239580026,2.976443976175166,2026-07-09 17:22:42.447435
1390.23046875,521.25,4.861359120657514,2.999695598985629,2026-07-09 17:22:42.451776
1385.41796875,522.625,5.005075548880356,2.8632929945846817,2026-07-09 17:22:42.452684
1381.29296875,523.3125,4.181899239580026,2.976443976175166,2026-07-09 17:22:42.453039
1376.48046875,524.6875,5.005075548880356,2.8632929945846817,2026-07-09 17:22:42.453367
1370.98046875,525.375,5.5428022019552525,3.017237659043032,2026-07-09 17:22:42.453667
1365.48046875,526.75,5.669270235224284,2.896613990462929,2026-07-09 17:22:42.453974
1359.98046875,528.125,5.669270235224284,2.896613990462929,2026-07-09 17:22:42.454284
1354.48046875,529.5,5.669270235224284,2.896613990462929,2026-07-09 17:22:42.455094
1348.29296875,530.875,6.33843681438886,2.922923707715851,2026-07-09 17:22:42.456012
1342.10546875,532.25,6.33843681438886,2.922923707715851,2026-07-09 17:22:42.457168
1335.91796875,532.9375,6.225577282469474,3.0309354324158977,2026-07-09 17:22:42.458012
1329.73046875,534.3125,6.33843681438886,2.922923707715851,2026-07-09 17:22:42.459037
1322.85546875,535.6875,7.011151831190079,2.9441970937399127,2026-07-09 17:22:42.460022
1315.98046875,537.0625,7.011151831190079,2.9441970937399127,2026-07-09 17:22:42.461157
1309.10546875,538.4375,7.011151831190079,2.9441970937399127,2026-07-09 17:22:42.462079
1302.23046875,539.8125,7.011151831190079,2.9441970937399127,2026-07-09 17:22:42.463081
1294.66796875,541.1875,7.686483672655527,2.961739153797315,2026-07-09 17:22:42.464128
1287.79296875,542.5625,7.011151831190079,2.9441970937399127,2026-07-09 17:22:42.466769
1280.23046875,543.9375,7.686483672655527,2.961739153797315,2026-07-09 17:22:42.467580
1272.66796875,545.3125,7.686483672655527,2.961739153797315,2026-07-09 17:22:42.468213
1265.10546875,546.6875,7.686483672655527,2.961739153797315,2026-07-09 17:22:42.468803
1257.54296875,548.0625,7.686483672655527,2.961739153797315,2026-07-09 17:22:42.469404
1249.29296875,549.4375,8.363798479160051,2.976443976175166,2026-07-09 17:22:42.470154
1240.35546875,550.8125,9.04265067610156,2.988943325194528,2026-07-09 17:22:42.471101
1232.79296875,552.875,7.838706047556574,2.875340604438868,2026-07-09 17:22:42.472114
1224.54296875,554.25,8.363798479160051,2.976443976175166,2026-07-09 17:22:42.473078
1215.60546875,555.625,9.04265067610156,2.988943325194528,2026-07-09 17:22:42.474092
1207.35546875,557.0,8.363798479160051,2.976443976175166,2026-07-09 17:22:42.475089
1198.41796875,558.375,9.04265067610156,2.988943325194528,2026-07-09 17:22:42.476104
1190.16796875,559.75,8.363798479160051,2.976443976175166,2026-07-09 17:22:42.477093
1181.23046875,561.125,9.04265067610156,2.988943325194528,2026-07-09 17:22:42.478081
1170.91796875,563.1875,10.516727746785119,2.9441970937399127,2026-07-09 17:22:42.479077
1161.98046875,564.5625,9.04265067610156,2.988943325194528,2026-07-09 17:22:42.480109
1153.04296875,565.9375,9.04265067610156,2.988943325194528,2026-07-09 17:22:42.481100
1144.10546875,567.3125,9.04265067610156,2.988943325194528,2026-07-09 17:22:42.483409
1135.85546875,568.6875,8.363798479160051,2.976443976175166,2026-07-09 17:22:42.483941
1126.91796875,570.0625,9.04265067610156,2.988943325194528,2026-07-09 17:22:42.484396
1117.98046875,572.125,9.172394044086854,2.9147938055359073,2026-07-09 17:22:42.485068
1109.04296875,573.5,9.04265067610156,2.988943325194528,2026-07-09 17:22:42.486087
1100.10546875,574.1875,8.963903307153641,3.064820762320015,2026-07-09 17:22:42.487071
1091.85546875,575.5625,8.363798479160051,2.976443976175166,2026-07-09 17:22:42.488045
1082.91796875,576.9375,9.04265067610156,2.988943325194528,2026-07-09 17:22:42.489043
1073.98046875,578.3125,9.04265067610156,2.988943325194528,2026-07-09 17:22:42.490050
1065.73046875,579.6875,8.363798479160051,2.976443976175166,2026-07-09 17:22:42.491051
1056.79296875,581.0625,9.04265067610156,2.988943325194528,2026-07-09 17:22:42.492081
1048.54296875,581.75,8.278596272919703,3.058451421701352,2026-07-09 17:22:42.493056
1040.29296875,583.125,8.363798479160051,2.976443976175166,2026-07-09 17:22:42.494046
1031.35546875,584.5,9.04265067610156,2.988943325194528,2026-07-09 17:22:42.495045
1023.79296875,585.1875,7.593685699316242,3.050932766389048,2026-07-09 17:22:42.496080
1015.54296875,586.5625,8.363798479160051,2.976443976175166,2026-07-09 17:22:42.497050
1007.98046875,587.9375,7.686483672655527,2.961739153797315,2026-07-09 17:22:42.499570
1000.41796875,588.625,7.593685699316242,3.050932766389048,2026-07-09 17:22:42.500122
992.16796875,590.0,8.363798479160051,2.976443976175166,2026-07-09 17:22:42.500545
983.91796875,591.375,8.363798479160051,2.976443976175166,2026-07-09 17:22:42.501120
977.04296875,592.75,7.011151831190079,2.9441970937399127,2026-07-09 17:22:42.502068
968.79296875,594.125,8.363798479160051,2.976443976175166,2026-07-09 17:22:42.503122
961.23046875,595.5,7.686483672655527,2.961739153797315,2026-07-09 17:22:42.504052
953.66796875,596.1875,7.593685699316242,3.050932766389048,2026-07-09 17:22:42.505109
946.79296875,597.5625,7.011151831190079,2.9441970937399127,2026-07-09 17:22:42.506037
939.23046875,598.9375,7.686483672655527,2.961739153797315,2026-07-09 17:22:42.507144
932.35546875,599.625,6.909289489520612,3.0419240010986313,2026-07-09 17:22:42.508080
925.48046875,601.0,7.011151831190079,2.9441970937399127,2026-07-09 17:22:42.509206
919.29296875,602.375,6.33843681438886,2.922923707715851,2026-07-09 17:22:42.510091
912.41796875,603.0625,6.909289489520612,3.0419240010986313,2026-07-09 17:22:42.511077
906.23046875,604.4375,6.33843681438886,2.922923707715851,2026-07-09 17:22:42.512088
900.73046875,605.8125,5.669270235224284,2.896613990462929,2026-07-09 17:22:42.513097
894.54296875,606.5,6.225577282469474,3.0309354324158977,2026-07-09 17:22:42.514076
889.04296875,607.1875,5.5428022019552525,3.017237659043032,2026-07-09 17:22:42.516494
883.54296875,608.5625,5.669270235224284,2.896613990462929,2026-07-09 17:22:42.517052
878.73046875,609.9375,5.005075548880356,2.8632929945846817,2026-07-09 17:22:42.517599
873.23046875,610.625,5.5428022019552525,3.017237659043032,2026-07-09 17:22:42.518134
868.41796875,611.3125,4.861359120657514,2.999695598985629,2026-07-09 17:22:42.519069
863.60546875,612.6875,5.005075548880356,2.8632929945846817,2026-07-09 17:22:42.520148
858.79296875,613.375,4.861359120657514,2.999695598985629,2026-07-09 17:22:42.521077
854.66796875,614.75,4.348131782731522,2.819842099193151,2026-07-09 17:22:42.522068
849.85546875,615.4375,4.861359120657514,2.999695598985629,2026-07-09 17:22:42.523046
845.73046875,616.125,4.181899239580026,2.976443976175166,2026-07-09 17:22:42.524123
841.60546875,617.5,4.348131782731522,2.819842099193151,2026-07-09 17:22:42.525056
837.48046875,618.1875,4.181899239580026,2.976443976175166,2026-07-09 17:22:42.526121
834.04296875,618.875,3.5055759155950397,2.9441970937399127,2026-07-09 17:22:42.527051
829.91796875,619.5625,4.181899239580026,2.976443976175166,2026-07-09 17:22:42.528113
827.16796875,620.25,2.834635117612142,2.896613990462929,2026-07-09 17:22:42.529042
823.73046875,620.9375,3.5055759155950397,2.9441970937399127,2026-07-09 17:22:42.530108
820.29296875,621.625,3.5055759155950397,2.9441970937399127,2026-07-09 17:22:42.531057
816.85546875,622.3125,3.5055759155950397,2.9441970937399127,2026-07-09 17:22:42.532768
814.10546875,623.6875,3.074593469062211,2.677945044588987,2026-07-09 17:22:42.533430
811.35546875,624.375,2.834635117612142,2.896613990462929,2026-07-09 17:22:42.534127
808.60546875,625.0625,2.834635117612142,2.896613990462929,2026-07-09 17:22:42.535063
805.85546875,625.75,2.834635117612142,2.896613990462929,2026-07-09 17:22:42.536094
803.79296875,626.4375,2.174065891365761,2.819842099193151,2026-07-09 17:22:42.537128
801.73046875,627.125,2.174065891365761,2.819842099193151,2026-07-09 17:22:42.538046
799.66796875,627.8125,2.174065891365761,2.819842099193151,2026-07-09 17:22:42.539167
797.60546875,628.5,2.174065891365761,2.819842099193151,2026-07-09 17:22:42.540033
795.54296875,629.1875,2.174065891365761,2.819842099193151,2026-07-09 17:22:42.541121
793.48046875,629.875,2.174065891365761,2.819842099193151,2026-07-09 17:22:42.542081
791.41796875,630.5625,2.174065891365761,2.819842099193151,2026-07-09 17:22:42.543084
790.04296875,630.5625,1.375,3.141592653589793,2026-07-09 17:22:42.544047
789.35546875,631.25,0.9722718241315028,2.356194490192345,2026-07-09 17:22:42.545110
787.98046875,631.9375,1.5372967345311055,2.677945044588987,2026-07-09 17:22:42.546044
786.60546875,632.625,1.5372967345311055,2.677945044588987,2026-07-09 17:22:42.547096
785.23046875,632.625,1.375,3.141592653589793,2026-07-09 17:22:42.549611
783.85546875,632.625,1.375,3.141592653589793,2026-07-09 17:22:42.550115
783.16796875,633.3125,0.9722718241315028,2.356194490192345,2026-07-09 17:22:42.550493
782.48046875,633.3125,0.6875,3.141592653589793,2026-07-09 17:22:42.551059
781.79296875,634.0,0.9722718241315028,2.356194490192345,2026-07-09 17:22:42.552130
781.10546875,634.0,0.6875,3.141592653589793,2026-07-09 17:22:42.553124
780.41796875,634.6875,0.9722718241315028,2.356194490192345,2026-07-09 17:22:42.554122
779.73046875,634.6875,0.6875,3.141592653589793,2026-07-09 17:22:42.556238
778.35546875,634.6875,1.375,3.141592653589793,2026-07-09 17:22:42.557045
777.66796875,635.375,0.9722718241315028,2.356194490192345,2026-07-09 17:22:42.558111
776.98046875,635.375,0.6875,3.141592653589793,2026-07-09 17:22:42.559051
776.29296875,635.375,0.6875,3.141592653589793,2026-07-09 17:22:42.561188
776.29296875,636.0625,0.6875,1.5707963267948966,2026-07-09 17:22:42.566514
776.98046875,635.375,0.9722718241315028,-0.7853981633974483,2026-07-09 17:22:42.819555
777.66796875,635.375,0.6875,0.0,2026-07-09 17:22:42.825941
777.66796875,634.6875,0.6875,-1.5707963267948966,2026-07-09 17:22:42.828003
778.35546875,634.6875,0.6875,0.0,2026-07-09 17:22:42.829754
779.04296875,634.0,0.9722718241315028,-0.7853981633974483,2026-07-09 17:22:42.831552
779.73046875,633.3125,0.9722718241315028,-0.7853981633974483,2026-07-09 17:22:42.833303
780.41796875,632.625,0.9722718241315028,-0.7853981633974483,2026-07-09 17:22:42.834336
781.10546875,631.9375,0.9722718241315028,-0.7853981633974483,2026-07-09 17:22:42.835086
782.48046875,631.25,1.5372967345311055,-0.4636476090008061,2026-07-09 17:22:42.835716
783.85546875,630.5625,1.5372967345311055,-0.4636476090008061,2026-07-09 17:22:42.836343
785.23046875,629.875,1.5372967345311055,-0.4636476090008061,2026-07-09 17:22:42.836928
785.91796875,628.5,1.5372967345311055,-1.1071487177940904,2026-07-09 17:22:42.837526
787.29296875,627.8125,1.5372967345311055,-0.4636476090008061,2026-07-09 17:22:42.838224
788.66796875,626.4375,1.9445436482630056,-0.7853981633974483,2026-07-09 17:22:42.838817
790.04296875,625.0625,1.9445436482630056,-0.7853981633974483,2026-07-09 17:22:42.839465
792.10546875,623.0,2.9168154723945086,-0.7853981633974483,2026-07-09 17:22:42.840035
794.16796875,621.625,2.4788165018814925,-0.5880026035475675,2026-07-09 17:22:42.840592
795.54296875,620.25,1.9445436482630056,-0.7853981633974483,2026-07-09 17:22:42.841144
797.60546875,618.1875,2.9168154723945086,-0.7853981633974483,2026-07-09 17:22:42.841686
799.66796875,616.125,2.9168154723945086,-0.7853981633974483,2026-07-09 17:22:42.842161
801.73046875,614.0625,2.9168154723945086,-0.7853981633974483,2026-07-09 17:22:42.842742
803.79296875,612.0,2.9168154723945086,-0.7853981633974483,2026-07-09 17:22:42.843230
805.85546875,609.9375,2.9168154723945086,-0.7853981633974483,2026-07-09 17:22:42.843701
808.60546875,607.1875,3.8890872965260113,-0.7853981633974483,2026-07-09 17:22:42.844162
810.66796875,605.125,2.9168154723945086,-0.7853981633974483,2026-07-09 17:22:42.844621
813.41796875,602.375,3.8890872965260113,-0.7853981633974483,2026-07-09 17:22:42.845094
816.16796875,599.625,3.8890872965260113,-0.7853981633974483,2026-07-09 17:22:42.845573
818.91796875,596.875,3.8890872965260113,-0.7853981633974483,2026-07-09 17:22:42.846036
821.66796875,594.125,3.8890872965260113,-0.7853981633974483,2026-07-09 17:22:42.846500
824.41796875,591.375,3.8890872965260113,-0.7853981633974483,2026-07-09 17:22:42.847503
827.16796875,587.9375,4.402147913235083,-0.8960553845713439,2026-07-09 17:22:42.851106
829.91796875,585.1875,3.8890872965260113,-0.7853981633974483,2026-07-09 17:22:42.851663
833.35546875,581.75,4.861359120657514,-0.7853981633974483,2026-07-09 17:22:42.852143
836.79296875,578.3125,4.861359120657514,-0.7853981633974483,2026-07-09 17:22:42.852603
840.23046875,574.875,4.861359120657514,-0.7853981633974483,2026-07-09 17:22:42.853053
843.66796875,572.125,4.402147913235083,-0.6747409422235526,2026-07-09 17:22:42.853470
847.79296875,568.0,5.833630944789017,-0.7853981633974483,2026-07-09 17:22:42.854107
851.23046875,564.5625,4.861359120657514,-0.7853981633974483,2026-07-09 17:22:42.855313
855.35546875,561.125,5.369546652185825,-0.6947382761967031,2026-07-09 17:22:42.856471
858.79296875,557.6875,4.861359120657514,-0.7853981633974483,2026-07-09 17:22:42.857449
862.91796875,553.5625,5.833630944789017,-0.7853981633974483,2026-07-09 17:22:42.858165
867.04296875,549.4375,5.833630944789017,-0.7853981633974483,2026-07-09 17:22:42.859120
871.16796875,546.0,5.369546652185825,-0.6947382761967031,2026-07-09 17:22:42.860054
875.29296875,541.875,5.833630944789017,-0.7853981633974483,2026-07-09 17:22:42.861110
880.10546875,537.75,6.33843681438886,-0.7086262721276703,2026-07-09 17:22:42.862135
883.54296875,533.625,5.369546652185825,-0.8760580505981934,2026-07-09 17:22:42.863038
888.35546875,529.5,6.33843681438886,-0.7086262721276703,2026-07-09 17:22:42.864135
893.16796875,526.0625,5.914098621091806,-0.6202494859828215,2026-07-09 17:22:42.866312
897.98046875,521.9375,6.33843681438886,-0.7086262721276703,2026-07-09 17:22:42.866745
902.79296875,517.8125,6.33843681438886,-0.7086262721276703,2026-07-09 17:22:42.867138
907.60546875,513.0,6.80590276892052,-0.7853981633974483,2026-07-09 17:22:42.868107
912.41796875,508.1875,6.80590276892052,-0.7853981633974483,2026-07-09 17:22:42.869094
917.23046875,504.0625,6.33843681438886,-0.7086262721276703,2026-07-09 17:22:42.870113
922.73046875,499.9375,6.875,-0.6435011087932844,2026-07-09 17:22:42.871103
927.54296875,495.125,6.80590276892052,-0.7853981633974483,2026-07-09 17:22:42.872117
932.35546875,491.0,6.33843681438886,-0.7086262721276703,2026-07-09 17:22:42.873097
937.85546875,486.875,6.875,-0.6435011087932844,2026-07-09 17:22:42.874122
943.35546875,482.0625,7.308225246255072,-0.7188299996216245,2026-07-09 17:22:42.875119
948.85546875,477.25,7.308225246255072,-0.7188299996216245,2026-07-09 17:22:42.876123
954.35546875,473.125,6.875,-0.6435011087932844,2026-07-09 17:22:42.877090
959.85546875,469.0,6.875,-0.6435011087932844,2026-07-09 17:22:42.878106
965.35546875,464.1875,7.308225246255072,-0.7188299996216245,2026-07-09 17:22:42.879094
970.85546875,459.375,7.308225246255072,-0.7188299996216245,2026-07-09 17:22:42.880093
976.35546875,455.25,6.875,-0.6435011087932844,2026-07-09 17:22:42.881085
981.85546875,450.4375,7.308225246255072,-0.7188299996216245,2026-07-09 17:22:42.883381
987.35546875,446.3125,6.875,-0.6435011087932844,2026-07-09 17:22:42.883854
993.54296875,441.5,7.838706047556574,-0.6610431688506869,2026-07-09 17:22:42.884308
999.04296875,437.375,6.875,-0.6435011087932844,2026-07-09 17:22:42.885066
1004.54296875,433.25,6.875,-0.6435011087932844,2026-07-09 17:22:42.886131
1010.04296875,429.125,6.875,-0.6435011087932844,2026-07-09 17:22:42.887166
1015.54296875,424.3125,7.308225246255072,-0.7188299996216245,2026-07-09 17:22:42.888037
1021.73046875,420.1875,7.436449505644478,-0.5880026035475675,2026-07-09 17:22:42.889140
1027.23046875,416.0625,6.875,-0.6435011087932844,2026-07-09 17:22:42.890122
1032.73046875,411.9375,6.875,-0.6435011087932844,2026-07-09 17:22:42.891189
1038.23046875,407.125,7.308225246255072,-0.7188299996216245,2026-07-09 17:22:42.892111
1043.73046875,403.0,6.875,-0.6435011087932844,2026-07-09 17:22:42.893073
1049.23046875,399.5625,6.485862028288915,-0.5585993153435624,2026-07-09 17:22:42.894105
1054.73046875,394.75,7.308225246255072,-0.7188299996216245,2026-07-09 17:22:42.895025
1059.54296875,391.3125,5.914098621091806,-0.6202494859828215,2026-07-09 17:22:42.896121
1065.04296875,387.1875,6.875,-0.6435011087932844,2026-07-09 17:22:42.897038
1069.85546875,383.75,5.914098621091806,-0.6202494859828215,2026-07-09 17:22:42.899500
1074.66796875,379.625,6.33843681438886,-0.7086262721276703,2026-07-09 17:22:42.899982
1080.16796875,376.1875,6.485862028288915,-0.5585993153435624,2026-07-09 17:22:42.900503
1084.98046875,372.75,5.914098621091806,-0.6202494859828215,2026-07-09 17:22:42.901049
1089.79296875,368.625,6.33843681438886,-0.7086262721276703,2026-07-09 17:22:42.902118
1095.29296875,364.5,6.875,-0.6435011087932844,2026-07-09 17:22:42.903097
1099.41796875,361.75,4.957633003762985,-0.5880026035475675,2026-07-09 17:22:42.904066
1103.54296875,358.3125,5.369546652185825,-0.6947382761967031,2026-07-09 17:22:42.905152
1108.35546875,354.875,5.914098621091806,-0.6202494859828215,2026-07-09 17:22:42.906162
1113.16796875,351.4375,5.914098621091806,-0.6202494859828215,2026-07-09 17:22:42.907136
1117.29296875,347.3125,5.833630944789017,-0.7853981633974483,2026-07-09 17:22:42.908115
1121.41796875,344.5625,4.957633003762985,-0.5880026035475675,2026-07-09 17:22:42.909140
1125.54296875,341.125,5.369546652185825,-0.6947382761967031,2026-07-09 17:22:42.910047
1128.98046875,338.375,4.402147913235083,-0.6747409422235526,2026-07-09 17:22:42.911105
1132.41796875,335.625,4.402147913235083,-0.6747409422235526,2026-07-09 17:22:42.912110
1136.54296875,332.1875,5.369546652185825,-0.6947382761967031,2026-07-09 17:22:42.913102
1139.98046875,329.4375,4.402147913235083,-0.6747409422235526,2026-07-09 17:22:42.914019
1143.41796875,326.6875,4.402147913235083,-0.6747409422235526,2026-07-09 17:22:42.916255
1146.85546875,323.9375,4.402147913235083,-0.6747409422235526,2026-07-09 17:22:42.916756
1150.29296875,321.1875,4.402147913235083,-0.6747409422235526,2026-07-09 17:22:42.917234
1153.04296875,318.4375,3.8890872965260113,-0.7853981633974483,2026-07-09 17:22:42.918040
1155.79296875,316.375,3.4375,-0.6435011087932844,2026-07-09 17:22:42.919114
1158.54296875,314.3125,3.4375,-0.6435011087932844,2026-07-09 17:22:42.920040
1161.29296875,311.5625,3.8890872965260113,-0.7853981633974483,2026-07-09 17:22:42.921089
1164.04296875,309.5,3.4375,-0.6435011087932844,2026-07-09 17:22:42.922135
1166.79296875,306.75,3.8890872965260113,-0.7853981633974483,2026-07-09 17:22:42.923019
1168.85546875,304.6875,2.9168154723945086,-0.7853981633974483,2026-07-09 17:22:42.924098
1171.60546875,302.625,3.4375,-0.6435011087932844,2026-07-09 17:22:42.925117
1173.66796875,300.5625,2.9168154723945086,-0.7853981633974483,2026-07-09 17:22:42.926046
1175.04296875,298.5,2.4788165018814925,-0.982793723247329,2026-07-09 17:22:42.927165
1177.10546875,296.4375,2.9168154723945086,-0.7853981633974483,2026-07-09 17:22:42.928105
1179.16796875,294.375,2.9168154723945086,-0.7853981633974483,2026-07-09 17:22:42.929108
1181.23046875,292.3125,2.9168154723945086,-0.7853981633974483,2026-07-09 17:22:42.930035
1182.60546875,290.25,2.4788165018814925,-0.982793723247329,2026-07-09 17:22:42.931121
1183.98046875,288.875,1.9445436482630056,-0.7853981633974483,2026-07-09 17:22:42.932662
1186.04296875,286.8125,2.9168154723945086,-0.7853981633974483,2026-07-09 17:22:42.933292
1187.41796875,285.4375,1.9445436482630056,-0.7853981633974483,2026-07-09 17:22:42.934113
1188.10546875,284.0625,1.5372967345311055,-1.1071487177940904,2026-07-09 17:22:42.935045
1189.48046875,282.6875,1.9445436482630056,-0.7853981633974483,2026-07-09 17:22:42.936098
1190.85546875,281.3125,1.9445436482630056,-0.7853981633974483,2026-07-09 17:22:42.937113
1191.54296875,279.25,2.174065891365761,-1.2490457723982544,2026-07-09 17:22:42.938052
1192.91796875,277.875,1.9445436482630056,-0.7853981633974483,2026-07-09 17:22:42.939115
1193.60546875,276.5,1.5372967345311055,-1.1071487177940904,2026-07-09 17:22:42.940022
1194.29296875,275.125,1.5372967345311055,-1.1071487177940904,2026-07-09 17:22:42.941111
1194.98046875,274.4375,0.9722718241315028,-0.7853981633974483,2026-07-09 17:22:42.942160
1195.66796875,273.0625,1.5372967345311055,-1.1071487177940904,2026-07-09 17:22:42.943063
1196.35546875,272.375,0.9722718241315028,-0.7853981633974483,2026-07-09 17:22:42.944043
1197.04296875,271.0,1.5372967345311055,-1.1071487177940904,2026-07-09 17:22:42.945097
1197.73046875,270.3125,0.9722718241315028,-0.7853981633974483,2026-07-09 17:22:42.946100
1198.41796875,269.625,0.9722718241315028,-0.7853981633974483,2026-07-09 17:22:42.947037
1199.10546875,268.25,1.5372967345311055,-1.1071487177940904,2026-07-09 17:22:42.949510
1199.10546875,267.5625,0.6875,-1.5707963267948966,2026-07-09 17:22:42.949898
1199.79296875,266.875,0.9722718241315028,-0.7853981633974483,2026-07-09 17:22:42.950317
1199.79296875,266.1875,0.6875,-1.5707963267948966,2026-07-09 17:22:42.951050
1200.48046875,265.5,0.9722718241315028,-0.7853981633974483,2026-07-09 17:22:42.952080
1200.48046875,264.8125,0.6875,-1.5707963267948966,2026-07-09 17:22:42.953079
1201.16796875,264.125,0.9722718241315028,-0.7853981633974483,2026-07-09 17:22:42.955198
1201.16796875,262.75,1.375,-1.5707963267948966,2026-07-09 17:22:42.956102
1201.16796875,262.0625,0.6875,-1.5707963267948966,2026-07-09 17:22:42.958207
1201.16796875,261.375,0.6875,-1.5707963267948966,2026-07-09 17:22:42.959059
1201.85546875,260.6875,0.9722718241315028,-0.7853981633974483,2026-07-09 17:22:42.962232
1201.85546875,260.0,0.6875,-1.5707963267948966,2026-07-09 17:22:42.973252
1201.85546875,260.6875,0.6875,1.5707963267948966,2026-07-09 17:22:43.042984
1201.85546875,261.375,0.6875,1.5707963267948966,2026-07-09 17:22:43.049832
1201.85546875,262.0625,0.6875,1.5707963267948966,2026-07-09 17:22:43.191188
1201.16796875,262.0625,0.6875,3.141592653589793,2026-07-09 17:22:43.194928
1201.16796875,262.75,0.6875,1.5707963267948966,2026-07-09 17:22:43.195840
1200.48046875,262.75,0.6875,3.141592653589793,2026-07-09 17:22:43.196573
1199.79296875,263.4375,0.9722718241315028,2.356194490192345,2026-07-09 17:22:43.197268
1199.10546875,264.125,0.9722718241315028,2.356194490192345,2026-07-09 17:22:43.197989
1198.41796875,264.8125,0.9722718241315028,2.356194490192345,2026-07-09 17:22:43.198700
1197.73046875,265.5,0.9722718241315028,2.356194490192345,2026-07-09 17:22:43.199425
1197.04296875,266.1875,0.9722718241315028,2.356194490192345,2026-07-09 17:22:43.200027
1196.35546875,266.875,0.9722718241315028,2.356194490192345,2026-07-09 17:22:43.200730
1194.98046875,267.5625,1.5372967345311055,2.677945044588987,2026-07-09 17:22:43.201395
1193.60546875,268.25,1.5372967345311055,2.677945044588987,2026-07-09 17:22:43.202034
1192.23046875,269.625,1.9445436482630056,2.356194490192345,2026-07-09 17:22:43.202781
1190.85546875,270.3125,1.5372967345311055,2.677945044588987,2026-07-09 17:22:43.203409
1189.48046875,271.0,1.5372967345311055,2.677945044588987,2026-07-09 17:22:43.204012
1188.10546875,272.375,1.9445436482630056,2.356194490192345,2026-07-09 17:22:43.204737
1186.04296875,273.75,2.4788165018814925,2.5535900500422257,2026-07-09 17:22:43.205438
1184.66796875,274.4375,1.5372967345311055,2.677945044588987,2026-07-09 17:22:43.206195
1182.60546875,275.8125,2.4788165018814925,2.5535900500422257,2026-07-09 17:22:43.207147
1180.54296875,277.1875,2.4788165018814925,2.5535900500422257,2026-07-09 17:22:43.208124
1177.79296875,278.5625,3.074593469062211,2.677945044588987,2026-07-09 17:22:43.209149
1175.73046875,280.625,2.9168154723945086,2.356194490192345,2026-07-09 17:22:43.210120
1172.98046875,282.0,3.074593469062211,2.677945044588987,2026-07-09 17:22:43.211083
1170.91796875,283.375,2.4788165018814925,2.5535900500422257,2026-07-09 17:22:43.212075
1168.16796875,285.4375,3.4375,2.498091544796509,2026-07-09 17:22:43.213063
1165.41796875,286.8125,3.074593469062211,2.677945044588987,2026-07-09 17:22:43.214061
1161.98046875,288.875,4.008779427706144,2.601173153319209,2026-07-09 17:22:43.215057
1158.54296875,290.9375,4.008779427706144,2.601173153319209,2026-07-09 17:22:43.216103
1155.79296875,293.0,3.4375,2.498091544796509,2026-07-09 17:22:43.217036
1151.66796875,295.0625,4.611890203593316,2.677945044588987,2026-07-09 17:22:43.218026
1148.91796875,297.125,3.4375,2.498091544796509,2026-07-09 17:22:43.219082
1144.79296875,299.1875,4.611890203593316,2.677945044588987,2026-07-09 17:22:43.220015
1141.35546875,301.25,4.008779427706144,2.601173153319209,2026-07-09 17:22:43.221027
1136.54296875,303.3125,5.235844010281437,2.7367008673047097,2026-07-09 17:22:43.222013
1132.41796875,305.375,4.611890203593316,2.677945044588987,2026-07-09 17:22:43.223058
1127.60546875,307.4375,5.235844010281437,2.7367008673047097,2026-07-09 17:22:43.224019
1123.48046875,310.1875,4.957633003762985,2.5535900500422257,2026-07-09 17:22:43.225016
1118.66796875,312.9375,5.5428022019552525,2.62244653934327,2026-07-09 17:22:43.226020
1113.85546875,315.6875,5.5428022019552525,2.62244653934327,2026-07-09 17:22:43.227017
1108.35546875,317.75,5.874002574905803,2.782821983319221,2026-07-09 17:22:43.228023
1103.54296875,319.8125,5.235844010281437,2.7367008673047097,2026-07-09 17:22:43.229081
1098.04296875,323.25,6.485862028288915,2.5829933382462307,2026-07-09 17:22:43.230041
1091.85546875,326.0,6.771089738734822,2.723368324010564,2026-07-09 17:22:43.231126
1086.35546875,328.75,6.149186938124422,2.677945044588987,2026-07-09 17:22:43.233198
1080.16796875,331.5,6.771089738734822,2.723368324010564,2026-07-09 17:22:43.233802
1073.98046875,334.25,6.771089738734822,2.723368324010564,2026-07-09 17:22:43.234307
1067.10546875,337.0,7.404601609809943,2.761086276477428,2026-07-09 17:22:43.235040
1060.91796875,339.75,6.771089738734822,2.723368324010564,2026-07-09 17:22:43.236091
1054.73046875,342.5,6.771089738734822,2.723368324010564,2026-07-09 17:22:43.236993
1047.16796875,345.25,8.046981188619743,2.7928216500058864,2026-07-09 17:22:43.238100
1039.60546875,348.0,8.046981188619743,2.7928216500058864,2026-07-09 17:22:43.238996
1032.04296875,351.4375,8.307094106846268,2.714965160462917,2026-07-09 17:22:43.240086
1024.48046875,354.1875,8.046981188619743,2.7928216500058864,2026-07-09 17:22:43.241077
1016.91796875,357.625,8.307094106846268,2.714965160462917,2026-07-09 17:22:43.242071
1008.66796875,360.375,8.696263565463044,2.819842099193151,2026-07-09 17:22:43.242992
1000.41796875,363.125,8.696263565463044,2.819842099193151,2026-07-09 17:22:43.244064
992.85546875,366.5625,8.307094106846268,2.714965160462917,2026-07-09 17:22:43.245056
984.60546875,369.3125,8.696263565463044,2.819842099193151,2026-07-09 17:22:43.246057
975.66796875,372.75,9.575766940564082,2.774418819771574,2026-07-09 17:22:43.247013
967.41796875,376.1875,8.9375,2.746801533890032,2026-07-09 17:22:43.249573
958.48046875,378.9375,9.351010974755617,2.843093722003614,2026-07-09 17:22:43.250108
949.54296875,381.6875,9.351010974755617,2.843093722003614,2026-07-09 17:22:43.250596
940.60546875,385.125,9.575766940564082,2.774418819771574,2026-07-09 17:22:43.251144
930.98046875,387.875,10.010151097760712,2.8632929945846817,2026-07-09 17:22:43.252032
922.04296875,391.3125,9.575766940564082,2.774418819771574,2026-07-09 17:22:43.253086
912.41796875,394.75,10.220422263781472,2.79856871316909,2026-07-09 17:22:43.254001
902.79296875,398.1875,10.220422263781472,2.79856871316909,2026-07-09 17:22:43.255064
893.85546875,401.625,9.575766940564082,2.774418819771574,2026-07-09 17:22:43.256010
884.23046875,405.0625,10.220422263781472,2.79856871316909,2026-07-09 17:22:43.257064
873.91796875,408.5,10.870329456828804,2.819842099193151,2026-07-09 17:22:43.258011
863.60546875,411.25,10.672870103678767,2.8809902618424523,2026-07-09 17:22:43.259080
853.98046875,414.6875,10.220422263781472,2.79856871316909,2026-07-09 17:22:43.260018
844.35546875,418.125,10.220422263781472,2.79856871316909,2026-07-09 17:22:43.261159
834.04296875,421.5625,10.870329456828804,2.819842099193151,2026-07-09 17:22:43.262206
823.73046875,424.3125,10.672870103678767,2.8809902618424523,2026-07-09 17:22:43.263104
814.10546875,427.0625,10.010151097760712,2.8632929945846817,2026-07-09 17:22:43.264103
803.10546875,430.5,11.524600047290145,2.838707785214822,2026-07-09 17:22:43.266841
792.79296875,433.25,10.672870103678767,2.8809902618424523,2026-07-09 17:22:43.267245
781.79296875,436.6875,11.524600047290145,2.838707785214822,2026-07-09 17:22:43.267616
770.79296875,439.4375,11.338540470448567,2.896613990462929,2026-07-09 17:22:43.268102
760.48046875,442.1875,10.672870103678767,2.8809902618424523,2026-07-09 17:22:43.269074
750.16796875,444.9375,10.672870103678767,2.8809902618424523,2026-07-09 17:22:43.270103
739.85546875,448.375,10.870329456828804,2.819842099193151,2026-07-09 17:22:43.271118
729.54296875,451.125,10.672870103678767,2.8809902618424523,2026-07-09 17:22:43.272076
719.23046875,453.875,10.672870103678767,2.8809902618424523,2026-07-09 17:22:43.273079
708.91796875,457.3125,10.870329456828804,2.819842099193151,2026-07-09 17:22:43.274082
698.60546875,460.0625,10.672870103678767,2.8809902618424523,2026-07-09 17:22:43.275020
688.98046875,462.8125,10.010151097760712,2.8632929945846817,2026-07-09 17:22:43.276124
678.66796875,464.875,10.516727746785119,2.9441970937399127,2026-07-09 17:22:43.277077
668.35546875,467.625,10.672870103678767,2.8809902618424523,2026-07-09 17:22:43.278078
658.73046875,470.375,10.010151097760712,2.8632929945846817,2026-07-09 17:22:43.279071
648.41796875,473.125,10.672870103678767,2.8809902618424523,2026-07-09 17:22:43.280092
638.79296875,476.5625,10.220422263781472,2.79856871316909,2026-07-09 17:22:43.280996
628.48046875,478.625,10.516727746785119,2.9441970937399127,2026-07-09 17:22:43.282833
618.85546875,481.375,10.010151097760712,2.8632929945846817,2026-07-09 17:22:43.283474
609.23046875,484.125,10.010151097760712,2.8632929945846817,2026-07-09 17:22:43.284122
600.29296875,486.1875,9.172394044086854,2.9147938055359073,2026-07-09 17:22:43.285007
590.66796875,488.9375,10.010151097760712,2.8632929945846817,2026-07-09 17:22:43.286013
582.41796875,491.0,8.503905352836425,2.896613990462929,2026-07-09 17:22:43.287004
572.79296875,493.75,10.010151097760712,2.8632929945846817,2026-07-09 17:22:43.288038
563.16796875,496.5,10.010151097760712,2.8632929945846817,2026-07-09 17:22:43.289100
554.23046875,498.5625,9.172394044086854,2.9147938055359073,2026-07-09 17:22:43.290040
545.29296875,500.625,9.172394044086854,2.9147938055359073,2026-07-09 17:22:43.291091
537.04296875,502.6875,8.503905352836425,2.896613990462929,2026-07-09 17:22:43.292071
528.10546875,504.75,9.172394044086854,2.9147938055359073,2026-07-09 17:22:43.293070
519.85546875,507.5,8.696263565463044,2.819842099193151,2026-07-09 17:22:43.294067
512.29296875,508.875,7.686483672655527,2.961739153797315,2026-07-09 17:22:43.295068
504.04296875,510.9375,8.503905352836425,2.896613990462929,2026-07-09 17:22:43.296052
496.48046875,513.6875,8.046981188619743,2.7928216500058864,2026-07-09 17:22:43.297058
488.91796875,515.0625,7.686483672655527,2.961739153797315,2026-07-09 17:22:43.299447
481.35546875,517.125,7.838706047556574,2.875340604438868,2026-07-09 17:22:43.300024
474.48046875,518.5,7.011151831190079,2.9441970937399127,2026-07-09 17:22:43.300489
467.60546875,521.25,7.404601609809943,2.761086276477428,2026-07-09 17:22:43.301105
461.41796875,522.625,6.33843681438886,2.922923707715851,2026-07-09 17:22:43.302098
454.54296875,524.6875,7.177710724876003,2.8501358591119264,2026-07-09 17:22:43.303006
448.35546875,526.75,6.522197674097282,2.819842099193151,2026-07-09 17:22:43.304076
442.85546875,528.125,5.669270235224284,2.896613990462929,2026-07-09 17:22:43.305013
437.35546875,529.5,5.669270235224284,2.896613990462929,2026-07-09 17:22:43.306073
431.85546875,531.5625,5.874002574905803,2.782821983319221,2026-07-09 17:22:43.307090
425.66796875,533.625,6.522197674097282,2.819842099193151,2026-07-09 17:22:43.308072
420.85546875,535.0,5.005075548880356,2.8632929945846817,2026-07-09 17:22:43.309102
416.04296875,536.375,5.005075548880356,2.8632929945846817,2026-07-09 17:22:43.310066
411.23046875,537.75,5.005075548880356,2.8632929945846817,2026-07-09 17:22:43.311139
407.10546875,539.125,4.348131782731522,2.819842099193151,2026-07-09 17:22:43.312027
402.29296875,540.5,5.005075548880356,2.8632929945846817,2026-07-09 17:22:43.313018
398.16796875,541.875,4.348131782731522,2.819842099193151,2026-07-09 17:22:43.314085
394.04296875,543.9375,4.611890203593316,2.677945044588987,2026-07-09 17:22:43.316230
389.91796875,545.3125,4.348131782731522,2.819842099193151,2026-07-09 17:22:43.316767
386.48046875,546.0,3.5055759155950397,2.9441970937399127,2026-07-09 17:22:43.317267
383.04296875,547.375,3.7023008049049717,2.761086276477428,2026-07-09 17:22:43.318047
379.60546875,548.75,3.7023008049049717,2.761086276477428,2026-07-09 17:22:43.319016
376.85546875,550.125,3.074593469062211,2.677945044588987,2026-07-09 17:22:43.320064
374.10546875,551.5,3.074593469062211,2.677945044588987,2026-07-09 17:22:43.321021
371.35546875,552.1875,2.834635117612142,2.896613990462929,2026-07-09 17:22:43.322129
369.29296875,553.5625,2.4788165018814925,2.5535900500422257,2026-07-09 17:22:43.323084
366.54296875,554.25,2.834635117612142,2.896613990462929,2026-07-09 17:22:43.324091
364.48046875,555.625,2.4788165018814925,2.5535900500422257,2026-07-09 17:22:43.325082
362.41796875,556.3125,2.174065891365761,2.819842099193151,2026-07-09 17:22:43.326017
360.35546875,557.0,2.174065891365761,2.819842099193151,2026-07-09 17:22:43.327059
358.98046875,557.6875,1.5372967345311055,2.677945044588987,2026-07-09 17:22:43.328016
357.60546875,559.0625,1.9445436482630056,2.356194490192345,2026-07-09 17:22:43.329063
356.23046875,559.75,1.5372967345311055,2.677945044588987,2026-07-09 17:22:43.330025
354.16796875,560.4375,2.174065891365761,2.819842099193151,2026-07-09 17:22:43.331071
353.48046875,561.125,0.9722718241315028,2.356194490192345,2026-07-09 17:22:43.332858
352.79296875,561.8125,0.9722718241315028,2.356194490192345,2026-07-09 17:22:43.333467
352.10546875,562.5,0.9722718241315028,2.356194490192345,2026-07-09 17:22:43.334100
351.41796875,563.1875,0.9722718241315028,2.356194490192345,2026-07-09 17:22:43.335030
350.73046875,563.875,0.9722718241315028,2.356194490192345,2026-07-09 17:22:43.336048
350.04296875,564.5625,0.9722718241315028,2.356194490192345,2026-07-09 17:22:43.337086
348.66796875,564.5625,1.375,3.141592653589793,2026-07-09 17:22:43.339182
347.98046875,565.25,0.9722718241315028,2.356194490192345,2026-07-09 17:22:43.341222
347.29296875,564.5625,0.9722718241315028,-2.356194490192345,2026-07-09 17:22:43.677468
347.29296875,563.875,0.6875,-1.5707963267948966,2026-07-09 17:22:43.679058
347.29296875,563.1875,0.6875,-1.5707963267948966,2026-07-09 17:22:43.679998
347.29296875,562.5,0.6875,-1.5707963267948966,2026-07-09 17:22:43.680810
347.29296875,561.125,1.375,-1.5707963267948966,2026-07-09 17:22:43.681432
347.29296875,559.75,1.375,-1.5707963267948966,2026-07-09 17:22:43.682186
347.29296875,558.375,1.375,-1.5707963267948966,2026-07-09 17:22:43.683038
347.98046875,557.0,1.5372967345311055,-1.1071487177940904,2026-07-09 17:22:43.683729
347.98046875,555.625,1.375,-1.5707963267948966,2026-07-09 17:22:43.684502
347.98046875,554.25,1.375,-1.5707963267948966,2026-07-09 17:22:43.685246
347.98046875,552.875,1.375,-1.5707963267948966,2026-07-09 17:22:43.686159
348.66796875,550.8125,2.174065891365761,-1.2490457723982544,2026-07-09 17:22:43.687157
348.66796875,548.75,2.0625,-1.5707963267948966,2026-07-09 17:22:43.688135
348.66796875,546.6875,2.0625,-1.5707963267948966,2026-07-09 17:22:43.689187
348.66796875,544.625,2.0625,-1.5707963267948966,2026-07-09 17:22:43.690138
348.66796875,542.5625,2.0625,-1.5707963267948966,2026-07-09 17:22:43.691158
348.66796875,540.5,2.0625,-1.5707963267948966,2026-07-09 17:22:43.692206
348.66796875,538.4375,2.0625,-1.5707963267948966,2026-07-09 17:22:43.693095
348.66796875,535.6875,2.75,-1.5707963267948966,2026-07-09 17:22:43.694181
348.66796875,532.9375,2.75,-1.5707963267948966,2026-07-09 17:22:43.695181
348.66796875,530.875,2.0625,-1.5707963267948966,2026-07-09 17:22:43.696158
348.66796875,527.4375,3.4375,-1.5707963267948966,2026-07-09 17:22:43.697136
348.66796875,525.375,2.0625,-1.5707963267948966,2026-07-09 17:22:43.698113
348.66796875,521.9375,3.4375,-1.5707963267948966,2026-07-09 17:22:43.699102
348.66796875,519.1875,2.75,-1.5707963267948966,2026-07-09 17:22:43.700065
348.66796875,516.4375,2.75,-1.5707963267948966,2026-07-09 17:22:43.701059
348.66796875,513.0,3.4375,-1.5707963267948966,2026-07-09 17:22:43.702096
348.66796875,510.25,2.75,-1.5707963267948966,2026-07-09 17:22:43.703052
348.66796875,506.8125,3.4375,-1.5707963267948966,2026-07-09 17:22:43.704044
348.66796875,504.0625,2.75,-1.5707963267948966,2026-07-09 17:22:43.705070
348.66796875,500.625,3.4375,-1.5707963267948966,2026-07-09 17:22:43.706053
348.66796875,497.1875,3.4375,-1.5707963267948966,2026-07-09 17:22:43.707063
348.66796875,493.75,3.4375,-1.5707963267948966,2026-07-09 17:22:43.708052
348.66796875,490.3125,3.4375,-1.5707963267948966,2026-07-09 17:22:43.709034
348.66796875,486.875,3.4375,-1.5707963267948966,2026-07-09 17:22:43.710070
348.66796875,482.75,4.125,-1.5707963267948966,2026-07-09 17:22:43.711027
348.66796875,479.3125,3.4375,-1.5707963267948966,2026-07-09 17:22:43.712013
347.98046875,475.1875,4.181899239580026,-1.7359450042095235,2026-07-09 17:22:43.713083
347.98046875,471.0625,4.125,-1.5707963267948966,2026-07-09 17:22:43.714019
347.98046875,467.625,3.4375,-1.5707963267948966,2026-07-09 17:22:43.716585
347.98046875,463.5,4.125,-1.5707963267948966,2026-07-09 17:22:43.717229
347.98046875,460.75,2.75,-1.5707963267948966,2026-07-09 17:22:43.717704
347.29296875,456.625,4.181899239580026,-1.7359450042095235,2026-07-09 17:22:43.718169
347.29296875,452.5,4.125,-1.5707963267948966,2026-07-09 17:22:43.719024
347.29296875,448.375,4.125,-1.5707963267948966,2026-07-09 17:22:43.720008
347.29296875,444.25,4.125,-1.5707963267948966,2026-07-09 17:22:43.721010
346.60546875,440.8125,3.5055759155950397,-1.7681918866447774,2026-07-09 17:22:43.722076
346.60546875,436.0,4.8125,-1.5707963267948966,2026-07-09 17:22:43.723020
346.60546875,431.875,4.125,-1.5707963267948966,2026-07-09 17:22:43.724041
346.60546875,428.4375,3.4375,-1.5707963267948966,2026-07-09 17:22:43.725111
346.60546875,424.3125,4.125,-1.5707963267948966,2026-07-09 17:22:43.726041
346.60546875,420.1875,4.125,-1.5707963267948966,2026-07-09 17:22:43.727023
346.60546875,416.0625,4.125,-1.5707963267948966,2026-07-09 17:22:43.728055
345.91796875,411.9375,4.181899239580026,-1.7359450042095235,2026-07-09 17:22:43.729042
345.91796875,407.125,4.8125,-1.5707963267948966,2026-07-09 17:22:43.730202
345.91796875,402.3125,4.8125,-1.5707963267948966,2026-07-09 17:22:43.731109
345.23046875,397.5,4.861359120657514,-1.7126933813990606,2026-07-09 17:22:43.734416
345.23046875,394.0625,3.4375,-1.5707963267948966,2026-07-09 17:22:43.734895
344.54296875,389.25,4.861359120657514,-1.7126933813990606,2026-07-09 17:22:43.735413
344.54296875,385.125,4.125,-1.5707963267948966,2026-07-09 17:22:43.735890
343.85546875,381.0,4.181899239580026,-1.7359450042095235,2026-07-09 17:22:43.736409
343.85546875,376.1875,4.8125,-1.5707963267948966,2026-07-09 17:22:43.737107
343.16796875,371.375,4.861359120657514,-1.7126933813990606,2026-07-09 17:22:43.738013
343.16796875,366.5625,4.8125,-1.5707963267948966,2026-07-09 17:22:43.739100
342.48046875,362.4375,4.181899239580026,-1.7359450042095235,2026-07-09 17:22:43.740019
342.48046875,358.3125,4.125,-1.5707963267948966,2026-07-09 17:22:43.740999
341.79296875,354.1875,4.181899239580026,-1.7359450042095235,2026-07-09 17:22:43.742126
341.10546875,350.0625,4.181899239580026,-1.7359450042095235,2026-07-09 17:22:43.743007
340.41796875,345.25,4.861359120657514,-1.7126933813990606,2026-07-09 17:22:43.744097
339.73046875,340.4375,4.861359120657514,-1.7126933813990606,2026-07-09 17:22:43.745024
339.04296875,336.3125,4.181899239580026,-1.7359450042095235,2026-07-09 17:22:43.746033
339.04296875,331.5,4.8125,-1.5707963267948966,2026-07-09 17:22:43.747049
338.35546875,327.375,4.181899239580026,-1.7359450042095235,2026-07-09 17:22:43.749612
337.66796875,322.5625,4.861359120657514,-1.7126933813990606,2026-07-09 17:22:43.750156
336.98046875,318.4375,4.181899239580026,-1.7359450042095235,2026-07-09 17:22:43.750587
336.29296875,314.3125,4.181899239580026,-1.7359450042095235,2026-07-09 17:22:43.751100
335.60546875,309.5,4.861359120657514,-1.7126933813990606,2026-07-09 17:22:43.752013
334.91796875,305.375,4.181899239580026,-1.7359450042095235,2026-07-09 17:22:43.753044
334.23046875,300.5625,4.861359120657514,-1.7126933813990606,2026-07-09 17:22:43.754074
333.54296875,296.4375,4.181899239580026,-1.7359450042095235,2026-07-09 17:22:43.755032
332.85546875,291.625,4.861359120657514,-1.7126933813990606,2026-07-09 17:22:43.756089
332.16796875,287.5,4.181899239580026,-1.7359450042095235,2026-07-09 17:22:43.757021
331.48046875,283.375,4.181899239580026,-1.7359450042095235,2026-07-09 17:22:43.758009
330.79296875,279.25,4.181899239580026,-1.7359450042095235,2026-07-09 17:22:43.759108
330.10546875,274.4375,4.861359120657514,-1.7126933813990606,2026-07-09 17:22:43.759998
329.41796875,270.3125,4.181899239580026,-1.7359450042095235,2026-07-09 17:22:43.761090
328.73046875,266.1875,4.181899239580026,-1.7359450042095235,2026-07-09 17:22:43.762071
328.04296875,262.0625,4.181899239580026,-1.7359450042095235,2026-07-09 17:22:43.763063
327.35546875,257.25,4.861359120657514,-1.7126933813990606,2026-07-09 17:22:43.764001
326.66796875,253.125,4.181899239580026,-1.7359450042095235,2026-07-09 17:22:43.766465
325.29296875,249.0,4.348131782731522,-1.892546881191539,2026-07-09 17:22:43.767062
324.60546875,244.1875,4.861359120657514,-1.7126933813990606,2026-07-09 17:22:43.767563
323.91796875,240.0625,4.181899239580026,-1.7359450042095235,2026-07-09 17:22:43.768059
322.54296875,235.9375,4.348131782731522,-1.892546881191539,2026-07-09 17:22:43.769093
321.16796875,231.8125,4.348131782731522,-1.892546881191539,2026-07-09 17:22:43.770023
320.48046875,228.375,3.5055759155950397,-1.7681918866447774,2026-07-09 17:22:43.771072
319.79296875,224.25,4.181899239580026,-1.7359450042095235,2026-07-09 17:22:43.772060
318.41796875,220.125,4.348131782731522,-1.892546881191539,2026-07-09 17:22:43.773032
317.73046875,216.6875,3.5055759155950397,-1.7681918866447774,2026-07-09 17:22:43.774040
316.35546875,212.5625,4.348131782731522,-1.892546881191539,2026-07-09 17:22:43.775040
315.66796875,209.125,3.5055759155950397,-1.7681918866447774,2026-07-09 17:22:43.776027
314.98046875,205.6875,3.5055759155950397,-1.7681918866447774,2026-07-09 17:22:43.777075
313.60546875,201.5625,4.348131782731522,-1.892546881191539,2026-07-09 17:22:43.777997
312.23046875,198.125,3.7023008049049717,-1.9513027039072615,2026-07-09 17:22:43.779061
311.54296875,194.6875,3.5055759155950397,-1.7681918866447774,2026-07-09 17:22:43.780015
310.85546875,191.25,3.5055759155950397,-1.7681918866447774,2026-07-09 17:22:43.781075
309.48046875,187.8125,3.7023008049049717,-1.9513027039072615,2026-07-09 17:22:43.782679
308.79296875,184.375,3.5055759155950397,-1.7681918866447774,2026-07-09 17:22:43.783251
308.10546875,181.625,2.834635117612142,-1.8157749899217608,2026-07-09 17:22:43.784103
306.73046875,178.1875,3.7023008049049717,-1.9513027039072615,2026-07-09 17:22:43.785097
305.35546875,175.4375,3.074593469062211,-2.0344439357957027,2026-07-09 17:22:43.786014
304.66796875,172.0,3.5055759155950397,-1.7681918866447774,2026-07-09 17:22:43.787078
303.98046875,169.25,2.834635117612142,-1.8157749899217608,2026-07-09 17:22:43.788048
303.29296875,165.8125,3.5055759155950397,-1.7681918866447774,2026-07-09 17:22:43.789038
302.60546875,163.0625,2.834635117612142,-1.8157749899217608,2026-07-09 17:22:43.790131
301.91796875,160.3125,2.834635117612142,-1.8157749899217608,2026-07-09 17:22:43.791018
301.23046875,157.5625,2.834635117612142,-1.8157749899217608,2026-07-09 17:22:43.792064
300.54296875,154.8125,2.834635117612142,-1.8157749899217608,2026-07-09 17:22:43.793004
299.85546875,152.0625,2.834635117612142,-1.8157749899217608,2026-07-09 17:22:43.794061
299.16796875,149.3125,2.834635117612142,-1.8157749899217608,2026-07-09 17:22:43.795084
298.48046875,147.25,2.174065891365761,-1.892546881191539,2026-07-09 17:22:43.796067
297.79296875,144.5,2.834635117612142,-1.8157749899217608,2026-07-09 17:22:43.797012
297.10546875,142.4375,2.174065891365761,-1.892546881191539,2026-07-09 17:22:43.799742
296.41796875,140.375,2.174065891365761,-1.892546881191539,2026-07-09 17:22:43.800271
295.73046875,138.3125,2.174065891365761,-1.892546881191539,2026-07-09 17:22:43.800798
295.04296875,135.5625,2.834635117612142,-1.8157749899217608,2026-07-09 17:22:43.801251
294.35546875,133.5,2.174065891365761,-1.892546881191539,2026-07-09 17:22:43.802019
293.66796875,131.4375,2.174065891365761,-1.892546881191539,2026-07-09 17:22:43.803074
292.98046875,129.375,2.174065891365761,-1.892546881191539,2026-07-09 17:22:43.804013
292.98046875,127.3125,2.0625,-1.5707963267948966,2026-07-09 17:22:43.805003
292.29296875,125.9375,1.5372967345311055,-2.0344439357957027,2026-07-09 17:22:43.806066
291.60546875,123.875,2.174065891365761,-1.892546881191539,2026-07-09 17:22:43.807084
291.60546875,122.5,1.375,-1.5707963267948966,2026-07-09 17:22:43.807998
291.60546875,120.4375,2.0625,-1.5707963267948966,2026-07-09 17:22:43.809081
290.91796875,119.0625,1.5372967345311055,-2.0344439357957027,2026-07-09 17:22:43.810008
290.91796875,117.6875,1.375,-1.5707963267948966,2026-07-09 17:22:43.811065
290.23046875,116.3125,1.5372967345311055,-2.0344439357957027,2026-07-09 17:22:43.812014
290.23046875,114.9375,1.375,-1.5707963267948966,2026-07-09 17:22:43.813061
290.23046875,114.25,0.6875,-1.5707963267948966,2026-07-09 17:22:43.814070
289.54296875,112.875,1.5372967345311055,-2.0344439357957027,2026-07-09 17:22:43.815924
289.54296875,112.1875,0.6875,-1.5707963267948966,2026-07-09 17:22:43.816685
288.85546875,110.8125,1.5372967345311055,-2.0344439357957027,2026-07-09 17:22:43.817145
288.85546875,110.125,0.6875,-1.5707963267948966,2026-07-09 17:22:43.818063
288.85546875,108.75,1.375,-1.5707963267948966,2026-07-09 17:22:43.819080
288.85546875,108.0625,0.6875,-1.5707963267948966,2026-07-09 17:22:43.820075
288.16796875,107.375,0.9722718241315028,-2.356194490192345,2026-07-09 17:22:43.821003
288.16796875,106.6875,0.6875,-1.5707963267948966,2026-07-09 17:22:43.822076
288.16796875,106.0,0.6875,-1.5707963267948966,2026-07-09 17:22:43.823008
288.16796875,105.3125,0.6875,-1.5707963267948966,2026-07-09 17:22:43.824072
287.48046875,104.625,0.9722718241315028,-2.356194490192345,2026-07-09 17:22:43.826206
287.48046875,103.25,1.375,-1.5707963267948966,2026-07-09 17:22:43.827081
287.48046875,102.5625,0.6875,-1.5707963267948966,2026-07-09 17:22:43.829203
287.48046875,101.875,0.6875,-1.5707963267948966,2026-07-09 17:22:43.831147
287.48046875,101.1875,0.6875,-1.5707963267948966,2026-07-09 17:22:43.833141
287.48046875,101.875,0.6875,1.5707963267948966,2026-07-09 17:22:44.116711
287.48046875,102.5625,0.6875,1.5707963267948966,2026-07-09 17:22:44.122052
288.16796875,103.25,0.9722718241315028,0.7853981633974483,2026-07-09 17:22:44.124949
288.85546875,103.9375,0.9722718241315028,0.7853981633974483,2026-07-09 17:22:44.126793
288.85546875,104.625,0.6875,1.5707963267948966,2026-07-09 17:22:44.128564
289.54296875,106.0,1.5372967345311055,1.1071487177940904,2026-07-09 17:22:44.130285
290.23046875,107.375,1.5372967345311055,1.1071487177940904,2026-07-09 17:22:44.131970
290.91796875,108.75,1.5372967345311055,1.1071487177940904,2026-07-09 17:22:44.133320
290.91796875,109.4375,0.6875,1.5707963267948966,2026-07-09 17:22:44.134008
291.60546875,110.8125,1.5372967345311055,1.1071487177940904,2026-07-09 17:22:44.134706
292.29296875,112.1875,1.5372967345311055,1.1071487177940904,2026-07-09 17:22:44.135287
292.98046875,113.5625,1.5372967345311055,1.1071487177940904,2026-07-09 17:22:44.135886
293.66796875,115.625,2.174065891365761,1.2490457723982544,2026-07-09 17:22:44.136446
295.04296875,117.0,1.9445436482630056,0.7853981633974483,2026-07-09 17:22:44.137007
296.41796875,118.375,1.9445436482630056,0.7853981633974483,2026-07-09 17:22:44.137569
297.79296875,120.4375,2.4788165018814925,0.982793723247329,2026-07-09 17:22:44.138130
298.48046875,122.5,2.174065891365761,1.2490457723982544,2026-07-09 17:22:44.138848
299.85546875,123.875,1.9445436482630056,0.7853981633974483,2026-07-09 17:22:44.139370
301.23046875,125.9375,2.4788165018814925,0.982793723247329,2026-07-09 17:22:44.139934
302.60546875,128.0,2.4788165018814925,0.982793723247329,2026-07-09 17:22:44.140667
304.66796875,130.0625,2.9168154723945086,0.7853981633974483,2026-07-09 17:22:44.141244
306.73046875,132.8125,3.4375,0.9272952180016122,2026-07-09 17:22:44.141810
308.10546875,134.875,2.4788165018814925,0.982793723247329,2026-07-09 17:22:44.142320
310.85546875,137.625,3.8890872965260113,0.7853981633974483,2026-07-09 17:22:44.142809
312.23046875,139.6875,2.4788165018814925,0.982793723247329,2026-07-09 17:22:44.143283
314.29296875,141.75,2.9168154723945086,0.7853981633974483,2026-07-09 17:22:44.143798
316.35546875,144.5,3.4375,0.9272952180016122,2026-07-09 17:22:44.144298
319.10546875,147.9375,4.402147913235083,0.8960553845713439,2026-07-09 17:22:44.144815
321.16796875,150.0,2.9168154723945086,0.7853981633974483,2026-07-09 17:22:44.145367
323.91796875,152.75,3.8890872965260113,0.7853981633974483,2026-07-09 17:22:44.145858
327.35546875,155.5,4.402147913235083,0.6747409422235526,2026-07-09 17:22:44.146353
329.41796875,158.25,3.4375,0.9272952180016122,2026-07-09 17:22:44.146855
332.85546875,161.6875,4.861359120657514,0.7853981633974483,2026-07-09 17:22:44.147439
335.60546875,164.4375,3.8890872965260113,0.7853981633974483,2026-07-09 17:22:44.151590
338.35546875,167.1875,3.8890872965260113,0.7853981633974483,2026-07-09 17:22:44.152016
341.79296875,170.625,4.861359120657514,0.7853981633974483,2026-07-09 17:22:44.152412
344.54296875,173.375,3.8890872965260113,0.7853981633974483,2026-07-09 17:22:44.152803
348.66796875,176.8125,5.369546652185825,0.6947382761967031,2026-07-09 17:22:44.153213
352.10546875,180.25,4.861359120657514,0.7853981633974483,2026-07-09 17:22:44.153622
355.54296875,183.6875,4.861359120657514,0.7853981633974483,2026-07-09 17:22:44.154398
358.98046875,187.125,4.861359120657514,0.7853981633974483,2026-07-09 17:22:44.155066
362.41796875,190.5625,4.861359120657514,0.7853981633974483,2026-07-09 17:22:44.156458
366.54296875,194.0,5.369546652185825,0.6947382761967031,2026-07-09 17:22:44.157485
370.66796875,197.4375,5.369546652185825,0.6947382761967031,2026-07-09 17:22:44.158424
374.79296875,200.875,5.369546652185825,0.6947382761967031,2026-07-09 17:22:44.159451
378.91796875,205.0,5.833630944789017,0.7853981633974483,2026-07-09 17:22:44.160457
383.04296875,207.75,4.957633003762985,0.5880026035475675,2026-07-09 17:22:44.161427
387.16796875,211.875,5.833630944789017,0.7853981633974483,2026-07-09 17:22:44.162420
391.98046875,215.3125,5.914098621091806,0.6202494859828215,2026-07-09 17:22:44.163058
396.79296875,219.4375,6.33843681438886,0.7086262721276703,2026-07-09 17:22:44.164452
401.60546875,222.875,5.914098621091806,0.6202494859828215,2026-07-09 17:22:44.167801
405.73046875,227.0,5.833630944789017,0.7853981633974483,2026-07-09 17:22:44.168376
410.54296875,231.125,6.33843681438886,0.7086262721276703,2026-07-09 17:22:44.168761
415.35546875,235.25,6.33843681438886,0.7086262721276703,2026-07-09 17:22:44.169227
420.16796875,239.375,6.33843681438886,0.7086262721276703,2026-07-09 17:22:44.169647
425.66796875,243.5,6.875,0.6435011087932844,2026-07-09 17:22:44.170073
430.48046875,247.625,6.33843681438886,0.7086262721276703,2026-07-09 17:22:44.171048
435.29296875,251.75,6.33843681438886,0.7086262721276703,2026-07-09 17:22:44.172033
440.79296875,255.1875,6.485862028288915,0.5585993153435624,2026-07-09 17:22:44.173076
445.60546875,259.3125,6.33843681438886,0.7086262721276703,2026-07-09 17:22:44.174114
451.10546875,263.4375,6.875,0.6435011087932844,2026-07-09 17:22:44.175116
456.60546875,268.25,7.308225246255072,0.7188299996216245,2026-07-09 17:22:44.176094
462.10546875,272.375,6.875,0.6435011087932844,2026-07-09 17:22:44.177012
467.60546875,276.5,6.875,0.6435011087932844,2026-07-09 17:22:44.178101
473.10546875,281.3125,7.308225246255072,0.7188299996216245,2026-07-09 17:22:44.179036
478.60546875,286.125,7.308225246255072,0.7188299996216245,2026-07-09 17:22:44.180095
483.41796875,290.25,6.33843681438886,0.7086262721276703,2026-07-09 17:22:44.181002
488.91796875,294.375,6.875,0.6435011087932844,2026-07-09 17:22:44.182828
494.41796875,299.1875,7.308225246255072,0.7188299996216245,2026-07-09 17:22:44.183530
500.60546875,304.0,7.838706047556574,0.6610431688506869,2026-07-09 17:22:44.184067
506.10546875,308.125,6.875,0.6435011087932844,2026-07-09 17:22:44.185016
512.29296875,312.9375,7.838706047556574,0.6610431688506869,2026-07-09 17:22:44.186098
518.48046875,317.75,7.838706047556574,0.6610431688506869,2026-07-09 17:22:44.187081
524.66796875,322.5625,7.838706047556574,0.6610431688506869,2026-07-09 17:22:44.188172
529.48046875,326.6875,6.33843681438886,0.7086262721276703,2026-07-09 17:22:44.189125
534.98046875,331.5,7.308225246255072,0.7188299996216245,2026-07-09 17:22:44.190018
541.16796875,336.3125,7.838706047556574,0.6610431688506869,2026-07-09 17:22:44.191095
547.35546875,340.4375,7.436449505644478,0.5880026035475675,2026-07-09 17:22:44.192023
552.85546875,345.25,7.308225246255072,0.7188299996216245,2026-07-09 17:22:44.193075
558.35546875,350.0625,7.308225246255072,0.7188299996216245,2026-07-09 17:22:44.194090
564.54296875,354.875,7.838706047556574,0.6610431688506869,2026-07-09 17:22:44.195068
570.04296875,359.6875,7.308225246255072,0.7188299996216245,2026-07-09 17:22:44.196024
575.54296875,363.8125,6.875,0.6435011087932844,2026-07-09 17:22:44.197088
581.73046875,368.625,7.838706047556574,0.6610431688506869,2026-07-09 17:22:44.199526
587.91796875,373.4375,7.838706047556574,0.6610431688506869,2026-07-09 17:22:44.200029
593.41796875,378.25,7.308225246255072,0.7188299996216245,2026-07-09 17:22:44.200446
599.60546875,383.0625,7.838706047556574,0.6610431688506869,2026-07-09 17:22:44.201116
605.10546875,387.875,7.308225246255072,0.7188299996216245,2026-07-09 17:22:44.202010
611.29296875,392.6875,7.838706047556574,0.6610431688506869,2026-07-09 17:22:44.203071
616.79296875,397.5,7.308225246255072,0.7188299996216245,2026-07-09 17:22:44.204186
622.29296875,401.625,6.875,0.6435011087932844,2026-07-09 17:22:44.205030
627.79296875,406.4375,7.308225246255072,0.7188299996216245,2026-07-09 17:22:44.206059
633.29296875,411.25,7.308225246255072,0.7188299996216245,2026-07-09 17:22:44.207029
638.79296875,416.0625,7.308225246255072,0.7188299996216245,2026-07-09 17:22:44.208213
644.29296875,420.875,7.308225246255072,0.7188299996216245,2026-07-09 17:22:44.209063
649.79296875,425.6875,7.308225246255072,0.7188299996216245,2026-07-09 17:22:44.210023
655.29296875,430.5,7.308225246255072,0.7188299996216245,2026-07-09 17:22:44.211134
660.79296875,434.625,6.875,0.6435011087932844,2026-07-09 17:22:44.212042
666.29296875,439.4375,7.308225246255072,0.7188299996216245,2026-07-09 17:22:44.213059
671.79296875,444.25,7.308225246255072,0.7188299996216245,2026-07-09 17:22:44.214068
677.29296875,449.0625,7.308225246255072,0.7188299996216245,2026-07-09 17:22:44.216151
682.79296875,453.875,7.308225246255072,0.7188299996216245,2026-07-09 17:22:44.216603
688.29296875,458.6875,7.308225246255072,0.7188299996216245,2026-07-09 17:22:44.217130
693.10546875,463.5,6.80590276892052,0.7853981633974483,2026-07-09 17:22:44.218040
697.91796875,468.3125,6.80590276892052,0.7853981633974483,2026-07-09 17:22:44.219077
703.41796875,472.4375,6.875,0.6435011087932844,2026-07-09 17:22:44.220084
708.23046875,476.5625,6.33843681438886,0.7086262721276703,2026-07-09 17:22:44.221090
713.04296875,481.375,6.80590276892052,0.7853981633974483,2026-07-09 17:22:44.222098
717.85546875,485.5,6.33843681438886,0.7086262721276703,2026-07-09 17:22:44.223014
723.35546875,489.625,6.875,0.6435011087932844,2026-07-09 17:22:44.224019
728.16796875,494.4375,6.80590276892052,0.7853981633974483,2026-07-09 17:22:44.225088
732.98046875,499.25,6.80590276892052,0.7853981633974483,2026-07-09 17:22:44.226094
737.10546875,503.375,5.833630944789017,0.7853981633974483,2026-07-09 17:22:44.227095
741.91796875,507.5,6.33843681438886,0.7086262721276703,2026-07-09 17:22:44.228082
746.73046875,511.625,6.33843681438886,0.7086262721276703,2026-07-09 17:22:44.229083
750.85546875,515.75,5.833630944789017,0.7853981633974483,2026-07-09 17:22:44.230079
754.98046875,519.875,5.833630944789017,0.7853981633974483,2026-07-09 17:22:44.231077
759.10546875,524.0,5.833630944789017,0.7853981633974483,2026-07-09 17:22:44.232803
763.91796875,528.125,6.33843681438886,0.7086262721276703,2026-07-09 17:22:44.233384
768.04296875,532.25,5.833630944789017,0.7853981633974483,2026-07-09 17:22:44.234054
772.16796875,536.375,5.833630944789017,0.7853981633974483,2026-07-09 17:22:44.235092
776.98046875,540.5,6.33843681438886,0.7086262721276703,2026-07-09 17:22:44.236016
781.10546875,544.625,5.833630944789017,0.7853981633974483,2026-07-09 17:22:44.237195
785.23046875,548.0625,5.369546652185825,0.6947382761967031,2026-07-09 17:22:44.238025
789.35546875,552.1875,5.833630944789017,0.7853981633974483,2026-07-09 17:22:44.239106
793.48046875,556.3125,5.833630944789017,0.7853981633974483,2026-07-09 17:22:44.240062
796.91796875,559.75,4.861359120657514,0.7853981633974483,2026-07-09 17:22:44.241109
801.04296875,563.1875,5.369546652185825,0.6947382761967031,2026-07-09 17:22:44.242086
805.16796875,567.3125,5.833630944789017,0.7853981633974483,2026-07-09 17:22:44.243024
808.60546875,570.0625,4.402147913235083,0.6747409422235526,2026-07-09 17:22:44.244059
812.73046875,574.1875,5.833630944789017,0.7853981633974483,2026-07-09 17:22:44.245083
816.16796875,576.9375,4.402147913235083,0.6747409422235526,2026-07-09 17:22:44.246020
819.60546875,580.375,4.861359120657514,0.7853981633974483,2026-07-09 17:22:44.247066
823.04296875,583.8125,4.861359120657514,0.7853981633974483,2026-07-09 17:22:44.249513
826.48046875,587.25,4.861359120657514,0.7853981633974483,2026-07-09 17:22:44.250002
830.60546875,590.0,4.957633003762985,0.5880026035475675,2026-07-09 17:22:44.250415
834.04296875,593.4375,4.861359120657514,0.7853981633974483,2026-07-09 17:22:44.251102
836.79296875,596.1875,3.8890872965260113,0.7853981633974483,2026-07-09 17:22:44.252098
840.23046875,599.625,4.861359120657514,0.7853981633974483,2026-07-09 17:22:44.253078
842.98046875,602.375,3.8890872965260113,0.7853981633974483,2026-07-09 17:22:44.254093
845.73046875,605.125,3.8890872965260113,0.7853981633974483,2026-07-09 17:22:44.255079
848.48046875,607.875,3.8890872965260113,0.7853981633974483,2026-07-09 17:22:44.256192
851.91796875,609.9375,4.008779427706144,0.5404195002705842,2026-07-09 17:22:44.256994
854.66796875,612.6875,3.8890872965260113,0.7853981633974483,2026-07-09 17:22:44.258089
857.41796875,615.4375,3.8890872965260113,0.7853981633974483,2026-07-09 17:22:44.259105
860.16796875,617.5,3.4375,0.6435011087932844,2026-07-09 17:22:44.260031
862.91796875,620.25,3.8890872965260113,0.7853981633974483,2026-07-09 17:22:44.261063
864.98046875,622.3125,2.9168154723945086,0.7853981633974483,2026-07-09 17:22:44.262021
867.73046875,624.375,3.4375,0.6435011087932844,2026-07-09 17:22:44.263138
869.79296875,627.125,3.4375,0.9272952180016122,2026-07-09 17:22:44.264080
872.54296875,629.875,3.8890872965260113,0.7853981633974483,2026-07-09 17:22:44.266400
874.60546875,631.9375,2.9168154723945086,0.7853981633974483,2026-07-09 17:22:44.266929
876.66796875,634.0,2.9168154723945086,0.7853981633974483,2026-07-09 17:22:44.267451
878.73046875,635.375,2.4788165018814925,0.5880026035475675,2026-07-09 17:22:44.268088
880.79296875,637.4375,2.9168154723945086,0.7853981633974483,2026-07-09 17:22:44.269013
882.85546875,639.5,2.9168154723945086,0.7853981633974483,2026-07-09 17:22:44.270094
884.23046875,640.875,1.9445436482630056,0.7853981633974483,2026-07-09 17:22:44.271012
886.29296875,642.25,2.4788165018814925,0.5880026035475675,2026-07-09 17:22:44.272057
888.35546875,643.625,2.4788165018814925,0.5880026035475675,2026-07-09 17:22:44.273090
889.73046875,645.0,1.9445436482630056,0.7853981633974483,2026-07-09 17:22:44.274100
891.10546875,646.375,1.9445436482630056,0.7853981633974483,2026-07-09 17:22:44.275082
892.48046875,647.75,1.9445436482630056,0.7853981633974483,2026-07-09 17:22:44.276045
893.85546875,649.125,1.9445436482630056,0.7853981633974483,2026-07-09 17:22:44.277085
895.91796875,650.5,2.4788165018814925,0.5880026035475675,2026-07-09 17:22:44.278065
896.60546875,651.1875,0.9722718241315028,0.7853981633974483,2026-07-09 17:22:44.279093
897.98046875,652.5625,1.9445436482630056,0.7853981633974483,2026-07-09 17:22:44.280093
898.66796875,653.9375,1.5372967345311055,1.1071487177940904,2026-07-09 17:22:44.281076
899.35546875,654.625,0.9722718241315028,0.7853981633974483,2026-07-09 17:22:44.282825
900.73046875,655.3125,1.5372967345311055,0.4636476090008061,2026-07-09 17:22:44.283441
901.41796875,656.0,0.9722718241315028,0.7853981633974483,2026-07-09 17:22:44.284113
902.10546875,656.6875,0.9722718241315028,0.7853981633974483,2026-07-09 17:22:44.285089
902.79296875,657.375,0.9722718241315028,0.7853981633974483,2026-07-09 17:22:44.286110
904.16796875,658.75,1.9445436482630056,0.7853981633974483,2026-07-09 17:22:44.287074
904.85546875,659.4375,0.9722718241315028,0.7853981633974483,2026-07-09 17:22:44.288097
905.54296875,660.125,0.9722718241315028,0.7853981633974483,2026-07-09 17:22:44.289072
906.23046875,660.8125,0.9722718241315028,0.7853981633974483,2026-07-09 17:22:44.290012
906.91796875,660.8125,0.6875,0.0,2026-07-09 17:22:44.291123
906.91796875,661.5,0.6875,1.5707963267948966,2026-07-09 17:22:44.292059
907.60546875,662.1875,0.9722718241315028,0.7853981633974483,2026-07-09 17:22:44.294018
908.29296875,662.1875,0.6875,0.0,2026-07-09 17:22:44.295116
907.60546875,662.1875,0.6875,3.141592653589793,2026-07-09 17:22:44.579465
906.91796875,662.1875,0.6875,3.141592653589793,2026-07-09 17:22:44.583803
906.23046875,662.1875,0.6875,3.141592653589793,2026-07-09 17:22:44.586377
905.54296875,662.1875,0.6875,3.141592653589793,2026-07-09 17:22:44.592547
904.85546875,662.1875,0.6875,3.141592653589793,2026-07-09 17:22:44.594144
904.16796875,662.1875,0.6875,3.141592653589793,2026-07-09 17:22:44.594799
903.48046875,662.1875,0.6875,3.141592653589793,2026-07-09 17:22:44.595433
902.79296875,662.1875,0.6875,3.141592653589793,2026-07-09 17:22:44.596004
902.10546875,662.1875,0.6875,3.141592653589793,2026-07-09 17:22:44.596851
900.73046875,662.1875,1.375,3.141592653589793,2026-07-09 17:22:44.597575
900.04296875,662.1875,0.6875,3.141592653589793,2026-07-09 17:22:44.598219
898.66796875,662.1875,1.375,3.141592653589793,2026-07-09 17:22:44.598836
897.29296875,662.1875,1.375,3.141592653589793,2026-07-09 17:22:44.599437
895.91796875,662.1875,1.375,3.141592653589793,2026-07-09 17:22:44.600025
893.85546875,662.1875,2.0625,3.141592653589793,2026-07-09 17:22:44.600598
892.48046875,662.1875,1.375,3.141592653589793,2026-07-09 17:22:44.601166
890.41796875,662.1875,2.0625,3.141592653589793,2026-07-09 17:22:44.601683
888.35546875,662.875,2.174065891365761,2.819842099193151,2026-07-09 17:22:44.602139
886.29296875,662.875,2.0625,3.141592653589793,2026-07-09 17:22:44.602620
884.23046875,662.875,2.0625,3.141592653589793,2026-07-09 17:22:44.603108
882.16796875,662.875,2.0625,3.141592653589793,2026-07-09 17:22:44.603556
879.41796875,662.875,2.75,3.141592653589793,2026-07-09 17:22:44.604000
877.35546875,662.875,2.0625,3.141592653589793,2026-07-09 17:22:44.604447
873.91796875,663.5625,3.5055759155950397,2.9441970937399127,2026-07-09 17:22:44.604896
871.16796875,663.5625,2.75,3.141592653589793,2026-07-09 17:22:44.605369
868.41796875,663.5625,2.75,3.141592653589793,2026-07-09 17:22:44.606077
865.66796875,663.5625,2.75,3.141592653589793,2026-07-09 17:22:44.606632
862.23046875,663.5625,3.4375,3.141592653589793,2026-07-09 17:22:44.607193
858.79296875,664.25,3.5055759155950397,2.9441970937399127,2026-07-09 17:22:44.607667
856.04296875,664.25,2.75,3.141592653589793,2026-07-09 17:22:44.608143
851.91796875,664.25,4.125,3.141592653589793,2026-07-09 17:22:44.609080
847.79296875,664.9375,4.181899239580026,2.976443976175166,2026-07-09 17:22:44.610045
844.35546875,664.9375,3.4375,3.141592653589793,2026-07-09 17:22:44.611092
840.23046875,664.9375,4.125,3.141592653589793,2026-07-09 17:22:44.612121
836.10546875,664.9375,4.125,3.141592653589793,2026-07-09 17:22:44.613024
831.29296875,665.625,4.861359120657514,2.999695598985629,2026-07-09 17:22:44.614025
826.48046875,665.625,4.8125,3.141592653589793,2026-07-09 17:22:44.616117
821.66796875,666.3125,4.861359120657514,2.999695598985629,2026-07-09 17:22:44.616794
816.85546875,666.3125,4.8125,3.141592653589793,2026-07-09 17:22:44.617299
811.35546875,666.3125,5.5,3.141592653589793,2026-07-09 17:22:44.618150
806.54296875,666.3125,4.8125,3.141592653589793,2026-07-09 17:22:44.619080
801.04296875,666.3125,5.5,3.141592653589793,2026-07-09 17:22:44.620073
795.54296875,667.0,5.5428022019552525,3.017237659043032,2026-07-09 17:22:44.621093
790.04296875,667.0,5.5,3.141592653589793,2026-07-09 17:22:44.622092
784.54296875,667.0,5.5,3.141592653589793,2026-07-09 17:22:44.623082
778.35546875,667.6875,6.225577282469474,3.0309354324158977,2026-07-09 17:22:44.624122
772.85546875,667.6875,5.5,3.141592653589793,2026-07-09 17:22:44.625094
766.66796875,667.6875,6.1875,3.141592653589793,2026-07-09 17:22:44.626100
760.48046875,667.6875,6.1875,3.141592653589793,2026-07-09 17:22:44.627062
753.60546875,668.375,6.909289489520612,3.0419240010986313,2026-07-09 17:22:44.628073
747.41796875,668.375,6.1875,3.141592653589793,2026-07-09 17:22:44.629111
740.54296875,669.0625,6.909289489520612,3.0419240010986313,2026-07-09 17:22:44.630100
733.66796875,669.0625,6.875,3.141592653589793,2026-07-09 17:22:44.631024
726.79296875,669.0625,6.875,3.141592653589793,2026-07-09 17:22:44.633198
719.91796875,669.0625,6.875,3.141592653589793,2026-07-09 17:22:44.633897
713.73046875,669.75,6.225577282469474,3.0309354324158977,2026-07-09 17:22:44.634388
707.54296875,669.75,6.1875,3.141592653589793,2026-07-09 17:22:44.635063
700.66796875,670.4375,6.909289489520612,3.0419240010986313,2026-07-09 17:22:44.636031
693.79296875,670.4375,6.875,3.141592653589793,2026-07-09 17:22:44.637061
686.23046875,670.4375,7.5625,3.141592653589793,2026-07-09 17:22:44.638024
678.66796875,671.125,7.593685699316242,3.050932766389048,2026-07-09 17:22:44.639001
671.10546875,671.125,7.5625,3.141592653589793,2026-07-09 17:22:44.640080
664.23046875,671.8125,6.909289489520612,3.0419240010986313,2026-07-09 17:22:44.641034
657.35546875,671.8125,6.875,3.141592653589793,2026-07-09 17:22:44.642113
650.48046875,671.8125,6.875,3.141592653589793,2026-07-09 17:22:44.643003
643.60546875,672.5,6.909289489520612,3.0419240010986313,2026-07-09 17:22:44.644074
636.73046875,672.5,6.875,3.141592653589793,2026-07-09 17:22:44.645033
629.85546875,673.1875,6.909289489520612,3.0419240010986313,2026-07-09 17:22:44.646082
622.98046875,673.1875,6.875,3.141592653589793,2026-07-09 17:22:44.647052
615.41796875,673.875,7.593685699316242,3.050932766389048,2026-07-09 17:22:44.649997
608.54296875,673.875,6.875,3.141592653589793,2026-07-09 17:22:44.650611
602.35546875,674.5625,6.225577282469474,3.0309354324158977,2026-07-09 17:22:44.651144
596.16796875,675.25,6.225577282469474,3.0309354324158977,2026-07-09 17:22:44.651669
589.29296875,675.25,6.875,3.141592653589793,2026-07-09 17:22:44.652157
583.10546875,675.9375,6.225577282469474,3.0309354324158977,2026-07-09 17:22:44.653012
576.23046875,675.9375,6.875,3.141592653589793,2026-07-09 17:22:44.654172
569.35546875,676.625,6.909289489520612,3.0419240010986313,2026-07-09 17:22:44.655018
563.16796875,677.3125,6.225577282469474,3.0309354324158977,2026-07-09 17:22:44.656093
558.35546875,677.3125,4.8125,3.141592653589793,2026-07-09 17:22:44.656994
552.16796875,678.0,6.225577282469474,3.0309354324158977,2026-07-09 17:22:44.658019
545.98046875,678.6875,6.225577282469474,3.0309354324158977,2026-07-09 17:22:44.659120
539.79296875,679.375,6.225577282469474,3.0309354324158977,2026-07-09 17:22:44.660026
534.29296875,679.375,5.5,3.141592653589793,2026-07-09 17:22:44.661090
528.79296875,680.0625,5.5428022019552525,3.017237659043032,2026-07-09 17:22:44.662027
523.29296875,680.0625,5.5,3.141592653589793,2026-07-09 17:22:44.663068
517.79296875,680.75,5.5428022019552525,3.017237659043032,2026-07-09 17:22:44.663993
512.29296875,681.4375,5.5428022019552525,3.017237659043032,2026-07-09 17:22:44.665938
508.16796875,681.4375,4.125,3.141592653589793,2026-07-09 17:22:44.666539
502.66796875,682.125,5.5428022019552525,3.017237659043032,2026-07-09 17:22:44.667026
497.85546875,682.8125,4.861359120657514,2.999695598985629,2026-07-09 17:22:44.668027
493.04296875,682.8125,4.8125,3.141592653589793,2026-07-09 17:22:44.669155
488.91796875,683.5,4.181899239580026,2.976443976175166,2026-07-09 17:22:44.670011
484.10546875,683.5,4.8125,3.141592653589793,2026-07-09 17:22:44.671167
479.98046875,684.1875,4.181899239580026,2.976443976175166,2026-07-09 17:22:44.672055
475.85546875,684.1875,4.125,3.141592653589793,2026-07-09 17:22:44.673054
472.41796875,684.875,3.5055759155950397,2.9441970937399127,2026-07-09 17:22:44.674106
468.29296875,685.5625,4.181899239580026,2.976443976175166,2026-07-09 17:22:44.675177
464.85546875,686.25,3.5055759155950397,2.9441970937399127,2026-07-09 17:22:44.676033
461.41796875,686.25,3.4375,3.141592653589793,2026-07-09 17:22:44.677014
457.98046875,686.9375,3.5055759155950397,2.9441970937399127,2026-07-09 17:22:44.678074
454.54296875,686.9375,3.4375,3.141592653589793,2026-07-09 17:22:44.679010
451.79296875,687.625,2.834635117612142,2.896613990462929,2026-07-09 17:22:44.680073
448.35546875,687.625,3.4375,3.141592653589793,2026-07-09 17:22:44.680986
446.29296875,688.3125,2.174065891365761,2.819842099193151,2026-07-09 17:22:44.682799
443.54296875,688.3125,2.75,3.141592653589793,2026-07-09 17:22:44.683399
440.79296875,689.0,2.834635117612142,2.896613990462929,2026-07-09 17:22:44.684033
438.73046875,689.0,2.0625,3.141592653589793,2026-07-09 17:22:44.685053
435.98046875,689.6875,2.834635117612142,2.896613990462929,2026-07-09 17:22:44.686016
434.60546875,689.6875,1.375,3.141592653589793,2026-07-09 17:22:44.687064
432.54296875,689.6875,2.0625,3.141592653589793,2026-07-09 17:22:44.688012
430.48046875,690.375,2.174065891365761,2.819842099193151,2026-07-09 17:22:44.689085
429.10546875,690.375,1.375,3.141592653589793,2026-07-09 17:22:44.690056
427.04296875,691.0625,2.174065891365761,2.819842099193151,2026-07-09 17:22:44.691089
425.66796875,691.0625,1.375,3.141592653589793,2026-07-09 17:22:44.692084
424.29296875,691.75,1.5372967345311055,2.677945044588987,2026-07-09 17:22:44.693083
422.91796875,691.75,1.375,3.141592653589793,2026-07-09 17:22:44.694081
421.54296875,691.75,1.375,3.141592653589793,2026-07-09 17:22:44.695007
420.85546875,692.4375,0.9722718241315028,2.356194490192345,2026-07-09 17:22:44.696067
420.16796875,692.4375,0.6875,3.141592653589793,2026-07-09 17:22:44.697014
419.48046875,692.4375,0.6875,3.141592653589793,2026-07-09 17:22:44.699404
418.79296875,692.4375,0.6875,3.141592653589793,2026-07-09 17:22:44.699925
418.10546875,693.125,0.9722718241315028,2.356194490192345,2026-07-09 17:22:44.700374
417.41796875,693.125,0.6875,3.141592653589793,2026-07-09 17:22:44.701138
416.73046875,693.125,0.6875,3.141592653589793,2026-07-09 17:22:44.703222
416.04296875,693.125,0.6875,3.141592653589793,2026-07-09 17:22:44.706182
416.73046875,693.125,0.6875,0.0,2026-07-09 17:22:45.007557
417.41796875,693.125,0.6875,0.0,2026-07-09 17:22:45.010208
418.10546875,693.125,0.6875,0.0,2026-07-09 17:22:45.012164
418.79296875,693.125,0.6875,0.0,2026-07-09 17:22:45.013914
419.48046875,692.4375,0.9722718241315028,-0.7853981633974483,2026-07-09 17:22:45.015851
420.85546875,692.4375,1.375,0.0,2026-07-09 17:22:45.017514
422.23046875,691.75,1.5372967345311055,-0.4636476090008061,2026-07-09 17:22:45.018962
423.60546875,691.75,1.375,0.0,2026-07-09 17:22:45.019731
424.98046875,691.0625,1.5372967345311055,-0.4636476090008061,2026-07-09 17:22:45.020394
427.04296875,691.0625,2.0625,0.0,2026-07-09 17:22:45.020994
428.41796875,690.375,1.5372967345311055,-0.4636476090008061,2026-07-09 17:22:45.021573
430.48046875,690.375,2.0625,0.0,2026-07-09 17:22:45.022128
432.54296875,689.6875,2.174065891365761,-0.3217505543966422,2026-07-09 17:22:45.022752
434.60546875,689.0,2.174065891365761,-0.3217505543966422,2026-07-09 17:22:45.023554
437.35546875,688.3125,2.834635117612142,-0.24497866312686414,2026-07-09 17:22:45.024167
440.10546875,687.625,2.834635117612142,-0.24497866312686414,2026-07-09 17:22:45.024753
443.54296875,686.9375,3.5055759155950397,-0.19739555984988075,2026-07-09 17:22:45.025224
446.29296875,686.25,2.834635117612142,-0.24497866312686414,2026-07-09 17:22:45.025686
449.73046875,685.5625,3.5055759155950397,-0.19739555984988075,2026-07-09 17:22:45.026144
453.16796875,684.875,3.5055759155950397,-0.19739555984988075,2026-07-09 17:22:45.026767
456.60546875,684.1875,3.5055759155950397,-0.19739555984988075,2026-07-09 17:22:45.027298
460.73046875,683.5,4.181899239580026,-0.16514867741462683,2026-07-09 17:22:45.027815
464.85546875,682.125,4.348131782731522,-0.3217505543966422,2026-07-09 17:22:45.028312
469.66796875,681.4375,4.861359120657514,-0.14189705460416394,2026-07-09 17:22:45.028768
474.48046875,680.0625,5.005075548880356,-0.27829965900511133,2026-07-09 17:22:45.029253
479.29296875,678.6875,5.005075548880356,-0.27829965900511133,2026-07-09 17:22:45.030032
484.10546875,678.0,4.861359120657514,-0.14189705460416394,2026-07-09 17:22:45.031402
489.60546875,676.625,5.669270235224284,-0.24497866312686414,2026-07-09 17:22:45.032035
495.10546875,675.25,5.669270235224284,-0.24497866312686414,2026-07-09 17:22:45.033074
501.29296875,673.875,6.33843681438886,-0.21866894587394195,2026-07-09 17:22:45.034402
507.48046875,672.5,6.33843681438886,-0.21866894587394195,2026-07-09 17:22:45.035365
513.66796875,671.125,6.33843681438886,-0.21866894587394195,2026-07-09 17:22:45.036348
521.23046875,669.75,7.686483672655527,-0.17985349979247828,2026-07-09 17:22:45.037422
528.10546875,667.6875,7.177710724876003,-0.2914567944778671,2026-07-09 17:22:45.038424
535.66796875,666.3125,7.686483672655527,-0.17985349979247828,2026-07-09 17:22:45.039438
542.54296875,664.9375,7.011151831190079,-0.19739555984988075,2026-07-09 17:22:45.040093
550.79296875,662.875,8.503905352836425,-0.24497866312686414,2026-07-09 17:22:45.041271
558.35546875,660.8125,7.838706047556574,-0.2662520491509254,2026-07-09 17:22:45.042401
566.60546875,659.4375,8.363798479160051,-0.16514867741462683,2026-07-09 17:22:45.043382
574.85546875,658.0625,8.363798479160051,-0.16514867741462683,2026-07-09 17:22:45.044374
583.79296875,656.0,9.172394044086854,-0.22679884805388587,2026-07-09 17:22:45.045369
592.73046875,653.9375,9.172394044086854,-0.22679884805388587,2026-07-09 17:22:45.046354
601.66796875,651.875,9.172394044086854,-0.22679884805388587,2026-07-09 17:22:45.047398
611.29296875,649.8125,9.843501981002493,-0.21109333322274654,2026-07-09 17:22:45.053262
620.23046875,648.4375,9.04265067610156,-0.15264932839526515,2026-07-09 17:22:45.053615
629.85546875,646.375,9.843501981002493,-0.21109333322274654,2026-07-09 17:22:45.053954
639.48046875,644.3125,9.843501981002493,-0.21109333322274654,2026-07-09 17:22:45.054287
649.10546875,642.25,9.843501981002493,-0.21109333322274654,2026-07-09 17:22:45.054621
658.73046875,640.1875,9.843501981002493,-0.21109333322274654,2026-07-09 17:22:45.054942
669.04296875,637.4375,10.672870103678767,-0.260602391747341,2026-07-09 17:22:45.055286
678.66796875,635.375,9.843501981002493,-0.21109333322274654,2026-07-09 17:22:45.055631
688.98046875,633.3125,10.516727746785119,-0.19739555984988075,2026-07-09 17:22:45.056060
699.29296875,631.25,10.516727746785119,-0.19739555984988075,2026-07-09 17:22:45.057092
710.29296875,629.1875,11.191689159818548,-0.18534794999569476,2026-07-09 17:22:45.058132
720.60546875,627.125,10.516727746785119,-0.19739555984988075,2026-07-09 17:22:45.059180
731.60546875,625.0625,11.191689159818548,-0.18534794999569476,2026-07-09 17:22:45.060086
741.91796875,622.3125,10.672870103678767,-0.260602391747341,2026-07-09 17:22:45.061166
752.23046875,620.25,10.516727746785119,-0.19739555984988075,2026-07-09 17:22:45.062064
761.85546875,618.1875,9.843501981002493,-0.21109333322274654,2026-07-09 17:22:45.063151
772.85546875,616.125,11.191689159818548,-0.18534794999569476,2026-07-09 17:22:45.064174
783.16796875,613.375,10.672870103678767,-0.260602391747341,2026-07-09 17:22:45.067319
793.48046875,611.3125,10.516727746785119,-0.19739555984988075,2026-07-09 17:22:45.067753
804.48046875,609.25,11.191689159818548,-0.18534794999569476,2026-07-09 17:22:45.068136
814.79296875,607.1875,10.516727746785119,-0.19739555984988075,2026-07-09 17:22:45.068523
825.10546875,605.125,10.516727746785119,-0.19739555984988075,2026-07-09 17:22:45.069125
835.41796875,602.375,10.672870103678767,-0.260602391747341,2026-07-09 17:22:45.070111
845.73046875,600.3125,10.516727746785119,-0.19739555984988075,2026-07-09 17:22:45.071117
856.04296875,598.25,10.516727746785119,-0.19739555984988075,2026-07-09 17:22:45.072137
866.35546875,596.1875,10.516727746785119,-0.19739555984988075,2026-07-09 17:22:45.073130
877.35546875,593.4375,11.338540470448567,-0.24497866312686414,2026-07-09 17:22:45.074126
887.66796875,591.375,10.516727746785119,-0.19739555984988075,2026-07-09 17:22:45.075135
897.29296875,589.3125,9.843501981002493,-0.21109333322274654,2026-07-09 17:22:45.076276
907.60546875,587.25,10.516727746785119,-0.19739555984988075,2026-07-09 17:22:45.077139
916.54296875,584.5,9.351010974755617,-0.2984989315861793,2026-07-09 17:22:45.078105
926.16796875,582.4375,9.843501981002493,-0.21109333322274654,2026-07-09 17:22:45.079121
936.48046875,579.6875,10.672870103678767,-0.260602391747341,2026-07-09 17:22:45.080156
945.41796875,577.625,9.172394044086854,-0.22679884805388587,2026-07-09 17:22:45.081049
955.04296875,575.5625,9.843501981002493,-0.21109333322274654,2026-07-09 17:22:45.084591
964.66796875,573.5,9.843501981002493,-0.21109333322274654,2026-07-09 17:22:45.084968
974.29296875,570.75,10.010151097760712,-0.27829965900511133,2026-07-09 17:22:45.085272
983.23046875,568.6875,9.172394044086854,-0.22679884805388587,2026-07-09 17:22:45.085590
992.16796875,565.9375,9.351010974755617,-0.2984989315861793,2026-07-09 17:22:45.086130
1001.10546875,563.1875,9.351010974755617,-0.2984989315861793,2026-07-09 17:22:45.087139
1010.04296875,561.125,9.172394044086854,-0.22679884805388587,2026-07-09 17:22:45.088140
1019.66796875,559.0625,9.843501981002493,-0.21109333322274654,2026-07-09 17:22:45.089146
1027.91796875,557.0,8.503905352836425,-0.24497866312686414,2026-07-09 17:22:45.090137
1036.85546875,554.9375,9.172394044086854,-0.22679884805388587,2026-07-09 17:22:45.091141
1044.41796875,552.875,7.838706047556574,-0.2662520491509254,2026-07-09 17:22:45.092150
1053.35546875,550.125,9.351010974755617,-0.2984989315861793,2026-07-09 17:22:45.093090
1061.60546875,547.375,8.696263565463044,-0.3217505543966422,2026-07-09 17:22:45.094112
1069.85546875,545.3125,8.503905352836425,-0.24497866312686414,2026-07-09 17:22:45.095077
1077.41796875,543.9375,7.686483672655527,-0.17985349979247828,2026-07-09 17:22:45.096086
1085.66796875,541.1875,8.696263565463044,-0.3217505543966422,2026-07-09 17:22:45.097085
1093.91796875,539.125,8.503905352836425,-0.24497866312686414,2026-07-09 17:22:45.100765
1100.79296875,537.0625,7.177710724876003,-0.2914567944778671,2026-07-09 17:22:45.101075
1108.35546875,535.0,7.838706047556574,-0.2662520491509254,2026-07-09 17:22:45.101379
1115.23046875,532.9375,7.177710724876003,-0.2914567944778671,2026-07-09 17:22:45.101681
1121.41796875,530.875,6.522197674097282,-0.3217505543966422,2026-07-09 17:22:45.102066
1128.29296875,528.8125,7.177710724876003,-0.2914567944778671,2026-07-09 17:22:45.103089
1134.48046875,526.75,6.522197674097282,-0.3217505543966422,2026-07-09 17:22:45.104099
1140.66796875,524.6875,6.522197674097282,-0.3217505543966422,2026-07-09 17:22:45.105078
1147.54296875,522.625,7.177710724876003,-0.2914567944778671,2026-07-09 17:22:45.106111
1153.04296875,521.25,5.669270235224284,-0.24497866312686414,2026-07-09 17:22:45.107089
1158.54296875,519.1875,5.874002574905803,-0.35877067027057225,2026-07-09 17:22:45.108092
1164.04296875,517.8125,5.669270235224284,-0.24497866312686414,2026-07-09 17:22:45.109117
1169.54296875,515.75,5.874002574905803,-0.35877067027057225,2026-07-09 17:22:45.110084
1174.35546875,513.6875,5.235844010281437,-0.40489178628508343,2026-07-09 17:22:45.111100
1179.16796875,512.3125,5.005075548880356,-0.27829965900511133,2026-07-09 17:22:45.112111
1183.98046875,510.9375,5.005075548880356,-0.27829965900511133,2026-07-09 17:22:45.113083
1188.79296875,508.875,5.235844010281437,-0.40489178628508343,2026-07-09 17:22:45.114122
1192.91796875,506.8125,4.611890203593316,-0.4636476090008061,2026-07-09 17:22:45.117494
1197.04296875,505.4375,4.348131782731522,-0.3217505543966422,2026-07-09 17:22:45.117817
1201.85546875,504.0625,5.005075548880356,-0.27829965900511133,2026-07-09 17:22:45.118108
1205.98046875,502.6875,4.348131782731522,-0.3217505543966422,2026-07-09 17:22:45.118485
1210.10546875,500.625,4.611890203593316,-0.4636476090008061,2026-07-09 17:22:45.119056
1213.54296875,499.25,3.7023008049049717,-0.3805063771123649,2026-07-09 17:22:45.120061
1216.98046875,497.875,3.7023008049049717,-0.3805063771123649,2026-07-09 17:22:45.121102
1220.41796875,496.5,3.7023008049049717,-0.3805063771123649,2026-07-09 17:22:45.122086
1223.85546875,495.125,3.7023008049049717,-0.3805063771123649,2026-07-09 17:22:45.123102
1227.29296875,493.75,3.7023008049049717,-0.3805063771123649,2026-07-09 17:22:45.124104
1230.04296875,492.375,3.074593469062211,-0.4636476090008061,2026-07-09 17:22:45.125098
1232.79296875,491.0,3.074593469062211,-0.4636476090008061,2026-07-09 17:22:45.126109
1235.54296875,490.3125,2.834635117612142,-0.24497866312686414,2026-07-09 17:22:45.127096
1238.29296875,488.9375,3.074593469062211,-0.4636476090008061,2026-07-09 17:22:45.128084
1240.35546875,488.25,2.174065891365761,-0.3217505543966422,2026-07-09 17:22:45.129106
1243.10546875,486.875,3.074593469062211,-0.4636476090008061,2026-07-09 17:22:45.130095
1245.16796875,485.5,2.4788165018814925,-0.5880026035475675,2026-07-09 17:22:45.131088
1247.23046875,484.8125,2.174065891365761,-0.3217505543966422,2026-07-09 17:22:45.133582
1249.29296875,484.125,2.174065891365761,-0.3217505543966422,2026-07-09 17:22:45.134005
1250.66796875,482.75,1.9445436482630056,-0.7853981633974483,2026-07-09 17:22:45.134411
1252.04296875,482.0625,1.5372967345311055,-0.4636476090008061,2026-07-09 17:22:45.135093
1254.10546875,481.375,2.174065891365761,-0.3217505543966422,2026-07-09 17:22:45.136101
1254.79296875,480.6875,0.9722718241315028,-0.7853981633974483,2026-07-09 17:22:45.137085
1256.16796875,480.0,1.5372967345311055,-0.4636476090008061,2026-07-09 17:22:45.138077
1257.54296875,479.3125,1.5372967345311055,-0.4636476090008061,2026-07-09 17:22:45.139061
1258.23046875,478.625,0.9722718241315028,-0.7853981633974483,2026-07-09 17:22:45.140100
1258.91796875,477.9375,0.9722718241315028,-0.7853981633974483,2026-07-09 17:22:45.141123
1259.60546875,477.25,0.9722718241315028,-0.7853981633974483,2026-07-09 17:22:45.142070
1260.29296875,476.5625,0.9722718241315028,-0.7853981633974483,2026-07-09 17:22:45.143063
1260.98046875,475.875,0.9722718241315028,-0.7853981633974483,2026-07-09 17:22:45.144089
1261.66796875,475.1875,0.9722718241315028,-0.7853981633974483,2026-07-09 17:22:45.145061
1262.35546875,475.1875,0.6875,0.0,2026-07-09 17:22:45.146232
1263.04296875,475.1875,0.6875,0.0,2026-07-09 17:22:45.147068
1263.73046875,474.5,0.9722718241315028,-0.7853981633974483,2026-07-09 17:22:45.150331
1264.41796875,474.5,0.6875,0.0,2026-07-09 17:22:45.150741
1264.41796875,473.8125,0.6875,-1.5707963267948966,2026-07-09 17:22:45.151112
1263.73046875,473.8125,0.6875,3.141592653589793,2026-07-09 17:22:45.412530
1263.04296875,473.8125,0.6875,3.141592653589793,2026-07-09 17:22:45.416549
1262.35546875,473.8125,0.6875,3.141592653589793,2026-07-09 17:22:45.416995
1261.66796875,473.125,0.9722718241315028,-2.356194490192345,2026-07-09 17:22:45.417336
1260.98046875,473.125,0.6875,3.141592653589793,2026-07-09 17:22:45.417653
1260.29296875,472.4375,0.9722718241315028,-2.356194490192345,2026-07-09 17:22:45.417958
1258.91796875,472.4375,1.375,3.141592653589793,2026-07-09 17:22:45.418291
1257.54296875,472.4375,1.375,3.141592653589793,2026-07-09 17:22:45.418611
1255.48046875,471.75,2.174065891365761,-2.819842099193151,2026-07-09 17:22:45.419102
1252.73046875,471.0625,2.834635117612142,-2.896613990462929,2026-07-09 17:22:45.420094
1250.66796875,470.375,2.174065891365761,-2.819842099193151,2026-07-09 17:22:45.421083
1248.60546875,470.375,2.0625,3.141592653589793,2026-07-09 17:22:45.422207
1245.85546875,469.6875,2.834635117612142,-2.896613990462929,2026-07-09 17:22:45.423070
1243.79296875,469.0,2.174065891365761,-2.819842099193151,2026-07-09 17:22:45.424290
1240.35546875,468.3125,3.5055759155950397,-2.9441970937399127,2026-07-09 17:22:45.425047
1236.91796875,467.625,3.5055759155950397,-2.9441970937399127,2026-07-09 17:22:45.426294
1233.48046875,466.9375,3.5055759155950397,-2.9441970937399127,2026-07-09 17:22:45.427053
1229.35546875,466.25,4.181899239580026,-2.976443976175166,2026-07-09 17:22:45.428286
1225.91796875,465.5625,3.5055759155950397,-2.9441970937399127,2026-07-09 17:22:45.429021
1221.79296875,464.875,4.181899239580026,-2.976443976175166,2026-07-09 17:22:45.430364
1217.66796875,464.1875,4.181899239580026,-2.976443976175166,2026-07-09 17:22:45.431026
1212.85546875,463.5,4.861359120657514,-2.999695598985629,2026-07-09 17:22:45.432013
1208.04296875,462.8125,4.861359120657514,-2.999695598985629,2026-07-09 17:22:45.433021
1203.23046875,462.125,4.861359120657514,-2.999695598985629,2026-07-09 17:22:45.434038
1197.73046875,461.4375,5.5428022019552525,-3.017237659043032,2026-07-09 17:22:45.435032
1191.54296875,460.0625,6.33843681438886,-2.922923707715851,2026-07-09 17:22:45.436363
1186.04296875,459.375,5.5428022019552525,-3.017237659043032,2026-07-09 17:22:45.437018
1179.85546875,458.0,6.33843681438886,-2.922923707715851,2026-07-09 17:22:45.438050
1173.66796875,457.3125,6.225577282469474,-3.0309354324158977,2026-07-09 17:22:45.439064
1167.48046875,455.9375,6.33843681438886,-2.922923707715851,2026-07-09 17:22:45.440219
1160.60546875,455.25,6.909289489520612,-3.0419240010986313,2026-07-09 17:22:45.441020
1153.04296875,453.875,7.686483672655527,-2.961739153797315,2026-07-09 17:22:45.442015
1146.16796875,453.1875,6.909289489520612,-3.0419240010986313,2026-07-09 17:22:45.443288
1138.60546875,451.8125,7.686483672655527,-2.961739153797315,2026-07-09 17:22:45.443994
1131.73046875,451.125,6.909289489520612,-3.0419240010986313,2026-07-09 17:22:45.445328
1124.16796875,450.4375,7.593685699316242,-3.050932766389048,2026-07-09 17:22:45.446022
1116.60546875,449.0625,7.686483672655527,-2.961739153797315,2026-07-09 17:22:45.447337
1108.35546875,448.375,8.278596272919703,-3.058451421701352,2026-07-09 17:22:45.450513
1100.79296875,447.0,7.686483672655527,-2.961739153797315,2026-07-09 17:22:45.450812
1092.54296875,445.625,8.363798479160051,-2.976443976175166,2026-07-09 17:22:45.451048
1082.91796875,444.9375,9.649522332737511,-3.070285188804503,2026-07-09 17:22:45.451298
1073.98046875,443.5625,9.04265067610156,-2.988943325194528,2026-07-09 17:22:45.452018
1065.73046875,442.875,8.278596272919703,-3.058451421701352,2026-07-09 17:22:45.453256
1056.79296875,441.5,9.04265067610156,-2.988943325194528,2026-07-09 17:22:45.454016
1047.16796875,440.125,9.722718241315029,-2.999695598985629,2026-07-09 17:22:45.455039
1038.23046875,438.75,9.04265067610156,-2.988943325194528,2026-07-09 17:22:45.456067
1029.29296875,438.0625,8.963903307153641,-3.064820762320015,2026-07-09 17:22:45.457262
1019.66796875,437.375,9.649522332737511,-3.070285188804503,2026-07-09 17:22:45.458023
1010.04296875,436.0,9.722718241315029,-2.999695598985629,2026-07-09 17:22:45.459168
1001.10546875,435.3125,8.963903307153641,-3.064820762320015,2026-07-09 17:22:45.460319
990.79296875,433.9375,10.403762840914819,-3.0090411212931194,2026-07-09 17:22:45.461043
981.16796875,432.5625,9.722718241315029,-2.999695598985629,2026-07-09 17:22:45.462336
970.85546875,431.875,10.335391260131374,-3.0750244898139694,2026-07-09 17:22:45.463028
961.23046875,430.5,9.722718241315029,-2.999695598985629,2026-07-09 17:22:45.464349
950.23046875,429.8125,11.021463435043461,-3.079173843593836,2026-07-09 17:22:45.468995
939.91796875,428.4375,10.403762840914819,-3.0090411212931194,2026-07-09 17:22:45.469725
929.60546875,427.0625,10.403762840914819,-3.0090411212931194,2026-07-09 17:22:45.470046
920.66796875,426.375,8.963903307153641,-3.064820762320015,2026-07-09 17:22:45.470343
910.35546875,425.0,10.403762840914819,-3.0090411212931194,2026-07-09 17:22:45.470604
899.35546875,424.3125,11.021463435043461,-3.079173843593836,2026-07-09 17:22:45.470850
889.04296875,423.625,10.335391260131374,-3.0750244898139694,2026-07-09 17:22:45.471096
878.73046875,422.25,10.403762840914819,-3.0090411212931194,2026-07-09 17:22:45.472192
868.41796875,421.5625,10.335391260131374,-3.0750244898139694,2026-07-09 17:22:45.472926
858.10546875,420.875,10.335391260131374,-3.0750244898139694,2026-07-09 17:22:45.474168
847.79296875,419.5,10.403762840914819,-3.0090411212931194,2026-07-09 17:22:45.474999
837.48046875,418.8125,10.335391260131374,-3.0750244898139694,2026-07-09 17:22:45.475997
827.16796875,417.4375,10.403762840914819,-3.0090411212931194,2026-07-09 17:22:45.476998
816.85546875,416.0625,10.403762840914819,-3.0090411212931194,2026-07-09 17:22:45.478054
806.54296875,415.375,10.335391260131374,-3.0750244898139694,2026-07-09 17:22:45.478911
796.23046875,414.0,10.403762840914819,-3.0090411212931194,2026-07-09 17:22:45.480221
785.91796875,413.3125,10.335391260131374,-3.0750244898139694,2026-07-09 17:22:45.480918
776.29296875,412.625,9.649522332737511,-3.070285188804503,2026-07-09 17:22:45.483000
765.98046875,411.25,10.403762840914819,-3.0090411212931194,2026-07-09 17:22:45.483675
756.35546875,410.5625,9.649522332737511,-3.070285188804503,2026-07-09 17:22:45.483957
746.73046875,409.1875,9.722718241315029,-2.999695598985629,2026-07-09 17:22:45.484976
737.10546875,407.8125,9.722718241315029,-2.999695598985629,2026-07-09 17:22:45.486089
727.48046875,407.125,9.649522332737511,-3.070285188804503,2026-07-09 17:22:45.486919
717.85546875,405.75,9.722718241315029,-2.999695598985629,2026-07-09 17:22:45.488186
708.23046875,405.0625,9.649522332737511,-3.070285188804503,2026-07-09 17:22:45.489001
699.29296875,404.375,8.963903307153641,-3.064820762320015,2026-07-09 17:22:45.489954
691.04296875,403.0,8.363798479160051,-2.976443976175166,2026-07-09 17:22:45.490960
682.10546875,402.3125,8.963903307153641,-3.064820762320015,2026-07-09 17:22:45.492205
673.85546875,400.9375,8.363798479160051,-2.976443976175166,2026-07-09 17:22:45.493008
665.60546875,400.25,8.278596272919703,-3.058451421701352,2026-07-09 17:22:45.494175
656.66796875,398.875,9.04265067610156,-2.988943325194528,2026-07-09 17:22:45.495015
649.10546875,398.1875,7.593685699316242,-3.050932766389048,2026-07-09 17:22:45.496137
640.85546875,397.5,8.278596272919703,-3.058451421701352,2026-07-09 17:22:45.496929
633.29296875,396.8125,7.593685699316242,-3.050932766389048,2026-07-09 17:22:45.500007
625.73046875,395.4375,7.686483672655527,-2.961739153797315,2026-07-09 17:22:45.500646
618.16796875,394.0625,7.686483672655527,-2.961739153797315,2026-07-09 17:22:45.500909
611.29296875,393.375,6.909289489520612,-3.0419240010986313,2026-07-09 17:22:45.501238
603.73046875,392.6875,7.593685699316242,-3.050932766389048,2026-07-09 17:22:45.501997
596.85546875,392.0,6.909289489520612,-3.0419240010986313,2026-07-09 17:22:45.502930
591.35546875,390.625,5.669270235224284,-2.896613990462929,2026-07-09 17:22:45.504012
585.16796875,389.9375,6.225577282469474,-3.0309354324158977,2026-07-09 17:22:45.505105
578.98046875,389.25,6.225577282469474,-3.0309354324158977,2026-07-09 17:22:45.505944
572.79296875,388.5625,6.225577282469474,-3.0309354324158977,2026-07-09 17:22:45.507117
567.29296875,387.875,5.5428022019552525,-3.017237659043032,2026-07-09 17:22:45.507938
561.79296875,387.1875,5.5428022019552525,-3.017237659043032,2026-07-09 17:22:45.509105
556.29296875,386.5,5.5428022019552525,-3.017237659043032,2026-07-09 17:22:45.509973
551.48046875,385.8125,4.861359120657514,-2.999695598985629,2026-07-09 17:22:45.510939
546.66796875,385.125,4.861359120657514,-2.999695598985629,2026-07-09 17:22:45.511975
541.85546875,384.4375,4.861359120657514,-2.999695598985629,2026-07-09 17:22:45.513114
537.04296875,383.75,4.861359120657514,-2.999695598985629,2026-07-09 17:22:45.514022
532.23046875,383.0625,4.861359120657514,-2.999695598985629,2026-07-09 17:22:45.516493
528.79296875,382.375,3.5055759155950397,-2.9441970937399127,2026-07-09 17:22:45.517203
524.66796875,381.6875,4.181899239580026,-2.976443976175166,2026-07-09 17:22:45.517741
521.23046875,381.0,3.5055759155950397,-2.9441970937399127,2026-07-09 17:22:45.518365
517.79296875,380.3125,3.5055759155950397,-2.9441970937399127,2026-07-09 17:22:45.519089
514.35546875,379.625,3.5055759155950397,-2.9441970937399127,2026-07-09 17:22:45.520066
510.91796875,378.9375,3.5055759155950397,-2.9441970937399127,2026-07-09 17:22:45.521031
508.16796875,378.9375,2.75,3.141592653589793,2026-07-09 17:22:45.522091
505.41796875,378.25,2.834635117612142,-2.896613990462929,2026-07-09 17:22:45.523053
502.66796875,377.5625,2.834635117612142,-2.896613990462929,2026-07-09 17:22:45.524033
500.60546875,377.5625,2.0625,3.141592653589793,2026-07-09 17:22:45.525014
497.85546875,377.5625,2.75,3.141592653589793,2026-07-09 17:22:45.526009
495.79296875,376.875,2.174065891365761,-2.819842099193151,2026-07-09 17:22:45.526992
493.73046875,376.875,2.0625,3.141592653589793,2026-07-09 17:22:45.528073
492.35546875,376.1875,1.5372967345311055,-2.677945044588987,2026-07-09 17:22:45.529023
490.98046875,375.5,1.5372967345311055,-2.677945044588987,2026-07-09 17:22:45.530059
488.91796875,375.5,2.0625,3.141592653589793,2026-07-09 17:22:45.531030
488.23046875,375.5,0.6875,3.141592653589793,2026-07-09 17:22:45.533015
486.85546875,374.8125,1.5372967345311055,-2.677945044588987,2026-07-09 17:22:45.533579
486.16796875,374.8125,0.6875,3.141592653589793,2026-07-09 17:22:45.534063
484.79296875,374.8125,1.375,3.141592653589793,2026-07-09 17:22:45.535017
484.10546875,374.8125,0.6875,3.141592653589793,2026-07-09 17:22:45.536032
483.41796875,374.125,0.9722718241315028,-2.356194490192345,2026-07-09 17:22:45.537024
482.73046875,374.125,0.6875,3.141592653589793,2026-07-09 17:22:45.539130
482.04296875,374.125,0.6875,3.141592653589793,2026-07-09 17:22:45.541168
481.35546875,374.125,0.6875,3.141592653589793,2026-07-09 17:22:45.767359
482.04296875,374.125,0.6875,0.0,2026-07-09 17:22:45.770627
482.73046875,373.4375,0.9722718241315028,-0.7853981633974483,2026-07-09 17:22:45.772641
483.41796875,373.4375,0.6875,0.0,2026-07-09 17:22:45.774677
484.10546875,373.4375,0.6875,0.0,2026-07-09 17:22:45.776427
484.79296875,373.4375,0.6875,0.0,2026-07-09 17:22:45.777831
485.48046875,372.75,0.9722718241315028,-0.7853981633974483,2026-07-09 17:22:45.778952
486.85546875,372.0625,1.5372967345311055,-0.4636476090008061,2026-07-09 17:22:45.780037
488.23046875,371.375,1.5372967345311055,-0.4636476090008061,2026-07-09 17:22:45.780793
490.29296875,370.6875,2.174065891365761,-0.3217505543966422,2026-07-09 17:22:45.781457
492.35546875,370.0,2.174065891365761,-0.3217505543966422,2026-07-09 17:22:45.782051
494.41796875,370.0,2.0625,0.0,2026-07-09 17:22:45.782654
496.48046875,369.3125,2.174065891365761,-0.3217505543966422,2026-07-09 17:22:45.783214
499.23046875,368.625,2.834635117612142,-0.24497866312686414,2026-07-09 17:22:45.783772
501.98046875,367.9375,2.834635117612142,-0.24497866312686414,2026-07-09 17:22:45.784324
504.73046875,367.25,2.834635117612142,-0.24497866312686414,2026-07-09 17:22:45.784895
508.16796875,365.875,3.7023008049049717,-0.3805063771123649,2026-07-09 17:22:45.785471
512.29296875,365.1875,4.181899239580026,-0.16514867741462683,2026-07-09 17:22:45.786072
515.73046875,363.8125,3.7023008049049717,-0.3805063771123649,2026-07-09 17:22:45.786689
520.54296875,362.4375,5.005075548880356,-0.27829965900511133,2026-07-09 17:22:45.787253
524.66796875,361.0625,4.348131782731522,-0.3217505543966422,2026-07-09 17:22:45.788066
529.48046875,359.6875,5.005075548880356,-0.27829965900511133,2026-07-09 17:22:45.789069
534.98046875,357.625,5.874002574905803,-0.35877067027057225,2026-07-09 17:22:45.790272
541.16796875,356.25,6.33843681438886,-0.21866894587394195,2026-07-09 17:22:45.791081
545.98046875,354.875,5.005075548880356,-0.27829965900511133,2026-07-09 17:22:45.792064
552.85546875,352.8125,7.177710724876003,-0.2914567944778671,2026-07-09 17:22:45.793183
558.35546875,351.4375,5.669270235224284,-0.24497866312686414,2026-07-09 17:22:45.794043
564.54296875,348.6875,6.771089738734822,-0.4182243295792291,2026-07-09 17:22:45.795387
570.73046875,347.3125,6.33843681438886,-0.21866894587394195,2026-07-09 17:22:45.796360
577.60546875,345.25,7.177710724876003,-0.2914567944778671,2026-07-09 17:22:45.797351
614.73046875,334.9375,38.530679740305644,-0.27094685033842053,2026-07-09 17:22:45.802696
622.98046875,332.875,8.503905352836425,-0.24497866312686414,2026-07-09 17:22:45.803445
630.54296875,330.8125,7.838706047556574,-0.2662520491509254,2026-07-09 17:22:45.804048
638.79296875,328.75,8.503905352836425,-0.24497866312686414,2026-07-09 17:22:45.805132
647.73046875,326.0,9.351010974755617,-0.2984989315861793,2026-07-09 17:22:45.806081
655.98046875,323.9375,8.503905352836425,-0.24497866312686414,2026-07-09 17:22:45.807214
665.60546875,321.1875,10.010151097760712,-0.27829965900511133,2026-07-09 17:22:45.808042
674.54296875,319.125,9.172394044086854,-0.22679884805388587,2026-07-09 17:22:45.809261
683.48046875,316.375,9.351010974755617,-0.2984989315861793,2026-07-09 17:22:45.810251
693.10546875,313.625,10.010151097760712,-0.27829965900511133,2026-07-09 17:22:45.811057
702.73046875,311.5625,9.843501981002493,-0.21109333322274654,2026-07-09 17:22:45.812188
711.66796875,308.8125,9.351010974755617,-0.2984989315861793,2026-07-09 17:22:45.813037
721.29296875,306.0625,10.010151097760712,-0.27829965900511133,2026-07-09 17:22:45.814280
730.91796875,303.3125,10.010151097760712,-0.27829965900511133,2026-07-09 17:22:45.817670
740.54296875,301.25,9.843501981002493,-0.21109333322274654,2026-07-09 17:22:45.818046
749.48046875,298.5,9.351010974755617,-0.2984989315861793,2026-07-09 17:22:45.818404
759.79296875,295.75,10.672870103678767,-0.260602391747341,2026-07-09 17:22:45.818766
770.79296875,292.3125,11.524600047290145,-0.3028848683749714,2026-07-09 17:22:45.819161
780.41796875,289.5625,10.010151097760712,-0.27829965900511133,2026-07-09 17:22:45.820061
790.04296875,286.8125,10.010151097760712,-0.27829965900511133,2026-07-09 17:22:45.821106
798.98046875,284.0625,9.351010974755617,-0.2984989315861793,2026-07-09 17:22:45.822102
809.29296875,281.3125,10.672870103678767,-0.260602391747341,2026-07-09 17:22:45.823082
818.91796875,279.25,9.843501981002493,-0.21109333322274654,2026-07-09 17:22:45.824121
828.54296875,276.5,10.010151097760712,-0.27829965900511133,2026-07-09 17:22:45.825041
838.16796875,273.75,10.010151097760712,-0.27829965900511133,2026-07-09 17:22:45.826095
847.10546875,271.0,9.351010974755617,-0.2984989315861793,2026-07-09 17:22:45.827014
856.73046875,267.5625,10.220422263781472,-0.3430239404207034,2026-07-09 17:22:45.828085
866.35546875,264.8125,10.010151097760712,-0.27829965900511133,2026-07-09 17:22:45.828991
875.98046875,261.375,10.220422263781472,-0.3430239404207034,2026-07-09 17:22:45.830095
884.91796875,258.625,9.351010974755617,-0.2984989315861793,2026-07-09 17:22:45.830978
893.16796875,255.875,8.696263565463044,-0.3217505543966422,2026-07-09 17:22:45.833406
902.79296875,253.125,10.010151097760712,-0.27829965900511133,2026-07-09 17:22:45.833998
911.04296875,250.375,8.696263565463044,-0.3217505543966422,2026-07-09 17:22:45.834522
919.29296875,247.625,8.696263565463044,-0.3217505543966422,2026-07-09 17:22:45.835043
928.23046875,244.875,9.351010974755617,-0.2984989315861793,2026-07-09 17:22:45.836022
937.16796875,242.125,9.351010974755617,-0.2984989315861793,2026-07-09 17:22:45.837020
945.41796875,238.6875,8.9375,-0.3947911196997615,2026-07-09 17:22:45.838044
954.35546875,235.9375,9.351010974755617,-0.2984989315861793,2026-07-09 17:22:45.839063
961.91796875,233.1875,8.046981188619743,-0.348771003583907,2026-07-09 17:22:45.839981
970.85546875,230.4375,9.351010974755617,-0.2984989315861793,2026-07-09 17:22:45.841073
978.41796875,227.6875,8.046981188619743,-0.348771003583907,2026-07-09 17:22:45.842097
985.98046875,224.9375,8.046981188619743,-0.348771003583907,2026-07-09 17:22:45.843032
993.54296875,222.1875,8.046981188619743,-0.348771003583907,2026-07-09 17:22:45.844085
1001.10546875,218.75,8.307094106846268,-0.4266274931268761,2026-07-09 17:22:45.845037
1008.66796875,216.0,8.046981188619743,-0.348771003583907,2026-07-09 17:22:45.846055
1015.54296875,213.25,7.404601609809943,-0.3805063771123649,2026-07-09 17:22:45.847059
1022.41796875,211.1875,7.177710724876003,-0.2914567944778671,2026-07-09 17:22:45.849414
1029.29296875,208.4375,7.404601609809943,-0.3805063771123649,2026-07-09 17:22:45.850065
1035.48046875,205.6875,6.771089738734822,-0.4182243295792291,2026-07-09 17:22:45.850560
1041.66796875,202.9375,6.771089738734822,-0.4182243295792291,2026-07-09 17:22:45.851119
1047.85546875,200.1875,6.771089738734822,-0.4182243295792291,2026-07-09 17:22:45.852000
1054.73046875,198.125,7.177710724876003,-0.2914567944778671,2026-07-09 17:22:45.853068
1060.91796875,195.375,6.771089738734822,-0.4182243295792291,2026-07-09 17:22:45.854075
1066.41796875,193.3125,5.874002574905803,-0.35877067027057225,2026-07-09 17:22:45.855072
1071.23046875,191.25,5.235844010281437,-0.40489178628508343,2026-07-09 17:22:45.856084
1077.41796875,188.5,6.771089738734822,-0.4182243295792291,2026-07-09 17:22:45.856990
1082.91796875,185.75,6.149186938124422,-0.4636476090008061,2026-07-09 17:22:45.858071
1088.41796875,183.0,6.149186938124422,-0.4636476090008061,2026-07-09 17:22:45.859013
1093.23046875,180.9375,5.235844010281437,-0.40489178628508343,2026-07-09 17:22:45.860060
1098.73046875,178.875,5.874002574905803,-0.35877067027057225,2026-07-09 17:22:45.860995
1102.85546875,176.8125,4.611890203593316,-0.4636476090008061,2026-07-09 17:22:45.862067
1107.66796875,174.75,5.235844010281437,-0.40489178628508343,2026-07-09 17:22:45.862998
1112.48046875,172.0,5.5428022019552525,-0.5191461142465229,2026-07-09 17:22:45.864106
1117.29296875,169.9375,5.235844010281437,-0.40489178628508343,2026-07-09 17:22:45.866378
1121.41796875,167.875,4.611890203593316,-0.4636476090008061,2026-07-09 17:22:45.866869
1126.23046875,165.8125,5.235844010281437,-0.40489178628508343,2026-07-09 17:22:45.867303
1130.35546875,163.75,4.611890203593316,-0.4636476090008061,2026-07-09 17:22:45.868008
1133.79296875,161.6875,4.008779427706144,-0.5404195002705842,2026-07-09 17:22:45.869065
1137.91796875,159.625,4.611890203593316,-0.4636476090008061,2026-07-09 17:22:45.870013
1141.35546875,158.25,3.7023008049049717,-0.3805063771123649,2026-07-09 17:22:45.871079
1144.79296875,156.1875,4.008779427706144,-0.5404195002705842,2026-07-09 17:22:45.872019
1148.91796875,154.125,4.611890203593316,-0.4636476090008061,2026-07-09 17:22:45.873021
1152.35546875,152.75,3.7023008049049717,-0.3805063771123649,2026-07-09 17:22:45.874008
1155.10546875,151.375,3.074593469062211,-0.4636476090008061,2026-07-09 17:22:45.875033
1158.54296875,149.3125,4.008779427706144,-0.5404195002705842,2026-07-09 17:22:45.876028
1161.29296875,147.9375,3.074593469062211,-0.4636476090008061,2026-07-09 17:22:45.877000
1164.73046875,146.5625,3.7023008049049717,-0.3805063771123649,2026-07-09 17:22:45.878061
1167.48046875,145.1875,3.074593469062211,-0.4636476090008061,2026-07-09 17:22:45.878995
1170.23046875,143.8125,3.074593469062211,-0.4636476090008061,2026-07-09 17:22:45.880049
1172.98046875,141.75,3.4375,-0.6435011087932844,2026-07-09 17:22:45.880979
1175.04296875,141.0625,2.174065891365761,-0.3217505543966422,2026-07-09 17:22:45.882676
1177.79296875,139.6875,3.074593469062211,-0.4636476090008061,2026-07-09 17:22:45.883296
1179.85546875,138.3125,2.4788165018814925,-0.5880026035475675,2026-07-09 17:22:45.883987
1182.60546875,136.9375,3.074593469062211,-0.4636476090008061,2026-07-09 17:22:45.885039
1184.66796875,136.25,2.174065891365761,-0.3217505543966422,2026-07-09 17:22:45.886049
1186.04296875,134.875,1.9445436482630056,-0.7853981633974483,2026-07-09 17:22:45.887056
1188.10546875,134.1875,2.174065891365761,-0.3217505543966422,2026-07-09 17:22:45.888042
1189.48046875,133.5,1.5372967345311055,-0.4636476090008061,2026-07-09 17:22:45.889034
1191.54296875,132.125,2.4788165018814925,-0.5880026035475675,2026-07-09 17:22:45.889976
1192.91796875,130.75,1.9445436482630056,-0.7853981633974483,2026-07-09 17:22:45.891091
1194.29296875,130.0625,1.5372967345311055,-0.4636476090008061,2026-07-09 17:22:45.892063
1195.66796875,129.375,1.5372967345311055,-0.4636476090008061,2026-07-09 17:22:45.893071
1197.04296875,128.6875,1.5372967345311055,-0.4636476090008061,2026-07-09 17:22:45.893996
1197.73046875,128.0,0.9722718241315028,-0.7853981633974483,2026-07-09 17:22:45.895046
1199.10546875,127.3125,1.5372967345311055,-0.4636476090008061,2026-07-09 17:22:45.895996
1199.79296875,126.625,0.9722718241315028,-0.7853981633974483,2026-07-09 17:22:45.897048
1200.48046875,125.9375,0.9722718241315028,-0.7853981633974483,2026-07-09 17:22:45.899507
1201.85546875,125.9375,1.375,0.0,2026-07-09 17:22:45.900013
1202.54296875,125.25,0.9722718241315028,-0.7853981633974483,2026-07-09 17:22:45.900485
1203.23046875,125.25,0.6875,0.0,2026-07-09 17:22:45.901084
1203.91796875,124.5625,0.9722718241315028,-0.7853981633974483,2026-07-09 17:22:45.902018
1204.60546875,124.5625,0.6875,0.0,2026-07-09 17:22:45.903057
1205.29296875,123.875,0.9722718241315028,-0.7853981633974483,2026-07-09 17:22:45.903991
1205.98046875,123.875,0.6875,0.0,2026-07-09 17:22:45.907107
1205.98046875,124.5625,0.6875,1.5707963267948966,2026-07-09 17:22:46.126088
1205.29296875,125.25,0.9722718241315028,2.356194490192345,2026-07-09 17:22:46.130041
1204.60546875,125.9375,0.9722718241315028,2.356194490192345,2026-07-09 17:22:46.132369
1204.60546875,126.625,0.6875,1.5707963267948966,2026-07-09 17:22:46.134487
1203.91796875,127.3125,0.9722718241315028,2.356194490192345,2026-07-09 17:22:46.136222
1203.23046875,128.0,0.9722718241315028,2.356194490192345,2026-07-09 17:22:46.137791
1202.54296875,128.6875,0.9722718241315028,2.356194490192345,2026-07-09 17:22:46.139177
1201.85546875,129.375,0.9722718241315028,2.356194490192345,2026-07-09 17:22:46.140157
1201.16796875,130.75,1.5372967345311055,2.0344439357957027,2026-07-09 17:22:46.140938
1200.48046875,132.125,1.5372967345311055,2.0344439357957027,2026-07-09 17:22:46.141624
1199.79296875,133.5,1.5372967345311055,2.0344439357957027,2026-07-09 17:22:46.142216
1199.10546875,134.875,1.5372967345311055,2.0344439357957027,2026-07-09 17:22:46.142819
1197.73046875,136.25,1.9445436482630056,2.356194490192345,2026-07-09 17:22:46.143385
1196.35546875,137.625,1.9445436482630056,2.356194490192345,2026-07-09 17:22:46.143939
1194.98046875,139.6875,2.4788165018814925,2.158798930342464,2026-07-09 17:22:46.144496
1194.29296875,141.75,2.174065891365761,1.892546881191539,2026-07-09 17:22:46.144976
1192.91796875,143.8125,2.4788165018814925,2.158798930342464,2026-07-09 17:22:46.145430
1191.54296875,145.1875,1.9445436482630056,2.356194490192345,2026-07-09 17:22:46.145884
1190.16796875,147.9375,3.074593469062211,2.0344439357957027,2026-07-09 17:22:46.146331
1188.10546875,150.6875,3.4375,2.214297435588181,2026-07-09 17:22:46.146804
1186.73046875,152.75,2.4788165018814925,2.158798930342464,2026-07-09 17:22:46.147280
1185.35546875,155.5,3.074593469062211,2.0344439357957027,2026-07-09 17:22:46.147870
1183.29296875,158.9375,4.008779427706144,2.1112158270654806,2026-07-09 17:22:46.148393
1181.23046875,161.6875,3.4375,2.214297435588181,2026-07-09 17:22:46.148910
1179.16796875,164.4375,3.4375,2.214297435588181,2026-07-09 17:22:46.149415
1177.10546875,167.875,4.008779427706144,2.1112158270654806,2026-07-09 17:22:46.149953
1175.04296875,171.3125,4.008779427706144,2.1112158270654806,2026-07-09 17:22:46.150716
1172.29296875,174.75,4.402147913235083,2.2455372690184494,2026-07-09 17:22:46.151335
1169.54296875,178.1875,4.402147913235083,2.2455372690184494,2026-07-09 17:22:46.152024
1166.79296875,181.625,4.402147913235083,2.2455372690184494,2026-07-09 17:22:46.153160
1164.04296875,185.0625,4.402147913235083,2.2455372690184494,2026-07-09 17:22:46.154045
1161.29296875,189.1875,4.957633003762985,2.158798930342464,2026-07-09 17:22:46.155163
1157.85546875,194.0,5.914098621091806,2.191045812777718,2026-07-09 17:22:46.156038
1155.10546875,197.4375,4.402147913235083,2.2455372690184494,2026-07-09 17:22:46.157091
1151.66796875,201.5625,5.369546652185825,2.2655346029916,2026-07-09 17:22:46.158114
1148.23046875,206.375,5.914098621091806,2.191045812777718,2026-07-09 17:22:46.159219
1144.79296875,210.5,5.369546652185825,2.2655346029916,2026-07-09 17:22:46.160017
1141.35546875,215.3125,5.914098621091806,2.191045812777718,2026-07-09 17:22:46.161125
1137.91796875,220.125,5.914098621091806,2.191045812777718,2026-07-09 17:22:46.162029
1133.79296875,224.9375,6.33843681438886,2.279422598922567,2026-07-09 17:22:46.163029
1129.66796875,229.0625,5.833630944789017,2.356194490192345,2026-07-09 17:22:46.164182
1125.54296875,234.5625,6.875,2.214297435588181,2026-07-09 17:22:46.167158
1120.73046875,239.375,6.80590276892052,2.356194490192345,2026-07-09 17:22:46.167662
1116.60546875,244.875,6.875,2.214297435588181,2026-07-09 17:22:46.168107
1111.79296875,250.375,7.308225246255072,2.289626326416521,2026-07-09 17:22:46.168549
1106.98046875,255.1875,6.80590276892052,2.356194490192345,2026-07-09 17:22:46.169059
1102.16796875,260.0,6.80590276892052,2.356194490192345,2026-07-09 17:22:46.170370
1097.35546875,265.5,7.308225246255072,2.289626326416521,2026-07-09 17:22:46.171360
1091.85546875,271.0,7.7781745930520225,2.356194490192345,2026-07-09 17:22:46.172012
1086.35546875,276.5,7.7781745930520225,2.356194490192345,2026-07-09 17:22:46.173304
1081.54296875,282.0,7.308225246255072,2.289626326416521,2026-07-09 17:22:46.174330
1076.04296875,287.5,7.7781745930520225,2.356194490192345,2026-07-09 17:22:46.175298
1070.54296875,293.0,7.7781745930520225,2.356194490192345,2026-07-09 17:22:46.176020
1065.04296875,298.5,7.7781745930520225,2.356194490192345,2026-07-09 17:22:46.177330
1058.85546875,304.6875,8.750446417183525,2.356194490192345,2026-07-09 17:22:46.178369
1052.66796875,310.875,8.750446417183525,2.356194490192345,2026-07-09 17:22:46.179341
1046.48046875,316.375,8.278596272919703,2.4149503129080676,2026-07-09 17:22:46.180346
1040.29296875,322.5625,8.750446417183525,2.356194490192345,2026-07-09 17:22:46.185860
1035.48046875,327.375,6.80590276892052,2.356194490192345,2026-07-09 17:22:46.186270
1028.60546875,334.25,9.722718241315029,2.356194490192345,2026-07-09 17:22:46.186636
1021.04296875,340.4375,9.771210902441927,2.455863142683507,2026-07-09 17:22:46.186993
1014.16796875,346.625,9.249366532363176,2.408777551803287,2026-07-09 17:22:46.187336
1007.98046875,352.125,8.278596272919703,2.4149503129080676,2026-07-09 17:22:46.187694
1001.79296875,357.625,8.278596272919703,2.4149503129080676,2026-07-09 17:22:46.188043
995.60546875,363.125,8.278596272919703,2.4149503129080676,2026-07-09 17:22:46.188390
988.73046875,369.3125,9.249366532363176,2.408777551803287,2026-07-09 17:22:46.189250
981.85546875,374.8125,8.804295826470167,2.4668517113662407,2026-07-09 17:22:46.190232
975.66796875,380.3125,8.278596272919703,2.4149503129080676,2026-07-09 17:22:46.191217
968.79296875,385.8125,8.804295826470167,2.4668517113662407,2026-07-09 17:22:46.192210
961.91796875,391.3125,8.804295826470167,2.4668517113662407,2026-07-09 17:22:46.193208
955.73046875,396.125,7.838706047556574,2.4805494847391065,2026-07-09 17:22:46.194205
948.85546875,402.3125,9.249366532363176,2.408777551803287,2026-07-09 17:22:46.195189
942.66796875,407.125,7.838706047556574,2.4805494847391065,2026-07-09 17:22:46.196187
936.48046875,412.625,8.278596272919703,2.4149503129080676,2026-07-09 17:22:46.197218
930.29296875,418.125,8.278596272919703,2.4149503129080676,2026-07-09 17:22:46.201674
924.10546875,422.9375,7.838706047556574,2.4805494847391065,2026-07-09 17:22:46.202034
917.91796875,427.75,7.838706047556574,2.4805494847391065,2026-07-09 17:22:46.202383
911.73046875,433.25,8.278596272919703,2.4149503129080676,2026-07-09 17:22:46.202721
905.54296875,438.0625,7.838706047556574,2.4805494847391065,2026-07-09 17:22:46.203078
899.35546875,443.5625,8.278596272919703,2.4149503129080676,2026-07-09 17:22:46.203420
893.85546875,448.375,7.308225246255072,2.4227626539681686,2026-07-09 17:22:46.204036
888.35546875,452.5,6.875,2.498091544796509,2026-07-09 17:22:46.205271
882.85546875,457.3125,7.308225246255072,2.4227626539681686,2026-07-09 17:22:46.206274
877.35546875,462.125,7.308225246255072,2.4227626539681686,2026-07-09 17:22:46.207295
871.85546875,466.9375,7.308225246255072,2.4227626539681686,2026-07-09 17:22:46.208249
867.04296875,471.75,6.80590276892052,2.356194490192345,2026-07-09 17:22:46.209247
861.54296875,475.875,6.875,2.498091544796509,2026-07-09 17:22:46.210215
856.73046875,480.6875,6.80590276892052,2.356194490192345,2026-07-09 17:22:46.211240
852.60546875,484.8125,5.833630944789017,2.356194490192345,2026-07-09 17:22:46.212253
847.10546875,488.9375,6.875,2.498091544796509,2026-07-09 17:22:46.213220
842.98046875,493.0625,5.833630944789017,2.356194490192345,2026-07-09 17:22:46.214048
838.85546875,497.1875,5.833630944789017,2.356194490192345,2026-07-09 17:22:46.218364
834.04296875,501.3125,6.33843681438886,2.432966381462123,2026-07-09 17:22:46.218731
829.91796875,505.4375,5.833630944789017,2.356194490192345,2026-07-09 17:22:46.219079
825.79296875,509.5625,5.833630944789017,2.356194490192345,2026-07-09 17:22:46.219419
822.35546875,514.375,5.914098621091806,2.191045812777718,2026-07-09 17:22:46.219769
818.23046875,518.5,5.833630944789017,2.356194490192345,2026-07-09 17:22:46.220109
814.79296875,521.9375,4.861359120657514,2.356194490192345,2026-07-09 17:22:46.221102
811.35546875,526.0625,5.369546652185825,2.2655346029916,2026-07-09 17:22:46.222139
807.91796875,529.5,4.861359120657514,2.356194490192345,2026-07-09 17:22:46.223187
804.48046875,532.9375,4.861359120657514,2.356194490192345,2026-07-09 17:22:46.224047
801.04296875,537.0625,5.369546652185825,2.2655346029916,2026-07-09 17:22:46.225114
797.60546875,540.5,4.861359120657514,2.356194490192345,2026-07-09 17:22:46.226140
794.85546875,543.9375,4.402147913235083,2.2455372690184494,2026-07-09 17:22:46.227118
791.41796875,548.0625,5.369546652185825,2.2655346029916,2026-07-09 17:22:46.228124
789.35546875,551.5,4.008779427706144,2.1112158270654806,2026-07-09 17:22:46.229240
786.60546875,554.25,3.8890872965260113,2.356194490192345,2026-07-09 17:22:46.230238
783.85546875,557.6875,4.402147913235083,2.2455372690184494,2026-07-09 17:22:46.234617
781.10546875,560.4375,3.8890872965260113,2.356194490192345,2026-07-09 17:22:46.234931
779.04296875,563.875,4.008779427706144,2.1112158270654806,2026-07-09 17:22:46.235246
776.29296875,567.3125,4.402147913235083,2.2455372690184494,2026-07-09 17:22:46.235609
773.54296875,570.0625,3.8890872965260113,2.356194490192345,2026-07-09 17:22:46.235955
770.79296875,573.5,4.402147913235083,2.2455372690184494,2026-07-09 17:22:46.236287
768.73046875,576.25,3.4375,2.214297435588181,2026-07-09 17:22:46.237222
766.66796875,579.0,3.4375,2.214297435588181,2026-07-09 17:22:46.238219
765.29296875,581.75,3.074593469062211,2.0344439357957027,2026-07-09 17:22:46.239227
763.23046875,583.8125,2.9168154723945086,2.356194490192345,2026-07-09 17:22:46.240074
761.16796875,585.875,2.9168154723945086,2.356194490192345,2026-07-09 17:22:46.241127
759.79296875,588.625,3.074593469062211,2.0344439357957027,2026-07-09 17:22:46.242139
757.73046875,590.6875,2.9168154723945086,2.356194490192345,2026-07-09 17:22:46.243134
756.35546875,593.4375,3.074593469062211,2.0344439357957027,2026-07-09 17:22:46.244134
754.98046875,595.5,2.4788165018814925,2.158798930342464,2026-07-09 17:22:46.245103
753.60546875,597.5625,2.4788165018814925,2.158798930342464,2026-07-09 17:22:46.246131
752.23046875,599.625,2.4788165018814925,2.158798930342464,2026-07-09 17:22:46.247130
750.85546875,601.6875,2.4788165018814925,2.158798930342464,2026-07-09 17:22:46.251281
750.16796875,603.0625,1.5372967345311055,2.0344439357957027,2026-07-09 17:22:46.251676
748.79296875,604.4375,1.9445436482630056,2.356194490192345,2026-07-09 17:22:46.252027
747.41796875,606.5,2.4788165018814925,2.158798930342464,2026-07-09 17:22:46.252356
746.73046875,607.875,1.5372967345311055,2.0344439357957027,2026-07-09 17:22:46.252686
746.04296875,609.25,1.5372967345311055,2.0344439357957027,2026-07-09 17:22:46.253065
745.35546875,610.625,1.5372967345311055,2.0344439357957027,2026-07-09 17:22:46.254172
744.66796875,612.0,1.5372967345311055,2.0344439357957027,2026-07-09 17:22:46.255152
743.98046875,612.6875,0.9722718241315028,2.356194490192345,2026-07-09 17:22:46.256120
743.29296875,613.375,0.9722718241315028,2.356194490192345,2026-07-09 17:22:46.257188
742.60546875,614.75,1.5372967345311055,2.0344439357957027,2026-07-09 17:22:46.258156
741.91796875,616.125,1.5372967345311055,2.0344439357957027,2026-07-09 17:22:46.259072
741.23046875,616.8125,0.9722718241315028,2.356194490192345,2026-07-09 17:22:46.260096
741.23046875,617.5,0.6875,1.5707963267948966,2026-07-09 17:22:46.261074
740.54296875,618.1875,0.9722718241315028,2.356194490192345,2026-07-09 17:22:46.262091
740.54296875,618.875,0.6875,1.5707963267948966,2026-07-09 17:22:46.263096
740.54296875,619.5625,0.6875,1.5707963267948966,2026-07-09 17:22:46.264085
739.85546875,620.25,0.9722718241315028,2.356194490192345,2026-07-09 17:22:46.267352
739.85546875,620.9375,0.6875,1.5707963267948966,2026-07-09 17:22:46.267703
739.85546875,621.625,0.6875,1.5707963267948966,2026-07-09 17:22:46.268115
739.16796875,621.625,0.6875,3.141592653589793,2026-07-09 17:22:46.269091
739.16796875,622.3125,0.6875,1.5707963267948966,2026-07-09 17:22:46.270090
739.16796875,623.0,0.6875,1.5707963267948966,2026-07-09 17:22:46.274172
738.48046875,623.0,0.6875,3.141592653589793,2026-07-09 17:22:46.513782
738.48046875,622.3125,0.6875,-1.5707963267948966,2026-07-09 17:22:46.523957
738.48046875,621.625,0.6875,-1.5707963267948966,2026-07-09 17:22:46.527278
737.79296875,621.625,0.6875,3.141592653589793,2026-07-09 17:22:46.529384
737.10546875,620.9375,0.9722718241315028,-2.356194490192345,2026-07-09 17:22:46.531441
736.41796875,620.25,0.9722718241315028,-2.356194490192345,2026-07-09 17:22:46.533731
735.73046875,619.5625,0.9722718241315028,-2.356194490192345,2026-07-09 17:22:46.535521
735.04296875,618.1875,1.5372967345311055,-2.0344439357957027,2026-07-09 17:22:46.536865
734.35546875,616.8125,1.5372967345311055,-2.0344439357957027,2026-07-09 17:22:46.537618
733.66796875,615.4375,1.5372967345311055,-2.0344439357957027,2026-07-09 17:22:46.538212
732.98046875,614.0625,1.5372967345311055,-2.0344439357957027,2026-07-09 17:22:46.538813
732.29296875,612.6875,1.5372967345311055,-2.0344439357957027,2026-07-09 17:22:46.539388
730.91796875,611.3125,1.9445436482630056,-2.356194490192345,2026-07-09 17:22:46.539937
729.54296875,609.9375,1.9445436482630056,-2.356194490192345,2026-07-09 17:22:46.540489
727.48046875,607.875,2.9168154723945086,-2.356194490192345,2026-07-09 17:22:46.541027
726.10546875,606.5,1.9445436482630056,-2.356194490192345,2026-07-09 17:22:46.541727
724.04296875,605.125,2.4788165018814925,-2.5535900500422257,2026-07-09 17:22:46.542355
721.98046875,603.0625,2.9168154723945086,-2.356194490192345,2026-07-09 17:22:46.542901
719.91796875,601.6875,2.4788165018814925,-2.5535900500422257,2026-07-09 17:22:46.543370
717.85546875,599.625,2.9168154723945086,-2.356194490192345,2026-07-09 17:22:46.543859
715.79296875,598.25,2.4788165018814925,-2.5535900500422257,2026-07-09 17:22:46.544339
713.73046875,596.1875,2.9168154723945086,-2.356194490192345,2026-07-09 17:22:46.544791
710.29296875,594.125,4.008779427706144,-2.601173153319209,2026-07-09 17:22:46.545240
707.54296875,592.0625,3.4375,-2.498091544796509,2026-07-09 17:22:46.545784
704.79296875,590.0,3.4375,-2.498091544796509,2026-07-09 17:22:46.546356
701.35546875,587.9375,4.008779427706144,-2.601173153319209,2026-07-09 17:22:46.546883
698.60546875,585.875,3.4375,-2.498091544796509,2026-07-09 17:22:46.547433
695.16796875,583.8125,4.008779427706144,-2.601173153319209,2026-07-09 17:22:46.552782
692.41796875,581.75,3.4375,-2.498091544796509,2026-07-09 17:22:46.553285
688.98046875,579.6875,4.008779427706144,-2.601173153319209,2026-07-09 17:22:46.553775
685.54296875,577.625,4.008779427706144,-2.601173153319209,2026-07-09 17:22:46.554227
682.10546875,576.25,3.7023008049049717,-2.761086276477428,2026-07-09 17:22:46.554693
677.98046875,574.1875,4.611890203593316,-2.677945044588987,2026-07-09 17:22:46.555178
673.85546875,572.8125,4.348131782731522,-2.819842099193151,2026-07-09 17:22:46.555791
669.73046875,570.0625,4.957633003762985,-2.5535900500422257,2026-07-09 17:22:46.556275
665.60546875,568.0,4.611890203593316,-2.677945044588987,2026-07-09 17:22:46.556738
661.48046875,565.9375,4.611890203593316,-2.677945044588987,2026-07-09 17:22:46.557135
656.66796875,563.875,5.235844010281437,-2.7367008673047097,2026-07-09 17:22:46.558128
651.85546875,561.8125,5.235844010281437,-2.7367008673047097,2026-07-09 17:22:46.559102
647.73046875,559.75,4.611890203593316,-2.677945044588987,2026-07-09 17:22:46.560274
642.91796875,557.6875,5.235844010281437,-2.7367008673047097,2026-07-09 17:22:46.561246
638.10546875,555.625,5.235844010281437,-2.7367008673047097,2026-07-09 17:22:46.562210
632.60546875,553.5625,5.874002574905803,-2.782821983319221,2026-07-09 17:22:46.563027
627.79296875,551.5,5.235844010281437,-2.7367008673047097,2026-07-09 17:22:46.564260
622.98046875,549.4375,5.235844010281437,-2.7367008673047097,2026-07-09 17:22:46.568047
617.48046875,547.375,5.874002574905803,-2.782821983319221,2026-07-09 17:22:46.568454
611.98046875,545.3125,5.874002574905803,-2.782821983319221,2026-07-09 17:22:46.568833
606.48046875,543.25,5.874002574905803,-2.782821983319221,2026-07-09 17:22:46.569233
600.98046875,541.1875,5.874002574905803,-2.782821983319221,2026-07-09 17:22:46.569623
595.48046875,539.125,5.874002574905803,-2.782821983319221,2026-07-09 17:22:46.570116
589.29296875,537.0625,6.522197674097282,-2.819842099193151,2026-07-09 17:22:46.571124
583.79296875,535.0,5.874002574905803,-2.782821983319221,2026-07-09 17:22:46.572048
577.60546875,533.625,6.33843681438886,-2.922923707715851,2026-07-09 17:22:46.573141
571.41796875,531.5625,6.522197674097282,-2.819842099193151,2026-07-09 17:22:46.574102
565.23046875,530.1875,6.33843681438886,-2.922923707715851,2026-07-09 17:22:46.575128
559.04296875,528.125,6.522197674097282,-2.819842099193151,2026-07-09 17:22:46.576115
552.85546875,526.0625,6.522197674097282,-2.819842099193151,2026-07-09 17:22:46.577110
545.98046875,524.6875,7.011151831190079,-2.9441970937399127,2026-07-09 17:22:46.578118
539.79296875,522.625,6.522197674097282,-2.819842099193151,2026-07-09 17:22:46.579104
532.91796875,521.25,7.011151831190079,-2.9441970937399127,2026-07-09 17:22:46.580105
526.04296875,519.875,7.011151831190079,-2.9441970937399127,2026-07-09 17:22:46.581128
519.16796875,517.8125,7.177710724876003,-2.8501358591119264,2026-07-09 17:22:46.584663
512.29296875,516.4375,7.011151831190079,-2.9441970937399127,2026-07-09 17:22:46.585080
506.10546875,515.0625,6.33843681438886,-2.922923707715851,2026-07-09 17:22:46.585463
498.54296875,513.0,7.838706047556574,-2.875340604438868,2026-07-09 17:22:46.585830
490.98046875,511.625,7.686483672655527,-2.961739153797315,2026-07-09 17:22:46.586178
484.10546875,510.25,7.011151831190079,-2.9441970937399127,2026-07-09 17:22:46.587096
477.23046875,508.875,7.011151831190079,-2.9441970937399127,2026-07-09 17:22:46.588123
470.35546875,507.5,7.011151831190079,-2.9441970937399127,2026-07-09 17:22:46.589147
462.79296875,505.4375,7.838706047556574,-2.875340604438868,2026-07-09 17:22:46.590069
455.23046875,504.0625,7.686483672655527,-2.961739153797315,2026-07-09 17:22:46.591118
447.66796875,502.6875,7.686483672655527,-2.961739153797315,2026-07-09 17:22:46.592132
440.10546875,500.625,7.838706047556574,-2.875340604438868,2026-07-09 17:22:46.593133
432.54296875,499.25,7.686483672655527,-2.961739153797315,2026-07-09 17:22:46.594123
424.98046875,497.875,7.686483672655527,-2.961739153797315,2026-07-09 17:22:46.595092
417.41796875,497.1875,7.593685699316242,-3.050932766389048,2026-07-09 17:22:46.596112
409.85546875,495.8125,7.686483672655527,-2.961739153797315,2026-07-09 17:22:46.597109
402.29296875,494.4375,7.686483672655527,-2.961739153797315,2026-07-09 17:22:46.600564
394.04296875,493.0625,8.363798479160051,-2.976443976175166,2026-07-09 17:22:46.600939
385.79296875,491.6875,8.363798479160051,-2.976443976175166,2026-07-09 17:22:46.601296
378.23046875,490.3125,7.686483672655527,-2.961739153797315,2026-07-09 17:22:46.601660
369.98046875,488.25,8.503905352836425,-2.896613990462929,2026-07-09 17:22:46.602080
362.41796875,487.5625,7.593685699316242,-3.050932766389048,2026-07-09 17:22:46.603053
354.85546875,486.1875,7.686483672655527,-2.961739153797315,2026-07-09 17:22:46.604050
346.60546875,484.8125,8.363798479160051,-2.976443976175166,2026-07-09 17:22:46.605137
339.04296875,483.4375,7.686483672655527,-2.961739153797315,2026-07-09 17:22:46.606170
330.79296875,482.75,8.278596272919703,-3.058451421701352,2026-07-09 17:22:46.607137
323.23046875,481.375,7.686483672655527,-2.961739153797315,2026-07-09 17:22:46.608139
315.66796875,480.0,7.686483672655527,-2.961739153797315,2026-07-09 17:22:46.609104
307.41796875,478.625,8.363798479160051,-2.976443976175166,2026-07-09 17:22:46.610043
299.16796875,477.9375,8.278596272919703,-3.058451421701352,2026-07-09 17:22:46.611070
291.60546875,476.5625,7.686483672655527,-2.961739153797315,2026-07-09 17:22:46.612065
284.04296875,475.1875,7.686483672655527,-2.961739153797315,2026-07-09 17:22:46.613041
275.10546875,473.125,9.172394044086854,-2.9147938055359073,2026-07-09 17:22:46.614062
266.16796875,472.4375,8.963903307153641,-3.064820762320015,2026-07-09 17:22:46.616909
258.60546875,471.0625,7.686483672655527,-2.961739153797315,2026-07-09 17:22:46.617287
251.73046875,470.375,6.909289489520612,-3.0419240010986313,2026-07-09 17:22:46.617651
244.16796875,469.6875,7.593685699316242,-3.050932766389048,2026-07-09 17:22:46.618045
237.29296875,468.3125,7.011151831190079,-2.9441970937399127,2026-07-09 17:22:46.619104
230.41796875,467.625,6.909289489520612,-3.0419240010986313,2026-07-09 17:22:46.620088
224.23046875,466.25,6.33843681438886,-2.922923707715851,2026-07-09 17:22:46.621078
217.35546875,465.5625,6.909289489520612,-3.0419240010986313,2026-07-09 17:22:46.622071
211.16796875,464.875,6.225577282469474,-3.0309354324158977,2026-07-09 17:22:46.623049
204.98046875,464.1875,6.225577282469474,-3.0309354324158977,2026-07-09 17:22:46.624095
198.79296875,463.5,6.225577282469474,-3.0309354324158977,2026-07-09 17:22:46.625089
192.60546875,462.8125,6.225577282469474,-3.0309354324158977,2026-07-09 17:22:46.626113
186.41796875,462.125,6.225577282469474,-3.0309354324158977,2026-07-09 17:22:46.627111
180.91796875,460.75,5.669270235224284,-2.896613990462929,2026-07-09 17:22:46.628112
174.73046875,460.0625,6.225577282469474,-3.0309354324158977,2026-07-09 17:22:46.629124
169.23046875,459.375,5.5428022019552525,-3.017237659043032,2026-07-09 17:22:46.630118
163.73046875,458.6875,5.5428022019552525,-3.017237659043032,2026-07-09 17:22:46.631104
158.91796875,458.0,4.861359120657514,-2.999695598985629,2026-07-09 17:22:46.633763
154.10546875,457.3125,4.861359120657514,-2.999695598985629,2026-07-09 17:22:46.634141
149.29296875,456.625,4.861359120657514,-2.999695598985629,2026-07-09 17:22:46.634493
143.79296875,455.9375,5.5428022019552525,-3.017237659043032,2026-07-09 17:22:46.635054
139.66796875,455.25,4.181899239580026,-2.976443976175166,2026-07-09 17:22:46.636102
135.54296875,454.5625,4.181899239580026,-2.976443976175166,2026-07-09 17:22:46.637084
131.41796875,453.875,4.181899239580026,-2.976443976175166,2026-07-09 17:22:46.638085
126.60546875,453.1875,4.861359120657514,-2.999695598985629,2026-07-09 17:22:46.639052
122.48046875,452.5,4.181899239580026,-2.976443976175166,2026-07-09 17:22:46.640072
119.04296875,451.8125,3.5055759155950397,-2.9441970937399127,2026-07-09 17:22:46.641076
114.91796875,451.125,4.181899239580026,-2.976443976175166,2026-07-09 17:22:46.642094
111.48046875,450.4375,3.5055759155950397,-2.9441970937399127,2026-07-09 17:22:46.643072
108.73046875,449.75,2.834635117612142,-2.896613990462929,2026-07-09 17:22:46.644104
105.29296875,449.0625,3.5055759155950397,-2.9441970937399127,2026-07-09 17:22:46.645077
101.85546875,448.375,3.5055759155950397,-2.9441970937399127,2026-07-09 17:22:46.646068
99.10546875,447.6875,2.834635117612142,-2.896613990462929,2026-07-09 17:22:46.647074
96.35546875,447.6875,2.75,3.141592653589793,2026-07-09 17:22:46.650831
93.60546875,447.0,2.834635117612142,-2.896613990462929,2026-07-09 17:22:46.651166
90.85546875,446.3125,2.834635117612142,-2.896613990462929,2026-07-09 17:22:46.651510
88.79296875,446.3125,2.0625,3.141592653589793,2026-07-09 17:22:46.651846
86.73046875,445.625,2.174065891365761,-2.819842099193151,2026-07-09 17:22:46.652175
83.98046875,444.9375,2.834635117612142,-2.896613990462929,2026-07-09 17:22:46.653099
81.91796875,444.9375,2.0625,3.141592653589793,2026-07-09 17:22:46.654089
79.85546875,444.25,2.174065891365761,-2.819842099193151,2026-07-09 17:22:46.655083
78.48046875,444.25,1.375,3.141592653589793,2026-07-09 17:22:46.656135
76.41796875,444.25,2.0625,3.141592653589793,2026-07-09 17:22:46.657101
75.04296875,443.5625,1.5372967345311055,-2.677945044588987,2026-07-09 17:22:46.658101
73.66796875,443.5625,1.375,3.141592653589793,2026-07-09 17:22:46.659098
72.29296875,443.5625,1.375,3.141592653589793,2026-07-09 17:22:46.660079
70.91796875,442.875,1.5372967345311055,-2.677945044588987,2026-07-09 17:22:46.661064
69.54296875,442.875,1.375,3.141592653589793,2026-07-09 17:22:46.662076
68.85546875,442.1875,0.9722718241315028,-2.356194490192345,2026-07-09 17:22:46.663091
67.48046875,442.1875,1.375,3.141592653589793,2026-07-09 17:22:46.664040
66.79296875,442.1875,0.6875,3.141592653589793,2026-07-09 17:22:46.667387
66.10546875,441.5,0.9722718241315028,-2.356194490192345,2026-07-09 17:22:46.667729
65.41796875,441.5,0.6875,3.141592653589793,2026-07-09 17:22:46.668039
64.73046875,441.5,0.6875,3.141592653589793,2026-07-09 17:22:46.668361
64.04296875,441.5,0.6875,3.141592653589793,2026-07-09 17:22:46.669037
63.35546875,440.8125,0.9722718241315028,-2.356194490192345,2026-07-09 17:22:46.670084
62.66796875,440.8125,0.6875,3.141592653589793,2026-07-09 17:22:46.671098
61.98046875,440.8125,0.6875,3.141592653589793,2026-07-09 17:22:46.675289
62.66796875,440.8125,0.6875,0.0,2026-07-09 17:22:46.864592
63.35546875,440.8125,0.6875,0.0,2026-07-09 17:22:46.868691
64.04296875,440.8125,0.6875,0.0,2026-07-09 17:22:46.870849
64.73046875,440.8125,0.6875,0.0,2026-07-09 17:22:46.873723
65.41796875,440.8125,0.6875,0.0,2026-07-09 17:22:46.875578
66.10546875,440.8125,0.6875,0.0,2026-07-09 17:22:46.877045
66.79296875,440.8125,0.6875,0.0,2026-07-09 17:22:46.878430
67.48046875,440.8125,0.6875,0.0,2026-07-09 17:22:46.879288
68.85546875,440.8125,1.375,0.0,2026-07-09 17:22:46.879963
70.23046875,440.8125,1.375,0.0,2026-07-09 17:22:46.880565
72.29296875,440.8125,2.0625,0.0,2026-07-09 17:22:46.881145
74.35546875,440.8125,2.0625,0.0,2026-07-09 17:22:46.881705
76.41796875,440.8125,2.0625,0.0,2026-07-09 17:22:46.882281
79.16796875,440.8125,2.75,0.0,2026-07-09 17:22:46.882937
81.91796875,440.8125,2.75,0.0,2026-07-09 17:22:46.883546
84.66796875,440.8125,2.75,0.0,2026-07-09 17:22:46.884167
88.10546875,441.5,3.5055759155950397,0.19739555984988075,2026-07-09 17:22:46.884749
92.23046875,441.5,4.125,0.0,2026-07-09 17:22:46.885341
95.66796875,441.5,3.4375,0.0,2026-07-09 17:22:46.885904
99.79296875,441.5,4.125,0.0,2026-07-09 17:22:46.886470
103.91796875,441.5,4.125,0.0,2026-07-09 17:22:46.886939
108.73046875,441.5,4.8125,0.0,2026-07-09 17:22:46.887407
113.54296875,441.5,4.8125,0.0,2026-07-09 17:22:46.887853
119.04296875,441.5,5.5,0.0,2026-07-09 17:22:46.888320
124.54296875,441.5,5.5,0.0,2026-07-09 17:22:46.888780
130.73046875,441.5,6.1875,0.0,2026-07-09 17:22:46.889395
136.23046875,441.5,5.5,0.0,2026-07-09 17:22:46.890062
143.10546875,441.5,6.875,0.0,2026-07-09 17:22:46.891201
149.98046875,441.5,6.875,0.0,2026-07-09 17:22:46.892028
157.54296875,441.5,7.5625,0.0,2026-07-09 17:22:46.893383
165.10546875,441.5,7.5625,0.0,2026-07-09 17:22:46.894380
172.66796875,441.5,7.5625,0.0,2026-07-09 17:22:46.895355
180.91796875,442.1875,8.278596272919703,0.08314123188844123,2026-07-09 17:22:46.896000
189.16796875,442.1875,8.25,0.0,2026-07-09 17:22:46.897367
197.41796875,442.1875,8.25,0.0,2026-07-09 17:22:46.902821
206.35546875,442.1875,8.9375,0.0,2026-07-09 17:22:46.903248
215.98046875,442.1875,9.625,0.0,2026-07-09 17:22:46.903651
226.29296875,442.1875,10.3125,0.0,2026-07-09 17:22:46.904048
235.91796875,442.1875,9.625,0.0,2026-07-09 17:22:46.904434
246.23046875,442.1875,10.3125,0.0,2026-07-09 17:22:46.904829
256.54296875,442.1875,10.3125,0.0,2026-07-09 17:22:46.905233
266.85546875,442.1875,10.3125,0.0,2026-07-09 17:22:46.905620
279.23046875,442.1875,12.375,0.0,2026-07-09 17:22:46.906126
290.23046875,442.1875,11.0,0.0,2026-07-09 17:22:46.907093
301.91796875,442.1875,11.6875,0.0,2026-07-09 17:22:46.908054
314.29296875,442.1875,12.375,0.0,2026-07-09 17:22:46.909107
326.66796875,441.5,12.394082509407463,-0.05549850524571683,2026-07-09 17:22:46.910054
338.35546875,441.5,11.6875,0.0,2026-07-09 17:22:46.911095
350.73046875,440.8125,12.394082509407463,-0.05549850524571683,2026-07-09 17:22:46.912027
363.10546875,440.8125,12.375,0.0,2026-07-09 17:22:46.913083
376.16796875,440.8125,13.0625,0.0,2026-07-09 17:22:46.914052
389.23046875,440.8125,13.0625,0.0,2026-07-09 17:22:46.916928
402.29296875,440.8125,13.0625,0.0,2026-07-09 17:22:46.917328
416.04296875,440.125,13.76717677121929,-0.04995839572194276,2026-07-09 17:22:46.917718
429.79296875,439.4375,13.76717677121929,-0.04995839572194276,2026-07-09 17:22:46.918108
443.54296875,439.4375,13.75,0.0,2026-07-09 17:22:46.919013
457.98046875,438.75,14.45385977861969,-0.047583103276983396,2026-07-09 17:22:46.920135
471.73046875,438.0625,13.76717677121929,-0.04995839572194276,2026-07-09 17:22:46.922279
486.85546875,437.375,15.140616937562353,-0.04542327942157701,2026-07-09 17:22:46.923199
499.23046875,437.375,12.375,0.0,2026-07-09 17:22:46.924182
513.66796875,436.6875,14.45385977861969,-0.047583103276983396,2026-07-09 17:22:46.925241
528.79296875,436.0,15.140616937562353,-0.04542327942157701,2026-07-09 17:22:46.926042
543.23046875,435.3125,14.45385977861969,-0.047583103276983396,2026-07-09 17:22:46.927216
557.66796875,434.625,14.45385977861969,-0.047583103276983396,2026-07-09 17:22:46.928192
571.41796875,433.9375,13.76717677121929,-0.04995839572194276,2026-07-09 17:22:46.929031
585.16796875,433.25,13.76717677121929,-0.04995839572194276,2026-07-09 17:22:46.930188
599.60546875,432.5625,14.45385977861969,-0.047583103276983396,2026-07-09 17:22:46.934913
614.04296875,431.875,14.45385977861969,-0.047583103276983396,2026-07-09 17:22:46.935329
629.16796875,431.1875,15.140616937562353,-0.04542327942157701,2026-07-09 17:22:46.935731
642.23046875,430.5,13.080579593427808,-0.05258306161094172,2026-07-09 17:22:46.936144
656.66796875,429.8125,14.45385977861969,-0.047583103276983396,2026-07-09 17:22:46.936599
669.73046875,429.125,13.080579593427808,-0.05258306161094172,2026-07-09 17:22:46.936986
683.48046875,428.4375,13.76717677121929,-0.04995839572194276,2026-07-09 17:22:46.937349
697.23046875,427.75,13.76717677121929,-0.04995839572194276,2026-07-09 17:22:46.938126
710.98046875,427.0625,13.76717677121929,-0.04995839572194276,2026-07-09 17:22:46.939120
724.04296875,426.375,13.080579593427808,-0.05258306161094172,2026-07-09 17:22:46.940141
737.79296875,425.0,13.818578979041224,-0.09966865249116202,2026-07-09 17:22:46.941149
750.85546875,424.3125,13.080579593427808,-0.05258306161094172,2026-07-09 17:22:46.942127
764.60546875,423.625,13.76717677121929,-0.04995839572194276,2026-07-09 17:22:46.943119
777.66796875,422.25,13.134669057498176,-0.10487693873023389,2026-07-09 17:22:46.944059
790.73046875,421.5625,13.080579593427808,-0.05258306161094172,2026-07-09 17:22:46.945100
803.10546875,420.875,12.394082509407463,-0.05549850524571683,2026-07-09 17:22:46.946071
816.16796875,420.1875,13.080579593427808,-0.05258306161094172,2026-07-09 17:22:46.947079
828.54296875,418.8125,12.451154564938948,-0.11065722117389565,2026-07-09 17:22:46.951519
840.23046875,418.125,11.707703126574401,-0.058755822715722696,2026-07-09 17:22:46.951921
852.60546875,417.4375,12.394082509407463,-0.05549850524571683,2026-07-09 17:22:46.952296
864.98046875,416.0625,12.451154564938948,-0.11065722117389565,2026-07-09 17:22:46.952652
875.98046875,414.6875,11.085604403910505,-0.12435499454676144,2026-07-09 17:22:46.953012
889.04296875,414.0,13.080579593427808,-0.05258306161094172,2026-07-09 17:22:46.953370
900.04296875,413.3125,11.021463435043461,-0.06241880999595735,2026-07-09 17:22:46.954079
911.04296875,412.625,11.021463435043461,-0.06241880999595735,2026-07-09 17:22:46.955097
922.04296875,411.25,11.085604403910505,-0.12435499454676144,2026-07-09 17:22:46.956148
932.35546875,410.5625,10.335391260131374,-0.06656816377582381,2026-07-09 17:22:46.957132
942.66796875,409.875,10.335391260131374,-0.06656816377582381,2026-07-09 17:22:46.958042
952.98046875,409.1875,10.335391260131374,-0.06656816377582381,2026-07-09 17:22:46.959154
962.60546875,407.8125,9.722718241315029,-0.14189705460416394,2026-07-09 17:22:46.960109
972.91796875,407.125,10.335391260131374,-0.06656816377582381,2026-07-09 17:22:46.961078
983.23046875,406.4375,10.335391260131374,-0.06656816377582381,2026-07-09 17:22:46.962108
992.85546875,405.75,9.649522332737511,-0.07130746478529032,2026-07-09 17:22:46.963110
1002.48046875,404.375,9.722718241315029,-0.14189705460416394,2026-07-09 17:22:46.964111
1011.41796875,403.6875,8.963903307153641,-0.07677189126977804,2026-07-09 17:22:46.966889
1021.04296875,403.0,9.649522332737511,-0.07130746478529032,2026-07-09 17:22:46.967254
1029.29296875,402.3125,8.278596272919703,-0.08314123188844123,2026-07-09 17:22:46.967612
1038.23046875,400.9375,9.04265067610156,-0.15264932839526515,2026-07-09 17:22:46.968037
1045.10546875,400.25,6.909289489520612,-0.09966865249116202,2026-07-09 17:22:46.969108
1053.35546875,399.5625,8.278596272919703,-0.08314123188844123,2026-07-09 17:22:46.970098
1061.60546875,398.875,8.278596272919703,-0.08314123188844123,2026-07-09 17:22:46.971100
1069.16796875,398.1875,7.593685699316242,-0.09065988720074511,2026-07-09 17:22:46.972127
1076.73046875,397.5,7.593685699316242,-0.09065988720074511,2026-07-09 17:22:46.973114
1083.60546875,396.8125,6.909289489520612,-0.09966865249116202,2026-07-09 17:22:46.974122
1090.48046875,396.125,6.909289489520612,-0.09966865249116202,2026-07-09 17:22:46.975143
1096.66796875,395.4375,6.225577282469474,-0.11065722117389565,2026-07-09 17:22:46.976107
1102.85546875,394.75,6.225577282469474,-0.11065722117389565,2026-07-09 17:22:46.977077
1109.04296875,394.0625,6.225577282469474,-0.11065722117389565,2026-07-09 17:22:46.978097
1115.23046875,393.375,6.225577282469474,-0.11065722117389565,2026-07-09 17:22:46.979163
1120.73046875,392.6875,5.5428022019552525,-0.12435499454676144,2026-07-09 17:22:46.980172
1126.23046875,392.0,5.5428022019552525,-0.12435499454676144,2026-07-09 17:22:46.981141
1131.04296875,391.3125,4.861359120657514,-0.14189705460416394,2026-07-09 17:22:46.984272
1135.85546875,390.625,4.861359120657514,-0.14189705460416394,2026-07-09 17:22:46.984627
1140.66796875,389.9375,4.861359120657514,-0.14189705460416394,2026-07-09 17:22:46.984949
1144.79296875,389.9375,4.125,0.0,2026-07-09 17:22:46.985273
1149.60546875,389.25,4.861359120657514,-0.14189705460416394,2026-07-09 17:22:46.986109
1153.73046875,388.5625,4.181899239580026,-0.16514867741462683,2026-07-09 17:22:46.987148
1157.16796875,388.5625,3.4375,0.0,2026-07-09 17:22:46.988085
1160.60546875,387.875,3.5055759155950397,-0.19739555984988075,2026-07-09 17:22:46.989088
1164.04296875,387.875,3.4375,0.0,2026-07-09 17:22:46.990091
1167.48046875,387.1875,3.5055759155950397,-0.19739555984988075,2026-07-09 17:22:46.991109
1170.23046875,387.1875,2.75,0.0,2026-07-09 17:22:46.992142
1172.29296875,387.1875,2.0625,0.0,2026-07-09 17:22:46.993024
1175.04296875,386.5,2.834635117612142,-0.24497866312686414,2026-07-09 17:22:46.994104
1177.10546875,386.5,2.0625,0.0,2026-07-09 17:22:46.995096
1179.16796875,386.5,2.0625,0.0,2026-07-09 17:22:46.996094
1181.23046875,385.8125,2.174065891365761,-0.3217505543966422,2026-07-09 17:22:46.997091
1182.60546875,385.8125,1.375,0.0,2026-07-09 17:22:47.000562
1184.66796875,385.8125,2.0625,0.0,2026-07-09 17:22:47.000874
1186.04296875,385.125,1.5372967345311055,-0.4636476090008061,2026-07-09 17:22:47.001164
1187.41796875,385.125,1.375,0.0,2026-07-09 17:22:47.001467
1188.10546875,385.125,0.6875,0.0,2026-07-09 17:22:47.002118
1189.48046875,385.125,1.375,0.0,2026-07-09 17:22:47.003161
1190.16796875,385.125,0.6875,0.0,2026-07-09 17:22:47.004147
1190.85546875,385.125,0.6875,0.0,2026-07-09 17:22:47.005082
1191.54296875,385.125,0.6875,0.0,2026-07-09 17:22:47.006163
1192.23046875,384.4375,0.9722718241315028,-0.7853981633974483,2026-07-09 17:22:47.007109
1192.91796875,384.4375,0.6875,0.0,2026-07-09 17:22:47.008079
1193.60546875,384.4375,0.6875,0.0,2026-07-09 17:22:47.013211
1192.91796875,384.4375,0.6875,3.141592653589793,2026-07-09 17:22:47.210840
1192.23046875,384.4375,0.6875,3.141592653589793,2026-07-09 17:22:47.215102
1191.54296875,384.4375,0.6875,3.141592653589793,2026-07-09 17:22:47.217289
1190.85546875,384.4375,0.6875,3.141592653589793,2026-07-09 17:22:47.219158
1190.16796875,384.4375,0.6875,3.141592653589793,2026-07-09 17:22:47.220676
1189.48046875,384.4375,0.6875,3.141592653589793,2026-07-09 17:22:47.222254
1188.79296875,385.125,0.9722718241315028,2.356194490192345,2026-07-09 17:22:47.224620
1188.10546875,385.125,0.6875,3.141592653589793,2026-07-09 17:22:47.225265
1186.73046875,385.125,1.375,3.141592653589793,2026-07-09 17:22:47.225943
1184.66796875,385.8125,2.174065891365761,2.819842099193151,2026-07-09 17:22:47.226665
1182.60546875,386.5,2.174065891365761,2.819842099193151,2026-07-09 17:22:47.227286
1180.54296875,386.5,2.0625,3.141592653589793,2026-07-09 17:22:47.227966
1179.16796875,387.1875,1.5372967345311055,2.677945044588987,2026-07-09 17:22:47.228577
1176.41796875,387.875,2.834635117612142,2.896613990462929,2026-07-09 17:22:47.229162
1173.66796875,387.875,2.75,3.141592653589793,2026-07-09 17:22:47.229730
1171.60546875,388.5625,2.174065891365761,2.819842099193151,2026-07-09 17:22:47.230290
1168.85546875,389.25,2.834635117612142,2.896613990462929,2026-07-09 17:22:47.230875
1165.41796875,389.9375,3.5055759155950397,2.9441970937399127,2026-07-09 17:22:47.231464
1161.98046875,390.625,3.5055759155950397,2.9441970937399127,2026-07-09 17:22:47.232012
1158.54296875,391.3125,3.5055759155950397,2.9441970937399127,2026-07-09 17:22:47.232492
1155.10546875,392.0,3.5055759155950397,2.9441970937399127,2026-07-09 17:22:47.232935
1150.98046875,392.6875,4.181899239580026,2.976443976175166,2026-07-09 17:22:47.233409
1146.85546875,393.375,4.181899239580026,2.976443976175166,2026-07-09 17:22:47.233894
1142.04296875,394.0625,4.861359120657514,2.999695598985629,2026-07-09 17:22:47.234435
1137.91796875,394.75,4.181899239580026,2.976443976175166,2026-07-09 17:22:47.234936
1133.10546875,395.4375,4.861359120657514,2.999695598985629,2026-07-09 17:22:47.235424
1127.60546875,396.8125,5.669270235224284,2.896613990462929,2026-07-09 17:22:47.236016
1122.10546875,397.5,5.5428022019552525,3.017237659043032,2026-07-09 17:22:47.237063
1116.60546875,398.875,5.669270235224284,2.896613990462929,2026-07-09 17:22:47.238133
1111.10546875,400.25,5.669270235224284,2.896613990462929,2026-07-09 17:22:47.239228
1104.91796875,401.625,6.33843681438886,2.922923707715851,2026-07-09 17:22:47.240181
1098.73046875,403.0,6.33843681438886,2.922923707715851,2026-07-09 17:22:47.241121
1092.54296875,404.375,6.33843681438886,2.922923707715851,2026-07-09 17:22:47.242053
1084.98046875,405.75,7.686483672655527,2.961739153797315,2026-07-09 17:22:47.243068
1078.10546875,407.125,7.011151831190079,2.9441970937399127,2026-07-09 17:22:47.244047
1071.23046875,408.5,7.011151831190079,2.9441970937399127,2026-07-09 17:22:47.245043
1063.66796875,409.875,7.686483672655527,2.961739153797315,2026-07-09 17:22:47.246057
1056.10546875,411.25,7.686483672655527,2.961739153797315,2026-07-09 17:22:47.247081
1048.54296875,413.3125,7.838706047556574,2.875340604438868,2026-07-09 17:22:47.250858
1040.29296875,414.6875,8.363798479160051,2.976443976175166,2026-07-09 17:22:47.251271
1031.35546875,416.75,9.172394044086854,2.9147938055359073,2026-07-09 17:22:47.251656
1023.10546875,418.125,8.363798479160051,2.976443976175166,2026-07-09 17:22:47.252057
1014.85546875,419.5,8.363798479160051,2.976443976175166,2026-07-09 17:22:47.252448
1005.91796875,421.5625,9.172394044086854,2.9147938055359073,2026-07-09 17:22:47.253072
996.98046875,423.625,9.172394044086854,2.9147938055359073,2026-07-09 17:22:47.253986
988.04296875,425.6875,9.172394044086854,2.9147938055359073,2026-07-09 17:22:47.255094
979.10546875,427.75,9.172394044086854,2.9147938055359073,2026-07-09 17:22:47.256063
969.48046875,429.8125,9.843501981002493,2.930499320367047,2026-07-09 17:22:47.257158
959.16796875,431.875,10.516727746785119,2.9441970937399127,2026-07-09 17:22:47.258159
949.54296875,433.9375,9.843501981002493,2.930499320367047,2026-07-09 17:22:47.259065
939.91796875,436.0,9.843501981002493,2.930499320367047,2026-07-09 17:22:47.260041
930.29296875,437.375,9.722718241315029,2.999695598985629,2026-07-09 17:22:47.261077
920.66796875,440.125,10.010151097760712,2.8632929945846817,2026-07-09 17:22:47.262022
910.35546875,441.5,10.403762840914819,3.0090411212931194,2026-07-09 17:22:47.263085
900.73046875,443.5625,9.843501981002493,2.930499320367047,2026-07-09 17:22:47.264016
890.41796875,446.3125,10.672870103678767,2.8809902618424523,2026-07-09 17:22:47.268438
880.10546875,448.375,10.516727746785119,2.9441970937399127,2026-07-09 17:22:47.268813
871.16796875,450.4375,9.172394044086854,2.9147938055359073,2026-07-09 17:22:47.269153
860.85546875,452.5,10.516727746785119,2.9441970937399127,2026-07-09 17:22:47.269483
849.85546875,455.25,11.338540470448567,2.896613990462929,2026-07-09 17:22:47.269828
838.85546875,457.3125,11.191689159818548,2.9562447035940984,2026-07-09 17:22:47.270176
829.23046875,459.375,9.843501981002493,2.930499320367047,2026-07-09 17:22:47.271049
818.91796875,461.4375,10.516727746785119,2.9441970937399127,2026-07-09 17:22:47.272076
808.60546875,463.5,10.516727746785119,2.9441970937399127,2026-07-09 17:22:47.273106
798.29296875,466.25,10.672870103678767,2.8809902618424523,2026-07-09 17:22:47.274003
787.98046875,468.3125,10.516727746785119,2.9441970937399127,2026-07-09 17:22:47.275065
778.35546875,470.375,9.843501981002493,2.930499320367047,2026-07-09 17:22:47.276067
768.73046875,472.4375,9.843501981002493,2.930499320367047,2026-07-09 17:22:47.277105
758.41796875,474.5,10.516727746785119,2.9441970937399127,2026-07-09 17:22:47.278130
748.10546875,476.5625,10.516727746785119,2.9441970937399127,2026-07-09 17:22:47.279064
738.48046875,478.625,9.843501981002493,2.930499320367047,2026-07-09 17:22:47.280113
728.16796875,480.6875,10.516727746785119,2.9441970937399127,2026-07-09 17:22:47.281101
718.54296875,482.75,9.843501981002493,2.930499320367047,2026-07-09 17:22:47.284226
708.91796875,484.8125,9.843501981002493,2.930499320367047,2026-07-09 17:22:47.284605
699.29296875,486.875,9.843501981002493,2.930499320367047,2026-07-09 17:22:47.284950
689.66796875,488.25,9.722718241315029,2.999695598985629,2026-07-09 17:22:47.285303
680.73046875,490.3125,9.172394044086854,2.9147938055359073,2026-07-09 17:22:47.286102
671.10546875,492.375,9.843501981002493,2.930499320367047,2026-07-09 17:22:47.287117
662.16796875,493.75,9.04265067610156,2.988943325194528,2026-07-09 17:22:47.288107
653.23046875,495.8125,9.172394044086854,2.9147938055359073,2026-07-09 17:22:47.289025
644.29296875,497.875,9.172394044086854,2.9147938055359073,2026-07-09 17:22:47.290129
635.35546875,499.9375,9.172394044086854,2.9147938055359073,2026-07-09 17:22:47.291113
627.10546875,501.3125,8.363798479160051,2.976443976175166,2026-07-09 17:22:47.292079
618.16796875,502.6875,9.04265067610156,2.988943325194528,2026-07-09 17:22:47.293101
609.91796875,504.75,8.503905352836425,2.896613990462929,2026-07-09 17:22:47.294110
601.66796875,506.8125,8.503905352836425,2.896613990462929,2026-07-09 17:22:47.295052
593.41796875,508.1875,8.363798479160051,2.976443976175166,2026-07-09 17:22:47.297230
585.85546875,509.5625,7.686483672655527,2.961739153797315,2026-07-09 17:22:47.300934
578.29296875,510.9375,7.686483672655527,2.961739153797315,2026-07-09 17:22:47.301287
570.73046875,513.0,7.838706047556574,2.875340604438868,2026-07-09 17:22:47.301632
563.16796875,514.375,7.686483672655527,2.961739153797315,2026-07-09 17:22:47.301988
556.29296875,515.75,7.011151831190079,2.9441970937399127,2026-07-09 17:22:47.302346
550.10546875,517.125,6.33843681438886,2.922923707715851,2026-07-09 17:22:47.303059
543.23046875,518.5,7.011151831190079,2.9441970937399127,2026-07-09 17:22:47.304075
536.35546875,519.875,7.011151831190079,2.9441970937399127,2026-07-09 17:22:47.305105
529.48046875,521.9375,7.177710724876003,2.8501358591119264,2026-07-09 17:22:47.306096
523.29296875,522.625,6.225577282469474,3.0309354324158977,2026-07-09 17:22:47.307063
517.79296875,524.0,5.669270235224284,2.896613990462929,2026-07-09 17:22:47.308101
511.60546875,525.375,6.33843681438886,2.922923707715851,2026-07-09 17:22:47.309104
506.10546875,526.75,5.669270235224284,2.896613990462929,2026-07-09 17:22:47.310075
500.60546875,528.125,5.669270235224284,2.896613990462929,2026-07-09 17:22:47.311082
495.10546875,529.5,5.669270235224284,2.896613990462929,2026-07-09 17:22:47.312094
489.60546875,530.875,5.669270235224284,2.896613990462929,2026-07-09 17:22:47.313096
484.79296875,532.25,5.005075548880356,2.8632929945846817,2026-07-09 17:22:47.314113
479.98046875,532.9375,4.861359120657514,2.999695598985629,2026-07-09 17:22:47.316976
475.16796875,534.3125,5.005075548880356,2.8632929945846817,2026-07-09 17:22:47.317330
471.04296875,535.0,4.181899239580026,2.976443976175166,2026-07-09 17:22:47.317685
466.91796875,536.375,4.348131782731522,2.819842099193151,2026-07-09 17:22:47.318092
462.79296875,537.0625,4.181899239580026,2.976443976175166,2026-07-09 17:22:47.319061
459.35546875,537.75,3.5055759155950397,2.9441970937399127,2026-07-09 17:22:47.320069
455.23046875,539.125,4.348131782731522,2.819842099193151,2026-07-09 17:22:47.321075
451.79296875,540.5,3.7023008049049717,2.761086276477428,2026-07-09 17:22:47.322100
449.04296875,541.1875,2.834635117612142,2.896613990462929,2026-07-09 17:22:47.323089
445.60546875,541.875,3.5055759155950397,2.9441970937399127,2026-07-09 17:22:47.324127
442.85546875,542.5625,2.834635117612142,2.896613990462929,2026-07-09 17:22:47.325124
440.10546875,543.25,2.834635117612142,2.896613990462929,2026-07-09 17:22:47.326112
437.35546875,543.9375,2.834635117612142,2.896613990462929,2026-07-09 17:22:47.327093
435.29296875,545.3125,2.4788165018814925,2.5535900500422257,2026-07-09 17:22:47.328070
432.54296875,546.6875,3.074593469062211,2.677945044588987,2026-07-09 17:22:47.329103
430.48046875,547.375,2.174065891365761,2.819842099193151,2026-07-09 17:22:47.330098
428.41796875,548.0625,2.174065891365761,2.819842099193151,2026-07-09 17:22:47.331103
426.35546875,548.75,2.174065891365761,2.819842099193151,2026-07-09 17:22:47.333933
424.98046875,549.4375,1.5372967345311055,2.677945044588987,2026-07-09 17:22:47.334323
423.60546875,550.125,1.5372967345311055,2.677945044588987,2026-07-09 17:22:47.334662
422.23046875,550.8125,1.5372967345311055,2.677945044588987,2026-07-09 17:22:47.335105
420.85546875,551.5,1.5372967345311055,2.677945044588987,2026-07-09 17:22:47.336140
419.48046875,551.5,1.375,3.141592653589793,2026-07-09 17:22:47.337103
418.10546875,552.1875,1.5372967345311055,2.677945044588987,2026-07-09 17:22:47.338096
417.41796875,552.1875,0.6875,3.141592653589793,2026-07-09 17:22:47.339091
416.73046875,552.875,0.9722718241315028,2.356194490192345,2026-07-09 17:22:47.340101
416.04296875,552.875,0.6875,3.141592653589793,2026-07-09 17:22:47.341097
415.35546875,552.875,0.6875,3.141592653589793,2026-07-09 17:22:47.342089
414.66796875,553.5625,0.9722718241315028,2.356194490192345,2026-07-09 17:22:47.343064
413.29296875,553.5625,1.375,3.141592653589793,2026-07-09 17:22:47.344090
412.60546875,554.25,0.9722718241315028,2.356194490192345,2026-07-09 17:22:47.345102
411.91796875,554.25,0.6875,3.141592653589793,2026-07-09 17:22:47.346095
412.60546875,554.25,0.6875,0.0,2026-07-09 17:22:47.553430
413.29296875,554.25,0.6875,0.0,2026-07-09 17:22:47.559056
413.98046875,554.25,0.6875,0.0,2026-07-09 17:22:47.561079
414.66796875,554.25,0.6875,0.0,2026-07-09 17:22:47.562840
415.35546875,553.5625,0.9722718241315028,-0.7853981633974483,2026-07-09 17:22:47.564944
416.04296875,553.5625,0.6875,0.0,2026-07-09 17:22:47.567179
416.73046875,553.5625,0.6875,0.0,2026-07-09 17:22:47.568897
418.10546875,552.875,1.5372967345311055,-0.4636476090008061,2026-07-09 17:22:47.569659
419.48046875,552.1875,1.5372967345311055,-0.4636476090008061,2026-07-09 17:22:47.570295
420.85546875,552.1875,1.375,0.0,2026-07-09 17:22:47.570888
422.91796875,551.5,2.174065891365761,-0.3217505543966422,2026-07-09 17:22:47.571461
424.98046875,550.8125,2.174065891365761,-0.3217505543966422,2026-07-09 17:22:47.572063
427.04296875,550.125,2.174065891365761,-0.3217505543966422,2026-07-09 17:22:47.572627
429.79296875,549.4375,2.834635117612142,-0.24497866312686414,2026-07-09 17:22:47.573219
431.85546875,548.75,2.174065891365761,-0.3217505543966422,2026-07-09 17:22:47.573770
434.60546875,548.0625,2.834635117612142,-0.24497866312686414,2026-07-09 17:22:47.574333
438.04296875,547.375,3.5055759155950397,-0.19739555984988075,2026-07-09 17:22:47.574847
440.79296875,546.6875,2.834635117612142,-0.24497866312686414,2026-07-09 17:22:47.575294
444.23046875,546.0,3.5055759155950397,-0.19739555984988075,2026-07-09 17:22:47.575733
447.66796875,545.3125,3.5055759155950397,-0.19739555984988075,2026-07-09 17:22:47.576173
451.79296875,544.625,4.181899239580026,-0.16514867741462683,2026-07-09 17:22:47.576612
455.91796875,543.25,4.348131782731522,-0.3217505543966422,2026-07-09 17:22:47.577088
460.73046875,541.875,5.005075548880356,-0.27829965900511133,2026-07-09 17:22:47.577530
465.54296875,541.1875,4.861359120657514,-0.14189705460416394,2026-07-09 17:22:47.577972
470.35546875,539.8125,5.005075548880356,-0.27829965900511133,2026-07-09 17:22:47.578444
475.85546875,539.125,5.5428022019552525,-0.12435499454676144,2026-07-09 17:22:47.578885
481.35546875,537.75,5.669270235224284,-0.24497866312686414,2026-07-09 17:22:47.579321
486.85546875,536.375,5.669270235224284,-0.24497866312686414,2026-07-09 17:22:47.579777
493.04296875,534.3125,6.522197674097282,-0.3217505543966422,2026-07-09 17:22:47.580234
499.91796875,532.9375,7.011151831190079,-0.19739555984988075,2026-07-09 17:22:47.580689
536.35546875,524.6875,37.35978996528219,-0.22266094063636496,2026-07-09 17:22:47.585729
544.60546875,523.3125,8.363798479160051,-0.16514867741462683,2026-07-09 17:22:47.586430
552.85546875,521.25,8.503905352836425,-0.24497866312686414,2026-07-09 17:22:47.587054
561.79296875,519.1875,9.172394044086854,-0.22679884805388587,2026-07-09 17:22:47.588198
570.73046875,516.4375,9.351010974755617,-0.2984989315861793,2026-07-09 17:22:47.589402
580.35546875,514.375,9.843501981002493,-0.21109333322274654,2026-07-09 17:22:47.590393
590.66796875,512.3125,10.516727746785119,-0.19739555984988075,2026-07-09 17:22:47.591408
600.29296875,510.25,9.843501981002493,-0.21109333322274654,2026-07-09 17:22:47.592407
610.60546875,508.1875,10.516727746785119,-0.19739555984988075,2026-07-09 17:22:47.593369
621.60546875,506.125,11.191689159818548,-0.18534794999569476,2026-07-09 17:22:47.594385
631.91796875,504.0625,10.516727746785119,-0.19739555984988075,2026-07-09 17:22:47.595217
643.60546875,501.3125,12.006671322643925,-0.23109066719589708,2026-07-09 17:22:47.596047
653.91796875,498.5625,10.672870103678767,-0.260602391747341,2026-07-09 17:22:47.596982
666.29296875,495.8125,12.67687362877772,-0.21866894587394195,2026-07-09 17:22:47.599630
677.98046875,493.0625,12.006671322643925,-0.23109066719589708,2026-07-09 17:22:47.600170
689.66796875,490.3125,12.006671322643925,-0.23109066719589708,2026-07-09 17:22:47.600591
701.35546875,488.25,11.868090094872047,-0.1746721990082397,2026-07-09 17:22:47.601000
713.73046875,484.8125,12.843559913435216,-0.27094685033842053,2026-07-09 17:22:47.602014
726.10546875,482.0625,12.67687362877772,-0.21866894587394195,2026-07-09 17:22:47.603051
738.48046875,479.3125,12.67687362877772,-0.21866894587394195,2026-07-09 17:22:47.604051
750.85546875,476.5625,12.67687362877772,-0.21866894587394195,2026-07-09 17:22:47.605045
763.23046875,473.125,12.843559913435216,-0.27094685033842053,2026-07-09 17:22:47.606055
775.60546875,470.375,12.67687362877772,-0.21866894587394195,2026-07-09 17:22:47.607058
787.98046875,467.625,12.67687362877772,-0.21866894587394195,2026-07-09 17:22:47.608042
801.04296875,464.875,13.348835389276474,-0.20749622643520266,2026-07-09 17:22:47.609076
813.41796875,462.125,12.67687362877772,-0.21866894587394195,2026-07-09 17:22:47.610032
825.79296875,459.375,12.67687362877772,-0.21866894587394195,2026-07-09 17:22:47.611049
838.16796875,455.9375,12.843559913435216,-0.27094685033842053,2026-07-09 17:22:47.612031
850.54296875,453.1875,12.67687362877772,-0.21866894587394195,2026-07-09 17:22:47.613034
862.91796875,450.4375,12.67687362877772,-0.21866894587394195,2026-07-09 17:22:47.614022
875.98046875,447.0,13.507231859267094,-0.25732371497108864,2026-07-09 17:22:47.617350
888.35546875,444.25,12.67687362877772,-0.21866894587394195,2026-07-09 17:22:47.617801
900.73046875,441.5,12.67687362877772,-0.21866894587394195,2026-07-09 17:22:47.618204
913.10546875,438.0625,12.843559913435216,-0.27094685033842053,2026-07-09 17:22:47.618621
926.16796875,435.3125,13.348835389276474,-0.20749622643520266,2026-07-09 17:22:47.619048
938.54296875,431.875,12.843559913435216,-0.27094685033842053,2026-07-09 17:22:47.620018
950.91796875,429.8125,12.545697718740078,-0.16514867741462683,2026-07-09 17:22:47.621033
964.66796875,426.375,14.173175588060708,-0.24497866312686414,2026-07-09 17:22:47.622031
977.04296875,422.25,13.044395348194564,-0.3217505543966422,2026-07-09 17:22:47.623027
990.10546875,419.5,13.348835389276474,-0.20749622643520266,2026-07-09 17:22:47.624042
1002.48046875,416.0625,12.843559913435216,-0.27094685033842053,2026-07-09 17:22:47.625028
1014.85546875,413.3125,12.67687362877772,-0.21866894587394195,2026-07-09 17:22:47.626049
1025.85546875,409.875,11.524600047290145,-0.3028848683749714,2026-07-09 17:22:47.627133
1038.23046875,406.4375,12.843559913435216,-0.27094685033842053,2026-07-09 17:22:47.628061
1049.91796875,403.6875,12.006671322643925,-0.23109066719589708,2026-07-09 17:22:47.628979
1062.29296875,400.25,12.843559913435216,-0.27094685033842053,2026-07-09 17:22:47.630064
1073.98046875,396.8125,12.182531038335178,-0.2860514417173182,2026-07-09 17:22:47.631039
1084.98046875,394.0625,11.338540470448567,-0.24497866312686414,2026-07-09 17:22:47.632948
1098.04296875,390.625,13.507231859267094,-0.25732371497108864,2026-07-09 17:22:47.633485
1109.73046875,387.1875,12.182531038335178,-0.2860514417173182,2026-07-09 17:22:47.634090
1120.73046875,384.4375,11.338540470448567,-0.24497866312686414,2026-07-09 17:22:47.634990
1131.04296875,381.0,10.870329456828804,-0.3217505543966422,2026-07-09 17:22:47.636011
1142.73046875,378.25,12.006671322643925,-0.23109066719589708,2026-07-09 17:22:47.637008
1153.04296875,374.8125,10.870329456828804,-0.3217505543966422,2026-07-09 17:22:47.638010
1164.04296875,372.0625,11.338540470448567,-0.24497866312686414,2026-07-09 17:22:47.638987
1174.35546875,368.625,10.870329456828804,-0.3217505543966422,2026-07-09 17:22:47.640075
1184.66796875,365.875,10.672870103678767,-0.260602391747341,2026-07-09 17:22:47.640988
1194.98046875,363.125,10.672870103678767,-0.260602391747341,2026-07-09 17:22:47.642096
1204.60546875,360.375,10.010151097760712,-0.27829965900511133,2026-07-09 17:22:47.643047
1214.23046875,356.9375,10.220422263781472,-0.3430239404207034,2026-07-09 17:22:47.644042
1223.85546875,354.1875,10.010151097760712,-0.27829965900511133,2026-07-09 17:22:47.644981
1232.10546875,351.4375,8.696263565463044,-0.3217505543966422,2026-07-09 17:22:47.646016
1241.04296875,348.6875,9.351010974755617,-0.2984989315861793,2026-07-09 17:22:47.647043
1249.98046875,345.9375,9.351010974755617,-0.2984989315861793,2026-07-09 17:22:47.649536
1258.91796875,343.1875,9.351010974755617,-0.2984989315861793,2026-07-09 17:22:47.650014
1267.85546875,340.4375,9.351010974755617,-0.2984989315861793,2026-07-09 17:22:47.650473
1276.10546875,337.6875,8.696263565463044,-0.3217505543966422,2026-07-09 17:22:47.651010
1283.66796875,334.9375,8.046981188619743,-0.348771003583907,2026-07-09 17:22:47.652061
1291.91796875,332.875,8.503905352836425,-0.24497866312686414,2026-07-09 17:22:47.652985
1300.16796875,330.125,8.696263565463044,-0.3217505543966422,2026-07-09 17:22:47.654039
1307.73046875,327.375,8.046981188619743,-0.348771003583907,2026-07-09 17:22:47.655047
1315.29296875,324.625,8.046981188619743,-0.348771003583907,2026-07-09 17:22:47.656044
1322.85546875,321.875,8.046981188619743,-0.348771003583907,2026-07-09 17:22:47.656968
1329.73046875,319.8125,7.177710724876003,-0.2914567944778671,2026-07-09 17:22:47.658033
1337.29296875,317.75,7.838706047556574,-0.2662520491509254,2026-07-09 17:22:47.659037
1343.48046875,315.0,6.771089738734822,-0.4182243295792291,2026-07-09 17:22:47.659972
1349.66796875,312.9375,6.522197674097282,-0.3217505543966422,2026-07-09 17:22:47.661029
1355.85546875,311.5625,6.33843681438886,-0.21866894587394195,2026-07-09 17:22:47.662041
1362.04296875,309.5,6.522197674097282,-0.3217505543966422,2026-07-09 17:22:47.663043
1367.54296875,306.75,6.149186938124422,-0.4636476090008061,2026-07-09 17:22:47.663959
1373.73046875,304.6875,6.522197674097282,-0.3217505543966422,2026-07-09 17:22:47.666125
1379.23046875,302.625,5.874002574905803,-0.35877067027057225,2026-07-09 17:22:47.666706
1384.73046875,301.25,5.669270235224284,-0.24497866312686414,2026-07-09 17:22:47.667215
1390.23046875,299.1875,5.874002574905803,-0.35877067027057225,2026-07-09 17:22:47.667950
1395.04296875,297.125,5.235844010281437,-0.40489178628508343,2026-07-09 17:22:47.669038
1400.54296875,295.75,5.669270235224284,-0.24497866312686414,2026-07-09 17:22:47.670058
1405.35546875,293.6875,5.235844010281437,-0.40489178628508343,2026-07-09 17:22:47.670964
1409.48046875,292.3125,4.348131782731522,-0.3217505543966422,2026-07-09 17:22:47.672032
1414.29296875,290.9375,5.005075548880356,-0.27829965900511133,2026-07-09 17:22:47.672951
1419.10546875,288.875,5.235844010281437,-0.40489178628508343,2026-07-09 17:22:47.673978
1423.23046875,286.8125,4.611890203593316,-0.4636476090008061,2026-07-09 17:22:47.675021
1427.35546875,285.4375,4.348131782731522,-0.3217505543966422,2026-07-09 17:22:47.677223
1431.48046875,284.0625,4.348131782731522,-0.3217505543966422,2026-07-09 17:22:47.678043
1434.91796875,282.6875,3.7023008049049717,-0.3805063771123649,2026-07-09 17:22:47.679038
1439.04296875,281.3125,4.348131782731522,-0.3217505543966422,2026-07-09 17:22:47.680030
1442.48046875,279.25,4.008779427706144,-0.5404195002705842,2026-07-09 17:22:47.680947
1445.91796875,278.5625,3.5055759155950397,-0.19739555984988075,2026-07-09 17:22:47.682827
1449.35546875,277.1875,3.7023008049049717,-0.3805063771123649,2026-07-09 17:22:47.683433
1452.79296875,275.125,4.008779427706144,-0.5404195002705842,2026-07-09 17:22:47.683964
1456.23046875,274.4375,3.5055759155950397,-0.19739555984988075,2026-07-09 17:22:47.685037
1458.29296875,273.0625,2.4788165018814925,-0.5880026035475675,2026-07-09 17:22:47.685967
1461.04296875,272.375,2.834635117612142,-0.24497866312686414,2026-07-09 17:22:47.687105
1463.79296875,271.0,3.074593469062211,-0.4636476090008061,2026-07-09 17:22:47.687960
1466.54296875,270.3125,2.834635117612142,-0.24497866312686414,2026-07-09 17:22:47.689054
1468.60546875,268.9375,2.4788165018814925,-0.5880026035475675,2026-07-09 17:22:47.689951
1469.98046875,267.5625,1.9445436482630056,-0.7853981633974483,2026-07-09 17:22:47.691057
1469.98046875,266.875,0.6875,-1.5707963267948966,2026-07-09 17:22:47.692112
1469.98046875,266.1875,0.6875,-1.5707963267948966,2026-07-09 17:22:47.692952
1469.98046875,265.5,0.6875,-1.5707963267948966,2026-07-09 17:22:47.694044
1469.98046875,264.8125,0.6875,-1.5707963267948966,2026-07-09 17:22:47.694965
1469.98046875,263.4375,1.375,-1.5707963267948966,2026-07-09 17:22:47.696028
1469.98046875,262.75,0.6875,-1.5707963267948966,2026-07-09 17:22:47.696971
1469.98046875,262.0625,0.6875,-1.5707963267948966,2026-07-09 17:22:47.699652
1469.98046875,261.375,0.6875,-1.5707963267948966,2026-07-09 17:22:47.700169
1469.98046875,260.6875,0.6875,-1.5707963267948966,2026-07-09 17:22:47.700590
1469.98046875,260.0,0.6875,-1.5707963267948966,2026-07-09 17:22:47.700992
1469.98046875,259.3125,0.6875,-1.5707963267948966,2026-07-09 17:22:47.701993
1469.98046875,258.625,0.6875,-1.5707963267948966,2026-07-09 17:22:47.703021
1469.98046875,257.9375,0.6875,-1.5707963267948966,2026-07-09 17:22:47.703978
1469.98046875,257.25,0.6875,-1.5707963267948966,2026-07-09 17:22:47.704974
1469.98046875,256.5625,0.6875,-1.5707963267948966,2026-07-09 17:22:47.706049
1469.98046875,256.5625,0.0,0.0,2026-07-09 17:22:47.707047
1469.98046875,256.5625,0.0,0.0,2026-07-09 17:22:47.708184
1469.98046875,255.875,0.6875,-1.5707963267948966,2026-07-09 17:22:47.709072
1469.98046875,255.1875,0.6875,-1.5707963267948966,2026-07-09 17:22:47.710067
1469.98046875,255.1875,0.0,0.0,2026-07-09 17:22:47.711054
1469.98046875,254.5,0.6875,-1.5707963267948966,2026-07-09 17:22:47.712026
1469.98046875,254.5,0.0,0.0,2026-07-09 17:22:47.713061
1469.98046875,253.8125,0.6875,-1.5707963267948966,2026-07-09 17:22:47.717251
1469.98046875,253.8125,0.0,0.0,2026-07-09 17:22:47.717675
1469.98046875,253.8125,0.0,0.0,2026-07-09 17:22:47.719174
1469.29296875,253.8125,0.6875,3.141592653589793,2026-07-09 17:22:47.912514
1468.60546875,253.8125,0.6875,3.141592653589793,2026-07-09 17:22:47.916719
1467.91796875,254.5,0.9722718241315028,2.356194490192345,2026-07-09 17:22:47.918843
1467.23046875,255.1875,0.9722718241315028,2.356194490192345,2026-07-09 17:22:47.920671
1466.54296875,255.1875,0.6875,3.141592653589793,2026-07-09 17:22:47.922750
1465.85546875,255.875,0.9722718241315028,2.356194490192345,2026-07-09 17:22:47.925142
1465.16796875,255.875,0.6875,3.141592653589793,2026-07-09 17:22:47.926572
1464.48046875,256.5625,0.9722718241315028,2.356194490192345,2026-07-09 17:22:47.927358
1463.79296875,257.25,0.9722718241315028,2.356194490192345,2026-07-09 17:22:47.928008
1463.10546875,257.25,0.6875,3.141592653589793,2026-07-09 17:22:47.928720
1461.73046875,257.9375,1.5372967345311055,2.677945044588987,2026-07-09 17:22:47.929338
1460.35546875,258.625,1.5372967345311055,2.677945044588987,2026-07-09 17:22:47.929925
1458.98046875,259.3125,1.5372967345311055,2.677945044588987,2026-07-09 17:22:47.930499
1456.91796875,260.0,2.174065891365761,2.819842099193151,2026-07-09 17:22:47.931062
1455.54296875,260.6875,1.5372967345311055,2.677945044588987,2026-07-09 17:22:47.931626
1453.48046875,261.375,2.174065891365761,2.819842099193151,2026-07-09 17:22:47.932176
1450.73046875,262.0625,2.834635117612142,2.896613990462929,2026-07-09 17:22:47.933010
1449.35546875,262.75,1.5372967345311055,2.677945044588987,2026-07-09 17:22:47.933761
1447.29296875,263.4375,2.174065891365761,2.819842099193151,2026-07-09 17:22:47.934457
1444.54296875,264.8125,3.074593469062211,2.677945044588987,2026-07-09 17:22:47.935027
1441.10546875,265.5,3.5055759155950397,2.9441970937399127,2026-07-09 17:22:47.935582
1438.35546875,266.875,3.074593469062211,2.677945044588987,2026-07-09 17:22:47.936168
1435.60546875,268.25,3.074593469062211,2.677945044588987,2026-07-09 17:22:47.936686
1432.16796875,269.625,3.7023008049049717,2.761086276477428,2026-07-09 17:22:47.937158
1429.41796875,270.3125,2.834635117612142,2.896613990462929,2026-07-09 17:22:47.937645
1425.29296875,271.6875,4.348131782731522,2.819842099193151,2026-07-09 17:22:47.938123
1421.85546875,273.0625,3.7023008049049717,2.761086276477428,2026-07-09 17:22:47.939032
1417.73046875,274.4375,4.348131782731522,2.819842099193151,2026-07-09 17:22:47.940100
1413.60546875,275.8125,4.348131782731522,2.819842099193151,2026-07-09 17:22:47.941055
1408.79296875,277.1875,5.005075548880356,2.8632929945846817,2026-07-09 17:22:47.942040
1404.66796875,278.5625,4.348131782731522,2.819842099193151,2026-07-09 17:22:47.943022
1399.85546875,279.9375,5.005075548880356,2.8632929945846817,2026-07-09 17:22:47.944042
1394.35546875,282.0,5.874002574905803,2.782821983319221,2026-07-09 17:22:47.945031
1388.85546875,283.375,5.669270235224284,2.896613990462929,2026-07-09 17:22:47.946023
1383.35546875,284.75,5.669270235224284,2.896613990462929,2026-07-09 17:22:47.947051
1377.16796875,286.8125,6.522197674097282,2.819842099193151,2026-07-09 17:22:47.950356
1370.29296875,288.1875,7.011151831190079,2.9441970937399127,2026-07-09 17:22:47.950779
1364.10546875,290.25,6.522197674097282,2.819842099193151,2026-07-09 17:22:47.951173
1357.91796875,292.3125,6.522197674097282,2.819842099193151,2026-07-09 17:22:47.951578
1351.04296875,293.6875,7.011151831190079,2.9441970937399127,2026-07-09 17:22:47.952069
1344.16796875,295.75,7.177710724876003,2.8501358591119264,2026-07-09 17:22:47.952999
1335.91796875,298.5,8.696263565463044,2.819842099193151,2026-07-09 17:22:47.954032
1328.35546875,300.5625,7.838706047556574,2.875340604438868,2026-07-09 17:22:47.954973
1320.10546875,302.625,8.503905352836425,2.896613990462929,2026-07-09 17:22:47.956003
1311.16796875,304.6875,9.172394044086854,2.9147938055359073,2026-07-09 17:22:47.956967
1302.23046875,306.75,9.172394044086854,2.9147938055359073,2026-07-09 17:22:47.958049
1293.98046875,308.8125,8.503905352836425,2.896613990462929,2026-07-09 17:22:47.959045
1285.73046875,310.875,8.503905352836425,2.896613990462929,2026-07-09 17:22:47.959980
1276.79296875,312.9375,9.172394044086854,2.9147938055359073,2026-07-09 17:22:47.960992
1267.16796875,315.6875,10.010151097760712,2.8632929945846817,2026-07-09 17:22:47.961994
1258.91796875,317.75,8.503905352836425,2.896613990462929,2026-07-09 17:22:47.963013
1247.91796875,319.8125,11.191689159818548,2.9562447035940984,2026-07-09 17:22:47.963997
1237.60546875,322.5625,10.672870103678767,2.8809902618424523,2026-07-09 17:22:47.966576
1226.60546875,324.625,11.191689159818548,2.9562447035940984,2026-07-09 17:22:47.967228
1216.29296875,326.6875,10.516727746785119,2.9441970937399127,2026-07-09 17:22:47.967673
1204.60546875,329.4375,12.006671322643925,2.9105019863938963,2026-07-09 17:22:47.968191
1194.29296875,332.1875,10.672870103678767,2.8809902618424523,2026-07-09 17:22:47.969053
1183.29296875,334.25,11.191689159818548,2.9562447035940984,2026-07-09 17:22:47.970027
1172.29296875,337.0,11.338540470448567,2.896613990462929,2026-07-09 17:22:47.970991
1160.60546875,339.75,12.006671322643925,2.9105019863938963,2026-07-09 17:22:47.972053
1148.91796875,341.8125,11.868090094872047,2.9669204545815537,2026-07-09 17:22:47.972955
1136.54296875,344.5625,12.67687362877772,2.922923707715851,2026-07-09 17:22:47.974027
1124.85546875,346.625,11.868090094872047,2.9669204545815537,2026-07-09 17:22:47.974964
1113.16796875,349.375,12.006671322643925,2.9105019863938963,2026-07-09 17:22:47.976068
1100.79296875,352.125,12.67687362877772,2.922923707715851,2026-07-09 17:22:47.976963
1088.41796875,354.875,12.67687362877772,2.922923707715851,2026-07-09 17:22:47.977975
1075.35546875,356.9375,13.22432654239905,2.984990776607778,2026-07-09 17:22:47.979029
1062.29296875,359.6875,13.348835389276474,2.9340964271545906,2026-07-09 17:22:47.979952
1049.91796875,361.75,12.545697718740078,2.976443976175166,2026-07-09 17:22:47.980959
1036.85546875,364.5,13.348835389276474,2.9340964271545906,2026-07-09 17:22:47.982751
1023.10546875,367.25,14.022303662380159,2.9441970937399127,2026-07-09 17:22:47.983429
1010.04296875,369.3125,13.22432654239905,2.984990776607778,2026-07-09 17:22:47.984032
997.66796875,372.0625,12.67687362877772,2.922923707715851,2026-07-09 17:22:47.984979
984.60546875,374.8125,13.348835389276474,2.9340964271545906,2026-07-09 17:22:47.985972
971.54296875,376.875,13.22432654239905,2.984990776607778,2026-07-09 17:22:47.987020
958.48046875,379.625,13.348835389276474,2.9340964271545906,2026-07-09 17:22:47.987956
945.41796875,381.6875,13.22432654239905,2.984990776607778,2026-07-09 17:22:47.989023
932.35546875,384.4375,13.348835389276474,2.9340964271545906,2026-07-09 17:22:47.989949
919.98046875,386.5,12.545697718740078,2.976443976175166,2026-07-09 17:22:47.991047
906.91796875,388.5625,13.22432654239905,2.984990776607778,2026-07-09 17:22:47.992098
893.16796875,391.3125,14.022303662380159,2.9441970937399127,2026-07-09 17:22:47.992977
880.79296875,393.375,12.545697718740078,2.976443976175166,2026-07-09 17:22:47.994127
867.73046875,395.4375,13.22432654239905,2.984990776607778,2026-07-09 17:22:47.994954
855.35546875,397.5,12.545697718740078,2.976443976175166,2026-07-09 17:22:47.996028
842.29296875,399.5625,13.22432654239905,2.984990776607778,2026-07-09 17:22:47.996972
829.91796875,401.625,12.545697718740078,2.976443976175166,2026-07-09 17:22:47.999575
815.48046875,403.6875,14.584077361972543,2.999695598985629,2026-07-09 17:22:48.000092
803.79296875,405.75,11.868090094872047,2.9669204545815537,2026-07-09 17:22:48.000494
791.41796875,407.8125,12.545697718740078,2.976443976175166,2026-07-09 17:22:48.000995
779.73046875,409.1875,11.768104403428786,3.024483909022929,2026-07-09 17:22:48.002057
766.66796875,411.25,13.22432654239905,2.984990776607778,2026-07-09 17:22:48.003021
755.66796875,413.3125,11.191689159818548,2.9562447035940984,2026-07-09 17:22:48.004068
744.66796875,414.6875,11.085604403910505,3.017237659043032,2026-07-09 17:22:48.004977
732.98046875,416.0625,11.768104403428786,3.024483909022929,2026-07-09 17:22:48.006079
721.98046875,418.125,11.191689159818548,2.9562447035940984,2026-07-09 17:22:48.006955
710.98046875,420.1875,11.191689159818548,2.9562447035940984,2026-07-09 17:22:48.007961
701.35546875,421.5625,9.722718241315029,2.999695598985629,2026-07-09 17:22:48.009054
689.66796875,423.625,11.868090094872047,2.9669204545815537,2026-07-09 17:22:48.009971
679.35546875,425.6875,10.516727746785119,2.9441970937399127,2026-07-09 17:22:48.011024
669.04296875,427.0625,10.403762840914819,3.0090411212931194,2026-07-09 17:22:48.011963
660.10546875,428.4375,9.04265067610156,2.988943325194528,2026-07-09 17:22:48.013032
649.79296875,430.5,10.516727746785119,2.9441970937399127,2026-07-09 17:22:48.013958
640.85546875,431.1875,8.963903307153641,3.064820762320015,2026-07-09 17:22:48.015974
631.23046875,433.25,9.843501981002493,2.930499320367047,2026-07-09 17:22:48.016456
621.60546875,434.625,9.722718241315029,2.999695598985629,2026-07-09 17:22:48.017022
612.66796875,436.6875,9.172394044086854,2.9147938055359073,2026-07-09 17:22:48.017976
605.10546875,437.375,7.593685699316242,3.050932766389048,2026-07-09 17:22:48.019025
596.85546875,438.75,8.363798479160051,2.976443976175166,2026-07-09 17:22:48.019964
588.60546875,440.125,8.363798479160051,2.976443976175166,2026-07-09 17:22:48.021032
581.04296875,441.5,7.686483672655527,2.961739153797315,2026-07-09 17:22:48.022036
573.48046875,442.875,7.686483672655527,2.961739153797315,2026-07-09 17:22:48.022938
566.60546875,444.25,7.011151831190079,2.9441970937399127,2026-07-09 17:22:48.024029
559.73046875,444.9375,6.909289489520612,3.0419240010986313,2026-07-09 17:22:48.025029
553.54296875,446.3125,6.33843681438886,2.922923707715851,2026-07-09 17:22:48.025983
547.35546875,447.6875,6.33843681438886,2.922923707715851,2026-07-09 17:22:48.027007
540.48046875,449.0625,7.011151831190079,2.9441970937399127,2026-07-09 17:22:48.027974
534.98046875,449.75,5.5428022019552525,3.017237659043032,2026-07-09 17:22:48.029023
529.48046875,450.4375,5.5428022019552525,3.017237659043032,2026-07-09 17:22:48.029964
524.66796875,451.125,4.861359120657514,2.999695598985629,2026-07-09 17:22:48.030933
519.85546875,452.5,5.005075548880356,2.8632929945846817,2026-07-09 17:22:48.032820
515.04296875,453.1875,4.861359120657514,2.999695598985629,2026-07-09 17:22:48.033433
510.91796875,453.875,4.181899239580026,2.976443976175166,2026-07-09 17:22:48.033971
506.10546875,454.5625,4.861359120657514,2.999695598985629,2026-07-09 17:22:48.034971
502.66796875,455.9375,3.7023008049049717,2.761086276477428,2026-07-09 17:22:48.036026
499.23046875,456.625,3.5055759155950397,2.9441970937399127,2026-07-09 17:22:48.037064
495.10546875,457.3125,4.181899239580026,2.976443976175166,2026-07-09 17:22:48.037973
492.35546875,458.0,2.834635117612142,2.896613990462929,2026-07-09 17:22:48.038990
489.60546875,458.6875,2.834635117612142,2.896613990462929,2026-07-09 17:22:48.040066
486.85546875,459.375,2.834635117612142,2.896613990462929,2026-07-09 17:22:48.041046
484.10546875,460.0625,2.834635117612142,2.896613990462929,2026-07-09 17:22:48.041972
482.04296875,460.75,2.174065891365761,2.819842099193151,2026-07-09 17:22:48.042980
479.98046875,461.4375,2.174065891365761,2.819842099193151,2026-07-09 17:22:48.044003
477.91796875,462.125,2.174065891365761,2.819842099193151,2026-07-09 17:22:48.045028
476.54296875,462.125,1.375,3.141592653589793,2026-07-09 17:22:48.046032
475.16796875,462.8125,1.5372967345311055,2.677945044588987,2026-07-09 17:22:48.047023
473.79296875,463.5,1.5372967345311055,2.677945044588987,2026-07-09 17:22:48.049489
472.41796875,463.5,1.375,3.141592653589793,2026-07-09 17:22:48.050089
471.73046875,463.5,0.6875,3.141592653589793,2026-07-09 17:22:48.050481
471.04296875,464.1875,0.9722718241315028,2.356194490192345,2026-07-09 17:22:48.051081
470.35546875,464.1875,0.6875,3.141592653589793,2026-07-09 17:22:48.052012
469.66796875,464.1875,0.6875,3.141592653589793,2026-07-09 17:22:48.052965
468.98046875,463.5,0.9722718241315028,-2.356194490192345,2026-07-09 17:22:48.351653
468.98046875,462.8125,0.6875,-1.5707963267948966,2026-07-09 17:22:48.357808
468.98046875,462.125,0.6875,-1.5707963267948966,2026-07-09 17:22:48.359888
468.98046875,460.75,1.375,-1.5707963267948966,2026-07-09 17:22:48.361624
468.98046875,459.375,1.375,-1.5707963267948966,2026-07-09 17:22:48.363270
468.98046875,458.0,1.375,-1.5707963267948966,2026-07-09 17:22:48.364915
469.66796875,456.625,1.5372967345311055,-1.1071487177940904,2026-07-09 17:22:48.366271
469.66796875,454.5625,2.0625,-1.5707963267948966,2026-07-09 17:22:48.366908
469.66796875,452.5,2.0625,-1.5707963267948966,2026-07-09 17:22:48.367500
469.66796875,450.4375,2.0625,-1.5707963267948966,2026-07-09 17:22:48.368118
469.66796875,448.375,2.0625,-1.5707963267948966,2026-07-09 17:22:48.368797
469.66796875,446.3125,2.0625,-1.5707963267948966,2026-07-09 17:22:48.369425
469.66796875,444.9375,1.375,-1.5707963267948966,2026-07-09 17:22:48.369999
469.66796875,442.875,2.0625,-1.5707963267948966,2026-07-09 17:22:48.370560
468.98046875,440.8125,2.174065891365761,-1.892546881191539,2026-07-09 17:22:48.371140
468.98046875,438.75,2.0625,-1.5707963267948966,2026-07-09 17:22:48.371689
468.98046875,436.6875,2.0625,-1.5707963267948966,2026-07-09 17:22:48.372143
468.29296875,434.625,2.174065891365761,-1.892546881191539,2026-07-09 17:22:48.372585
468.29296875,432.5625,2.0625,-1.5707963267948966,2026-07-09 17:22:48.373026
467.60546875,429.8125,2.834635117612142,-1.8157749899217608,2026-07-09 17:22:48.373500
467.60546875,427.75,2.0625,-1.5707963267948966,2026-07-09 17:22:48.373965
466.91796875,425.0,2.834635117612142,-1.8157749899217608,2026-07-09 17:22:48.374464
466.23046875,422.25,2.834635117612142,-1.8157749899217608,2026-07-09 17:22:48.374909
465.54296875,419.5,2.834635117612142,-1.8157749899217608,2026-07-09 17:22:48.375351
464.85546875,416.75,2.834635117612142,-1.8157749899217608,2026-07-09 17:22:48.375819
464.16796875,414.0,2.834635117612142,-1.8157749899217608,2026-07-09 17:22:48.376279
463.48046875,411.25,2.834635117612142,-1.8157749899217608,2026-07-09 17:22:48.376959
462.79296875,407.8125,3.5055759155950397,-1.7681918866447774,2026-07-09 17:22:48.377541
462.10546875,405.0625,2.834635117612142,-1.8157749899217608,2026-07-09 17:22:48.378200
461.41796875,402.3125,2.834635117612142,-1.8157749899217608,2026-07-09 17:22:48.379016
460.73046875,398.875,3.5055759155950397,-1.7681918866447774,2026-07-09 17:22:48.380099
460.04296875,396.125,2.834635117612142,-1.8157749899217608,2026-07-09 17:22:48.380988
458.66796875,392.6875,3.7023008049049717,-1.9513027039072615,2026-07-09 17:22:48.384521
457.29296875,389.25,3.7023008049049717,-1.9513027039072615,2026-07-09 17:22:48.385075
456.60546875,385.8125,3.5055759155950397,-1.7681918866447774,2026-07-09 17:22:48.385550
455.23046875,382.375,3.7023008049049717,-1.9513027039072615,2026-07-09 17:22:48.386071
454.54296875,378.9375,3.5055759155950397,-1.7681918866447774,2026-07-09 17:22:48.386545
453.16796875,375.5,3.7023008049049717,-1.9513027039072615,2026-07-09 17:22:48.387000
451.79296875,372.0625,3.7023008049049717,-1.9513027039072615,2026-07-09 17:22:48.387990
450.41796875,368.625,3.7023008049049717,-1.9513027039072615,2026-07-09 17:22:48.388983
449.73046875,365.1875,3.5055759155950397,-1.7681918866447774,2026-07-09 17:22:48.389963
448.35546875,361.0625,4.348131782731522,-1.892546881191539,2026-07-09 17:22:48.390997
446.29296875,357.625,4.008779427706144,-2.1112158270654806,2026-07-09 17:22:48.392003
444.91796875,353.5,4.348131782731522,-1.892546881191539,2026-07-09 17:22:48.392994
443.54296875,350.0625,3.7023008049049717,-1.9513027039072615,2026-07-09 17:22:48.394108
441.48046875,346.625,4.008779427706144,-2.1112158270654806,2026-07-09 17:22:48.395018
440.10546875,342.5,4.348131782731522,-1.892546881191539,2026-07-09 17:22:48.396001
438.04296875,338.375,4.611890203593316,-2.0344439357957027,2026-07-09 17:22:48.397006
436.66796875,334.9375,3.7023008049049717,-1.9513027039072615,2026-07-09 17:22:48.400165
434.60546875,330.8125,4.611890203593316,-2.0344439357957027,2026-07-09 17:22:48.400601
432.54296875,326.6875,4.611890203593316,-2.0344439357957027,2026-07-09 17:22:48.400973
430.48046875,323.25,4.008779427706144,-2.1112158270654806,2026-07-09 17:22:48.401466
429.10546875,319.125,4.348131782731522,-1.892546881191539,2026-07-09 17:22:48.402025
427.04296875,315.6875,4.008779427706144,-2.1112158270654806,2026-07-09 17:22:48.403004
424.98046875,311.5625,4.611890203593316,-2.0344439357957027,2026-07-09 17:22:48.404057
422.91796875,307.4375,4.611890203593316,-2.0344439357957027,2026-07-09 17:22:48.404955
420.85546875,303.3125,4.611890203593316,-2.0344439357957027,2026-07-09 17:22:48.405966
418.79296875,299.1875,4.611890203593316,-2.0344439357957027,2026-07-09 17:22:48.406984
416.73046875,295.0625,4.611890203593316,-2.0344439357957027,2026-07-09 17:22:48.407958
413.98046875,290.9375,4.957633003762985,-2.158798930342464,2026-07-09 17:22:48.408958
412.60546875,286.8125,4.348131782731522,-1.892546881191539,2026-07-09 17:22:48.409967
410.54296875,283.375,4.008779427706144,-2.1112158270654806,2026-07-09 17:22:48.410980
408.48046875,279.25,4.611890203593316,-2.0344439357957027,2026-07-09 17:22:48.411983
405.73046875,275.125,4.957633003762985,-2.158798930342464,2026-07-09 17:22:48.412967
403.66796875,271.0,4.611890203593316,-2.0344439357957027,2026-07-09 17:22:48.413950
401.60546875,266.875,4.611890203593316,-2.0344439357957027,2026-07-09 17:22:48.416303
399.54296875,263.4375,4.008779427706144,-2.1112158270654806,2026-07-09 17:22:48.416897
396.79296875,259.3125,4.957633003762985,-2.158798930342464,2026-07-09 17:22:48.417404
395.41796875,255.1875,4.348131782731522,-1.892546881191539,2026-07-09 17:22:48.417949
393.35546875,251.75,4.008779427706144,-2.1112158270654806,2026-07-09 17:22:48.418981
391.29296875,247.625,4.611890203593316,-2.0344439357957027,2026-07-09 17:22:48.419943
389.23046875,244.1875,4.008779427706144,-2.1112158270654806,2026-07-09 17:22:48.422065
386.48046875,240.0625,4.957633003762985,-2.158798930342464,2026-07-09 17:22:48.422975
385.10546875,235.9375,4.348131782731522,-1.892546881191539,2026-07-09 17:22:48.423970
383.04296875,232.5,4.008779427706144,-2.1112158270654806,2026-07-09 17:22:48.424963
380.98046875,229.0625,4.008779427706144,-2.1112158270654806,2026-07-09 17:22:48.426004
378.91796875,224.9375,4.611890203593316,-2.0344439357957027,2026-07-09 17:22:48.426927
377.54296875,222.1875,3.074593469062211,-2.0344439357957027,2026-07-09 17:22:48.427910
375.48046875,218.0625,4.611890203593316,-2.0344439357957027,2026-07-09 17:22:48.428947
374.10546875,214.625,3.7023008049049717,-1.9513027039072615,2026-07-09 17:22:48.429938
372.04296875,211.1875,4.008779427706144,-2.1112158270654806,2026-07-09 17:22:48.430945
369.98046875,207.0625,4.611890203593316,-2.0344439357957027,2026-07-09 17:22:48.432710
368.60546875,203.625,3.7023008049049717,-1.9513027039072615,2026-07-09 17:22:48.433437
366.54296875,200.1875,4.008779427706144,-2.1112158270654806,2026-07-09 17:22:48.434219
364.48046875,196.75,4.008779427706144,-2.1112158270654806,2026-07-09 17:22:48.434936
363.10546875,193.3125,3.7023008049049717,-1.9513027039072615,2026-07-09 17:22:48.435923
361.73046875,190.5625,3.074593469062211,-2.0344439357957027,2026-07-09 17:22:48.436950
360.35546875,187.125,3.7023008049049717,-1.9513027039072615,2026-07-09 17:22:48.437944
358.29296875,183.6875,4.008779427706144,-2.1112158270654806,2026-07-09 17:22:48.438921
356.91796875,180.25,3.7023008049049717,-1.9513027039072615,2026-07-09 17:22:48.439941
355.54296875,177.5,3.074593469062211,-2.0344439357957027,2026-07-09 17:22:48.440951
353.48046875,173.375,4.611890203593316,-2.0344439357957027,2026-07-09 17:22:48.441952
351.41796875,169.9375,4.008779427706144,-2.1112158270654806,2026-07-09 17:22:48.442915
350.04296875,167.1875,3.074593469062211,-2.0344439357957027,2026-07-09 17:22:48.443933
348.66796875,164.4375,3.074593469062211,-2.0344439357957027,2026-07-09 17:22:48.444915
347.29296875,161.0,3.7023008049049717,-1.9513027039072615,2026-07-09 17:22:48.445919
345.91796875,158.25,3.074593469062211,-2.0344439357957027,2026-07-09 17:22:48.446919
344.54296875,154.8125,3.7023008049049717,-1.9513027039072615,2026-07-09 17:22:48.449540
343.16796875,152.0625,3.074593469062211,-2.0344439357957027,2026-07-09 17:22:48.450065
341.10546875,148.625,4.008779427706144,-2.1112158270654806,2026-07-09 17:22:48.450444
339.73046875,145.1875,3.7023008049049717,-1.9513027039072615,2026-07-09 17:22:48.450908
339.04296875,143.125,2.174065891365761,-1.892546881191539,2026-07-09 17:22:48.451915
337.66796875,140.375,3.074593469062211,-2.0344439357957027,2026-07-09 17:22:48.452954
336.29296875,136.9375,3.7023008049049717,-1.9513027039072615,2026-07-09 17:22:48.453910
335.60546875,134.1875,2.834635117612142,-1.8157749899217608,2026-07-09 17:22:48.454885
334.23046875,131.4375,3.074593469062211,-2.0344439357957027,2026-07-09 17:22:48.455905
332.85546875,128.6875,3.074593469062211,-2.0344439357957027,2026-07-09 17:22:48.456887
331.48046875,125.9375,3.074593469062211,-2.0344439357957027,2026-07-09 17:22:48.457973
330.79296875,123.1875,2.834635117612142,-1.8157749899217608,2026-07-09 17:22:48.458908
330.10546875,121.125,2.174065891365761,-1.892546881191539,2026-07-09 17:22:48.459945
328.73046875,118.375,3.074593469062211,-2.0344439357957027,2026-07-09 17:22:48.460893
327.35546875,115.625,3.074593469062211,-2.0344439357957027,2026-07-09 17:22:48.461902
326.66796875,113.5625,2.174065891365761,-1.892546881191539,2026-07-09 17:22:48.462911
325.98046875,111.5,2.174065891365761,-1.892546881191539,2026-07-09 17:22:48.463922
324.60546875,108.75,3.074593469062211,-2.0344439357957027,2026-07-09 17:22:48.465727
323.23046875,106.6875,2.4788165018814925,-2.158798930342464,2026-07-09 17:22:48.466267
322.54296875,103.9375,2.834635117612142,-1.8157749899217608,2026-07-09 17:22:48.466917
321.85546875,101.875,2.174065891365761,-1.892546881191539,2026-07-09 17:22:48.467919
321.16796875,99.8125,2.174065891365761,-1.892546881191539,2026-07-09 17:22:48.468892
320.48046875,97.75,2.174065891365761,-1.892546881191539,2026-07-09 17:22:48.469888
319.79296875,95.6875,2.174065891365761,-1.892546881191539,2026-07-09 17:22:48.471058
319.10546875,93.625,2.174065891365761,-1.892546881191539,2026-07-09 17:22:48.471923
317.73046875,92.25,1.9445436482630056,-2.356194490192345,2026-07-09 17:22:48.472906
317.04296875,90.1875,2.174065891365761,-1.892546881191539,2026-07-09 17:22:48.473926
316.35546875,88.125,2.174065891365761,-1.892546881191539,2026-07-09 17:22:48.475154
315.66796875,86.75,1.5372967345311055,-2.0344439357957027,2026-07-09 17:22:48.475915
314.98046875,85.375,1.5372967345311055,-2.0344439357957027,2026-07-09 17:22:48.477147
314.29296875,83.3125,2.174065891365761,-1.892546881191539,2026-07-09 17:22:48.477898
313.60546875,81.25,2.174065891365761,-1.892546881191539,2026-07-09 17:22:48.479208
312.91796875,79.875,1.5372967345311055,-2.0344439357957027,2026-07-09 17:22:48.479900
312.23046875,78.5,1.5372967345311055,-2.0344439357957027,2026-07-09 17:22:48.481090
311.54296875,77.125,1.5372967345311055,-2.0344439357957027,2026-07-09 17:22:48.483096
310.85546875,75.75,1.5372967345311055,-2.0344439357957027,2026-07-09 17:22:48.483625
310.85546875,74.375,1.375,-1.5707963267948966,2026-07-09 17:22:48.483989
310.16796875,73.0,1.5372967345311055,-2.0344439357957027,2026-07-09 17:22:48.485169
309.48046875,72.3125,0.9722718241315028,-2.356194490192345,2026-07-09 17:22:48.485885
309.48046875,70.9375,1.375,-1.5707963267948966,2026-07-09 17:22:48.486970
308.79296875,70.25,0.9722718241315028,-2.356194490192345,2026-07-09 17:22:48.488160
308.10546875,69.5625,0.9722718241315028,-2.356194490192345,2026-07-09 17:22:48.488881
308.10546875,68.1875,1.375,-1.5707963267948966,2026-07-09 17:22:48.490029
307.41796875,67.5,0.9722718241315028,-2.356194490192345,2026-07-09 17:22:48.490987
307.41796875,66.8125,0.6875,-1.5707963267948966,2026-07-09 17:22:48.492026
307.41796875,66.125,0.6875,-1.5707963267948966,2026-07-09 17:22:48.492919
306.73046875,65.4375,0.9722718241315028,-2.356194490192345,2026-07-09 17:22:48.494010
306.73046875,64.75,0.6875,-1.5707963267948966,2026-07-09 17:22:48.494975
306.04296875,64.0625,0.9722718241315028,-2.356194490192345,2026-07-09 17:22:48.496016
306.04296875,63.375,0.6875,-1.5707963267948966,2026-07-09 17:22:48.497050
306.04296875,62.6875,0.6875,-1.5707963267948966,2026-07-09 17:22:48.499334
305.35546875,62.0,0.9722718241315028,-2.356194490192345,2026-07-09 17:22:48.502166
305.35546875,62.6875,0.6875,1.5707963267948966,2026-07-09 17:22:48.762075
305.35546875,63.375,0.6875,1.5707963267948966,2026-07-09 17:22:48.767129
306.04296875,64.0625,0.9722718241315028,0.7853981633974483,2026-07-09 17:22:48.769320
306.04296875,64.75,0.6875,1.5707963267948966,2026-07-09 17:22:48.770758
306.04296875,65.4375,0.6875,1.5707963267948966,2026-07-09 17:22:48.772196
306.73046875,66.8125,1.5372967345311055,1.1071487177940904,2026-07-09 17:22:48.774602
306.73046875,67.5,0.6875,1.5707963267948966,2026-07-09 17:22:48.775269
306.73046875,68.875,1.375,1.5707963267948966,2026-07-09 17:22:48.775877
307.41796875,69.5625,0.9722718241315028,0.7853981633974483,2026-07-09 17:22:48.776498
307.41796875,70.9375,1.375,1.5707963267948966,2026-07-09 17:22:48.777093
308.10546875,72.3125,1.5372967345311055,1.1071487177940904,2026-07-09 17:22:48.777701
308.10546875,73.0,0.6875,1.5707963267948966,2026-07-09 17:22:48.778276
308.79296875,74.375,1.5372967345311055,1.1071487177940904,2026-07-09 17:22:48.778836
308.79296875,75.75,1.375,1.5707963267948966,2026-07-09 17:22:48.779390
308.79296875,77.8125,2.0625,1.5707963267948966,2026-07-09 17:22:48.779934
309.48046875,79.1875,1.5372967345311055,1.1071487177940904,2026-07-09 17:22:48.780492
309.48046875,81.25,2.0625,1.5707963267948966,2026-07-09 17:22:48.780943
310.16796875,83.3125,2.174065891365761,1.2490457723982544,2026-07-09 17:22:48.781402
310.85546875,85.375,2.174065891365761,1.2490457723982544,2026-07-09 17:22:48.781886
311.54296875,87.4375,2.174065891365761,1.2490457723982544,2026-07-09 17:22:48.782357
312.23046875,89.5,2.174065891365761,1.2490457723982544,2026-07-09 17:22:48.782804
312.23046875,91.5625,2.0625,1.5707963267948966,2026-07-09 17:22:48.783252
312.91796875,93.625,2.174065891365761,1.2490457723982544,2026-07-09 17:22:48.783727
313.60546875,95.6875,2.174065891365761,1.2490457723982544,2026-07-09 17:22:48.784197
314.29296875,99.125,3.5055759155950397,1.373400766945016,2026-07-09 17:22:48.784711
314.98046875,101.1875,2.174065891365761,1.2490457723982544,2026-07-09 17:22:48.785390
315.66796875,103.9375,2.834635117612142,1.3258176636680326,2026-07-09 17:22:48.786014
316.35546875,106.6875,2.834635117612142,1.3258176636680326,2026-07-09 17:22:48.787028
317.04296875,109.4375,2.834635117612142,1.3258176636680326,2026-07-09 17:22:48.788045
318.41796875,112.1875,3.074593469062211,1.1071487177940904,2026-07-09 17:22:48.789020
319.10546875,115.625,3.5055759155950397,1.373400766945016,2026-07-09 17:22:48.790038
320.48046875,118.375,3.074593469062211,1.1071487177940904,2026-07-09 17:22:48.791060
321.85546875,121.8125,3.7023008049049717,1.1902899496825317,2026-07-09 17:22:48.792039
322.54296875,124.5625,2.834635117612142,1.3258176636680326,2026-07-09 17:22:48.793016
323.91796875,128.0,3.7023008049049717,1.1902899496825317,2026-07-09 17:22:48.794040
325.29296875,131.4375,3.7023008049049717,1.1902899496825317,2026-07-09 17:22:48.795019
326.66796875,134.875,3.7023008049049717,1.1902899496825317,2026-07-09 17:22:48.796001
328.73046875,138.3125,4.008779427706144,1.0303768265243125,2026-07-09 17:22:48.797030
330.10546875,142.4375,4.348131782731522,1.2490457723982544,2026-07-09 17:22:48.800929
332.16796875,146.5625,4.611890203593316,1.1071487177940904,2026-07-09 17:22:48.801380
333.54296875,150.0,3.7023008049049717,1.1902899496825317,2026-07-09 17:22:48.801812
335.60546875,153.4375,4.008779427706144,1.0303768265243125,2026-07-09 17:22:48.802234
336.98046875,156.875,3.7023008049049717,1.1902899496825317,2026-07-09 17:22:48.802659
339.04296875,161.0,4.611890203593316,1.1071487177940904,2026-07-09 17:22:48.803070
341.10546875,165.125,4.611890203593316,1.1071487177940904,2026-07-09 17:22:48.803997
343.16796875,169.25,4.611890203593316,1.1071487177940904,2026-07-09 17:22:48.805012
345.23046875,173.375,4.611890203593316,1.1071487177940904,2026-07-09 17:22:48.806027
347.29296875,177.5,4.611890203593316,1.1071487177940904,2026-07-09 17:22:48.807018
349.35546875,180.9375,4.008779427706144,1.0303768265243125,2026-07-09 17:22:48.808004
352.10546875,185.0625,4.957633003762985,0.982793723247329,2026-07-09 17:22:48.809069
354.85546875,189.875,5.5428022019552525,1.0516502125483738,2026-07-09 17:22:48.810002
357.60546875,194.0,4.957633003762985,0.982793723247329,2026-07-09 17:22:48.811044
359.66796875,198.125,4.611890203593316,1.1071487177940904,2026-07-09 17:22:48.812025
362.41796875,202.25,4.957633003762985,0.982793723247329,2026-07-09 17:22:48.813037
365.16796875,206.375,4.957633003762985,0.982793723247329,2026-07-09 17:22:48.814015
367.91796875,210.5,4.957633003762985,0.982793723247329,2026-07-09 17:22:48.817352
370.66796875,214.625,4.957633003762985,0.982793723247329,2026-07-09 17:22:48.817773
373.41796875,219.4375,5.5428022019552525,1.0516502125483738,2026-07-09 17:22:48.818163
376.16796875,224.25,5.5428022019552525,1.0516502125483738,2026-07-09 17:22:48.818585
379.60546875,228.375,5.369546652185825,0.8760580505981934,2026-07-09 17:22:48.819040
382.35546875,232.5,4.957633003762985,0.982793723247329,2026-07-09 17:22:48.820038
385.10546875,236.625,4.957633003762985,0.982793723247329,2026-07-09 17:22:48.821035
387.85546875,240.75,4.957633003762985,0.982793723247329,2026-07-09 17:22:48.822032
390.60546875,245.5625,5.5428022019552525,1.0516502125483738,2026-07-09 17:22:48.822994
394.04296875,249.6875,5.369546652185825,0.8760580505981934,2026-07-09 17:22:48.824044
396.79296875,254.5,5.5428022019552525,1.0516502125483738,2026-07-09 17:22:48.825016
400.23046875,258.625,5.369546652185825,0.8760580505981934,2026-07-09 17:22:48.826052
402.98046875,262.75,4.957633003762985,0.982793723247329,2026-07-09 17:22:48.827017
405.73046875,266.875,4.957633003762985,0.982793723247329,2026-07-09 17:22:48.828034
408.48046875,271.6875,5.5428022019552525,1.0516502125483738,2026-07-09 17:22:48.829024
411.23046875,275.8125,4.957633003762985,0.982793723247329,2026-07-09 17:22:48.830058
413.98046875,279.9375,4.957633003762985,0.982793723247329,2026-07-09 17:22:48.831063
417.41796875,284.0625,5.369546652185825,0.8760580505981934,2026-07-09 17:22:48.834374
420.16796875,288.1875,4.957633003762985,0.982793723247329,2026-07-09 17:22:48.834780
422.91796875,292.3125,4.957633003762985,0.982793723247329,2026-07-09 17:22:48.835146
425.66796875,297.125,5.5428022019552525,1.0516502125483738,2026-07-09 17:22:48.835514
428.41796875,301.25,4.957633003762985,0.982793723247329,2026-07-09 17:22:48.836124
431.16796875,304.6875,4.402147913235083,0.8960553845713439,2026-07-09 17:22:48.837091
433.91796875,308.8125,4.957633003762985,0.982793723247329,2026-07-09 17:22:48.838083
436.66796875,313.625,5.5428022019552525,1.0516502125483738,2026-07-09 17:22:48.839059
439.41796875,317.75,4.957633003762985,0.982793723247329,2026-07-09 17:22:48.840088
442.16796875,321.875,4.957633003762985,0.982793723247329,2026-07-09 17:22:48.841065
444.91796875,326.0,4.957633003762985,0.982793723247329,2026-07-09 17:22:48.842037
447.66796875,330.8125,5.5428022019552525,1.0516502125483738,2026-07-09 17:22:48.843062
449.73046875,334.9375,4.611890203593316,1.1071487177940904,2026-07-09 17:22:48.844028
451.79296875,339.0625,4.611890203593316,1.1071487177940904,2026-07-09 17:22:48.845040
454.54296875,343.1875,4.957633003762985,0.982793723247329,2026-07-09 17:22:48.846047
457.29296875,348.0,5.5428022019552525,1.0516502125483738,2026-07-09 17:22:48.847077
459.35546875,352.125,4.611890203593316,1.1071487177940904,2026-07-09 17:22:48.850430
462.10546875,356.25,4.957633003762985,0.982793723247329,2026-07-09 17:22:48.850817
464.16796875,360.375,4.611890203593316,1.1071487177940904,2026-07-09 17:22:48.851167
466.91796875,364.5,4.957633003762985,0.982793723247329,2026-07-09 17:22:48.852047
468.29296875,368.625,4.348131782731522,1.2490457723982544,2026-07-09 17:22:48.853064
470.35546875,372.75,4.611890203593316,1.1071487177940904,2026-07-09 17:22:48.854024
472.41796875,376.875,4.611890203593316,1.1071487177940904,2026-07-09 17:22:48.855014
475.16796875,381.0,4.957633003762985,0.982793723247329,2026-07-09 17:22:48.856058
477.23046875,385.125,4.611890203593316,1.1071487177940904,2026-07-09 17:22:48.857045
479.29296875,389.25,4.611890203593316,1.1071487177940904,2026-07-09 17:22:48.858027
481.35546875,392.6875,4.008779427706144,1.0303768265243125,2026-07-09 17:22:48.859021
483.41796875,396.8125,4.611890203593316,1.1071487177940904,2026-07-09 17:22:48.860049
485.48046875,400.9375,4.611890203593316,1.1071487177940904,2026-07-09 17:22:48.861050
487.54296875,404.375,4.008779427706144,1.0303768265243125,2026-07-09 17:22:48.862031
488.91796875,408.5,4.348131782731522,1.2490457723982544,2026-07-09 17:22:48.863043
490.98046875,411.9375,4.008779427706144,1.0303768265243125,2026-07-09 17:22:48.864005
493.04296875,415.375,4.008779427706144,1.0303768265243125,2026-07-09 17:22:48.866815
494.41796875,418.8125,3.7023008049049717,1.1902899496825317,2026-07-09 17:22:48.867196
495.79296875,422.9375,4.348131782731522,1.2490457723982544,2026-07-09 17:22:48.867590
498.54296875,427.0625,4.957633003762985,0.982793723247329,2026-07-09 17:22:48.868123
499.91796875,429.8125,3.074593469062211,1.1071487177940904,2026-07-09 17:22:48.868986
501.29296875,433.9375,4.348131782731522,1.2490457723982544,2026-07-09 17:22:48.870017
502.66796875,436.6875,3.074593469062211,1.1071487177940904,2026-07-09 17:22:48.870956
504.04296875,440.125,3.7023008049049717,1.1902899496825317,2026-07-09 17:22:48.872028
506.10546875,444.25,4.611890203593316,1.1071487177940904,2026-07-09 17:22:48.873045
507.48046875,447.6875,3.7023008049049717,1.1902899496825317,2026-07-09 17:22:48.873956
508.85546875,451.125,3.7023008049049717,1.1902899496825317,2026-07-09 17:22:48.875078
510.23046875,454.5625,3.7023008049049717,1.1902899496825317,2026-07-09 17:22:48.875960
510.91796875,458.0,3.5055759155950397,1.373400766945016,2026-07-09 17:22:48.876949
512.29296875,461.4375,3.7023008049049717,1.1902899496825317,2026-07-09 17:22:48.878012
513.66796875,464.1875,3.074593469062211,1.1071487177940904,2026-07-09 17:22:48.878953
515.04296875,467.625,3.7023008049049717,1.1902899496825317,2026-07-09 17:22:48.879988
516.41796875,470.375,3.074593469062211,1.1071487177940904,2026-07-09 17:22:48.880942
517.10546875,473.8125,3.5055759155950397,1.373400766945016,2026-07-09 17:22:48.882767
518.48046875,477.25,3.7023008049049717,1.1902899496825317,2026-07-09 17:22:48.883441
519.85546875,480.0,3.074593469062211,1.1071487177940904,2026-07-09 17:22:48.884072
520.54296875,482.75,2.834635117612142,1.3258176636680326,2026-07-09 17:22:48.885045
521.23046875,485.5,2.834635117612142,1.3258176636680326,2026-07-09 17:22:48.885979
522.60546875,488.9375,3.7023008049049717,1.1902899496825317,2026-07-09 17:22:48.887023
523.29296875,491.6875,2.834635117612142,1.3258176636680326,2026-07-09 17:22:48.888056
524.66796875,493.75,2.4788165018814925,0.982793723247329,2026-07-09 17:22:48.889002
525.35546875,496.5,2.834635117612142,1.3258176636680326,2026-07-09 17:22:48.889937
526.04296875,499.9375,3.5055759155950397,1.373400766945016,2026-07-09 17:22:48.891013
526.73046875,502.0,2.174065891365761,1.2490457723982544,2026-07-09 17:22:48.891940
528.10546875,504.75,3.074593469062211,1.1071487177940904,2026-07-09 17:22:48.893026
528.79296875,506.8125,2.174065891365761,1.2490457723982544,2026-07-09 17:22:48.894012
529.48046875,509.5625,2.834635117612142,1.3258176636680326,2026-07-09 17:22:48.895015
530.16796875,512.3125,2.834635117612142,1.3258176636680326,2026-07-09 17:22:48.895953
530.85546875,514.375,2.174065891365761,1.2490457723982544,2026-07-09 17:22:48.897035
531.54296875,517.125,2.834635117612142,1.3258176636680326,2026-07-09 17:22:48.899504
532.23046875,519.875,2.834635117612142,1.3258176636680326,2026-07-09 17:22:48.899955
532.91796875,521.9375,2.174065891365761,1.2490457723982544,2026-07-09 17:22:48.900430
533.60546875,524.6875,2.834635117612142,1.3258176636680326,2026-07-09 17:22:48.901041
534.29296875,526.75,2.174065891365761,1.2490457723982544,2026-07-09 17:22:48.902022
535.66796875,528.8125,2.4788165018814925,0.982793723247329,2026-07-09 17:22:48.902952
536.35546875,530.875,2.174065891365761,1.2490457723982544,2026-07-09 17:22:48.904025
537.04296875,533.625,2.834635117612142,1.3258176636680326,2026-07-09 17:22:48.904957
537.73046875,535.6875,2.174065891365761,1.2490457723982544,2026-07-09 17:22:48.906068
538.41796875,537.75,2.174065891365761,1.2490457723982544,2026-07-09 17:22:48.906946
539.10546875,539.8125,2.174065891365761,1.2490457723982544,2026-07-09 17:22:48.908025
539.79296875,541.875,2.174065891365761,1.2490457723982544,2026-07-09 17:22:48.909004
540.48046875,544.625,2.834635117612142,1.3258176636680326,2026-07-09 17:22:48.909944
541.16796875,546.6875,2.174065891365761,1.2490457723982544,2026-07-09 17:22:48.911004
541.85546875,548.75,2.174065891365761,1.2490457723982544,2026-07-09 17:22:48.912025
542.54296875,550.8125,2.174065891365761,1.2490457723982544,2026-07-09 17:22:48.912950
543.23046875,552.875,2.174065891365761,1.2490457723982544,2026-07-09 17:22:48.914015
543.91796875,555.625,2.834635117612142,1.3258176636680326,2026-07-09 17:22:48.916139
544.60546875,557.0,1.5372967345311055,1.1071487177940904,2026-07-09 17:22:48.916616
545.29296875,559.0625,2.174065891365761,1.2490457723982544,2026-07-09 17:22:48.917043
545.98046875,561.125,2.174065891365761,1.2490457723982544,2026-07-09 17:22:48.917972
546.66796875,562.5,1.5372967345311055,1.1071487177940904,2026-07-09 17:22:48.919004
547.35546875,564.5625,2.174065891365761,1.2490457723982544,2026-07-09 17:22:48.919955
548.04296875,566.625,2.174065891365761,1.2490457723982544,2026-07-09 17:22:48.921011
548.73046875,568.0,1.5372967345311055,1.1071487177940904,2026-07-09 17:22:48.921956
549.41796875,570.0625,2.174065891365761,1.2490457723982544,2026-07-09 17:22:48.922946
550.10546875,572.125,2.174065891365761,1.2490457723982544,2026-07-09 17:22:48.924001
550.79296875,573.5,1.5372967345311055,1.1071487177940904,2026-07-09 17:22:48.925036
551.48046875,574.875,1.5372967345311055,1.1071487177940904,2026-07-09 17:22:48.925954
552.16796875,576.9375,2.174065891365761,1.2490457723982544,2026-07-09 17:22:48.926997
552.85546875,579.0,2.174065891365761,1.2490457723982544,2026-07-09 17:22:48.928014
552.85546875,580.375,1.375,1.5707963267948966,2026-07-09 17:22:48.929068
553.54296875,582.4375,2.174065891365761,1.2490457723982544,2026-07-09 17:22:48.930013
554.23046875,583.8125,1.5372967345311055,1.1071487177940904,2026-07-09 17:22:48.930958
554.23046875,585.1875,1.375,1.5707963267948966,2026-07-09 17:22:48.932945
554.91796875,586.5625,1.5372967345311055,1.1071487177940904,2026-07-09 17:22:48.933548
555.60546875,587.9375,1.5372967345311055,1.1071487177940904,2026-07-09 17:22:48.934075
556.29296875,589.3125,1.5372967345311055,1.1071487177940904,2026-07-09 17:22:48.934941
556.98046875,590.6875,1.5372967345311055,1.1071487177940904,2026-07-09 17:22:48.936020
556.98046875,592.0625,1.375,1.5707963267948966,2026-07-09 17:22:48.936991
557.66796875,593.4375,1.5372967345311055,1.1071487177940904,2026-07-09 17:22:48.937957
557.66796875,594.125,0.6875,1.5707963267948966,2026-07-09 17:22:48.939010
558.35546875,595.5,1.5372967345311055,1.1071487177940904,2026-07-09 17:22:48.939967
559.04296875,596.875,1.5372967345311055,1.1071487177940904,2026-07-09 17:22:48.940980
559.04296875,598.25,1.375,1.5707963267948966,2026-07-09 17:22:48.941981
559.73046875,598.9375,0.9722718241315028,0.7853981633974483,2026-07-09 17:22:48.942988
559.73046875,600.3125,1.375,1.5707963267948966,2026-07-09 17:22:48.944084
559.73046875,601.0,0.6875,1.5707963267948966,2026-07-09 17:22:48.944925
560.41796875,601.6875,0.9722718241315028,0.7853981633974483,2026-07-09 17:22:48.945975
560.41796875,602.375,0.6875,1.5707963267948966,2026-07-09 17:22:48.947016
561.10546875,603.0625,0.9722718241315028,0.7853981633974483,2026-07-09 17:22:48.949422
561.10546875,603.75,0.6875,1.5707963267948966,2026-07-09 17:22:48.949882
561.79296875,604.4375,0.9722718241315028,0.7853981633974483,2026-07-09 17:22:48.950319
561.79296875,605.125,0.6875,1.5707963267948966,2026-07-09 17:22:48.950991
562.48046875,605.8125,0.9722718241315028,0.7853981633974483,2026-07-09 17:22:48.952030
562.48046875,606.5,0.6875,1.5707963267948966,2026-07-09 17:22:48.952951
562.48046875,607.875,1.375,1.5707963267948966,2026-07-09 17:22:48.955092
563.16796875,608.5625,0.9722718241315028,0.7853981633974483,2026-07-09 17:22:48.957065
563.16796875,609.25,0.6875,1.5707963267948966,2026-07-09 17:22:48.959090
563.16796875,609.9375,0.6875,1.5707963267948966,2026-07-09 17:22:48.964125
563.85546875,610.625,0.9722718241315028,0.7853981633974483,2026-07-09 17:22:49.244569
564.54296875,609.9375,0.9722718241315028,-0.7853981633974483,2026-07-09 17:22:49.247429
565.23046875,609.9375,0.6875,0.0,2026-07-09 17:22:49.249738
565.91796875,609.25,0.9722718241315028,-0.7853981633974483,2026-07-09 17:22:49.251670
567.29296875,608.5625,1.5372967345311055,-0.4636476090008061,2026-07-09 17:22:49.253535
568.66796875,607.875,1.5372967345311055,-0.4636476090008061,2026-07-09 17:22:49.255178
570.04296875,607.1875,1.5372967345311055,-0.4636476090008061,2026-07-09 17:22:49.257443
572.10546875,606.5,2.174065891365761,-0.3217505543966422,2026-07-09 17:22:49.258471
574.85546875,605.8125,2.834635117612142,-0.24497866312686414,2026-07-09 17:22:49.259248
576.91796875,605.125,2.174065891365761,-0.3217505543966422,2026-07-09 17:22:49.259957
578.98046875,603.75,2.4788165018814925,-0.5880026035475675,2026-07-09 17:22:49.260624
582.41796875,602.375,3.7023008049049717,-0.3805063771123649,2026-07-09 17:22:49.261226
585.85546875,601.6875,3.5055759155950397,-0.19739555984988075,2026-07-09 17:22:49.261811
589.29296875,600.3125,3.7023008049049717,-0.3805063771123649,2026-07-09 17:22:49.262417
592.73046875,599.625,3.5055759155950397,-0.19739555984988075,2026-07-09 17:22:49.263072
596.16796875,598.25,3.7023008049049717,-0.3805063771123649,2026-07-09 17:22:49.263697
599.60546875,597.5625,3.5055759155950397,-0.19739555984988075,2026-07-09 17:22:49.264180
603.73046875,596.1875,4.348131782731522,-0.3217505543966422,2026-07-09 17:22:49.264729
607.85546875,594.125,4.611890203593316,-0.4636476090008061,2026-07-09 17:22:49.265231
612.66796875,592.75,5.005075548880356,-0.27829965900511133,2026-07-09 17:22:49.265765
617.48046875,591.375,5.005075548880356,-0.27829965900511133,2026-07-09 17:22:49.266223
622.98046875,590.0,5.669270235224284,-0.24497866312686414,2026-07-09 17:22:49.266698
628.48046875,588.625,5.669270235224284,-0.24497866312686414,2026-07-09 17:22:49.267174
634.66796875,587.25,6.33843681438886,-0.21866894587394195,2026-07-09 17:22:49.268031
640.16796875,585.1875,5.874002574905803,-0.35877067027057225,2026-07-09 17:22:49.269197
646.35546875,583.8125,6.33843681438886,-0.21866894587394195,2026-07-09 17:22:49.269972
652.54296875,582.4375,6.33843681438886,-0.21866894587394195,2026-07-09 17:22:49.271220
659.41796875,580.375,7.177710724876003,-0.2914567944778671,2026-07-09 17:22:49.272375
666.29296875,578.3125,7.177710724876003,-0.2914567944778671,2026-07-09 17:22:49.272964
673.16796875,576.9375,7.011151831190079,-0.19739555984988075,2026-07-09 17:22:49.274347
680.73046875,574.1875,8.046981188619743,-0.348771003583907,2026-07-09 17:22:49.275342
688.29296875,572.8125,7.686483672655527,-0.17985349979247828,2026-07-09 17:22:49.275986
695.85546875,570.75,7.838706047556574,-0.2662520491509254,2026-07-09 17:22:49.277251
704.10546875,568.6875,8.503905352836425,-0.24497866312686414,2026-07-09 17:22:49.278309
713.04296875,567.3125,9.04265067610156,-0.15264932839526515,2026-07-09 17:22:49.279313
721.98046875,565.25,9.172394044086854,-0.22679884805388587,2026-07-09 17:22:49.280004
730.23046875,563.1875,8.503905352836425,-0.24497866312686414,2026-07-09 17:22:49.281007
739.16796875,561.125,9.172394044086854,-0.22679884805388587,2026-07-09 17:22:49.282725
748.79296875,559.0625,9.843501981002493,-0.21109333322274654,2026-07-09 17:22:49.283439
757.73046875,557.6875,9.04265067610156,-0.15264932839526515,2026-07-09 17:22:49.283969
766.66796875,554.9375,9.351010974755617,-0.2984989315861793,2026-07-09 17:22:49.285003
776.29296875,552.875,9.843501981002493,-0.21109333322274654,2026-07-09 17:22:49.286015
787.29296875,550.8125,11.191689159818548,-0.18534794999569476,2026-07-09 17:22:49.286956
796.91796875,548.75,9.843501981002493,-0.21109333322274654,2026-07-09 17:22:49.287990
807.23046875,547.375,10.403762840914819,-0.13255153229667402,2026-07-09 17:22:49.288957
816.16796875,545.3125,9.172394044086854,-0.22679884805388587,2026-07-09 17:22:49.289926
825.79296875,543.25,9.843501981002493,-0.21109333322274654,2026-07-09 17:22:49.291088
836.10546875,541.1875,10.516727746785119,-0.19739555984988075,2026-07-09 17:22:49.292054
847.10546875,537.75,11.524600047290145,-0.3028848683749714,2026-07-09 17:22:49.292941
856.73046875,536.375,9.722718241315029,-0.14189705460416394,2026-07-09 17:22:49.294011
867.04296875,533.625,10.672870103678767,-0.260602391747341,2026-07-09 17:22:49.294930
877.35546875,531.5625,10.516727746785119,-0.19739555984988075,2026-07-09 17:22:49.296085
888.35546875,529.5,11.191689159818548,-0.18534794999569476,2026-07-09 17:22:49.297012
898.66796875,527.4375,10.516727746785119,-0.19739555984988075,2026-07-09 17:22:49.300514
909.66796875,524.6875,11.338540470448567,-0.24497866312686414,2026-07-09 17:22:49.300897
920.66796875,521.9375,11.338540470448567,-0.24497866312686414,2026-07-09 17:22:49.301252
932.35546875,519.875,11.868090094872047,-0.1746721990082397,2026-07-09 17:22:49.301620
943.35546875,517.8125,11.191689159818548,-0.18534794999569476,2026-07-09 17:22:49.301994
953.66796875,515.75,10.516727746785119,-0.19739555984988075,2026-07-09 17:22:49.303011
964.66796875,513.0,11.338540470448567,-0.24497866312686414,2026-07-09 17:22:49.303974
975.66796875,510.9375,11.191689159818548,-0.18534794999569476,2026-07-09 17:22:49.305041
986.66796875,508.1875,11.338540470448567,-0.24497866312686414,2026-07-09 17:22:49.306020
996.98046875,506.125,10.516727746785119,-0.19739555984988075,2026-07-09 17:22:49.307016
1007.98046875,503.375,11.338540470448567,-0.24497866312686414,2026-07-09 17:22:49.307945
1018.29296875,501.3125,10.516727746785119,-0.19739555984988075,2026-07-09 17:22:49.308941
1028.60546875,498.5625,10.672870103678767,-0.260602391747341,2026-07-09 17:22:49.309997
1039.60546875,496.5,11.191689159818548,-0.18534794999569476,2026-07-09 17:22:49.310935
1049.91796875,494.4375,10.516727746785119,-0.19739555984988075,2026-07-09 17:22:49.311996
1061.60546875,491.6875,12.006671322643925,-0.23109066719589708,2026-07-09 17:22:49.312985
1071.23046875,488.9375,10.010151097760712,-0.27829965900511133,2026-07-09 17:22:49.313927
1081.54296875,486.875,10.516727746785119,-0.19739555984988075,2026-07-09 17:22:49.316525
1091.85546875,484.8125,10.516727746785119,-0.19739555984988075,2026-07-09 17:22:49.317120
1101.48046875,482.0625,10.010151097760712,-0.27829965900511133,2026-07-09 17:22:49.317528
1111.10546875,480.0,9.843501981002493,-0.21109333322274654,2026-07-09 17:22:49.318024
1121.41796875,477.9375,10.516727746785119,-0.19739555984988075,2026-07-09 17:22:49.318957
1131.73046875,475.1875,10.672870103678767,-0.260602391747341,2026-07-09 17:22:49.320021
1139.98046875,473.125,8.503905352836425,-0.24497866312686414,2026-07-09 17:22:49.321028
1149.60546875,471.0625,9.843501981002493,-0.21109333322274654,2026-07-09 17:22:49.321941
1158.54296875,468.3125,9.351010974755617,-0.2984989315861793,2026-07-09 17:22:49.323005
1167.48046875,466.25,9.172394044086854,-0.22679884805388587,2026-07-09 17:22:49.324032
1175.73046875,464.1875,8.503905352836425,-0.24497866312686414,2026-07-09 17:22:49.324986
1183.98046875,462.125,8.503905352836425,-0.24497866312686414,2026-07-09 17:22:49.326088
1192.23046875,459.375,8.696263565463044,-0.3217505543966422,2026-07-09 17:22:49.327046
1200.48046875,457.3125,8.503905352836425,-0.24497866312686414,2026-07-09 17:22:49.327965
1208.04296875,455.25,7.838706047556574,-0.2662520491509254,2026-07-09 17:22:49.329022
1215.60546875,453.1875,7.838706047556574,-0.2662520491509254,2026-07-09 17:22:49.329951
1223.16796875,450.4375,8.046981188619743,-0.348771003583907,2026-07-09 17:22:49.331021
1230.73046875,449.0625,7.686483672655527,-0.17985349979247828,2026-07-09 17:22:49.332730
1238.29296875,447.0,7.838706047556574,-0.2662520491509254,2026-07-09 17:22:49.333417
1244.48046875,444.9375,6.522197674097282,-0.3217505543966422,2026-07-09 17:22:49.334029
1250.66796875,442.875,6.522197674097282,-0.3217505543966422,2026-07-09 17:22:49.335043
1256.85546875,440.8125,6.522197674097282,-0.3217505543966422,2026-07-09 17:22:49.335966
1263.04296875,438.75,6.522197674097282,-0.3217505543966422,2026-07-09 17:22:49.337024
1269.23046875,437.375,6.33843681438886,-0.21866894587394195,2026-07-09 17:22:49.338013
1275.41796875,435.3125,6.522197674097282,-0.3217505543966422,2026-07-09 17:22:49.338972
1280.91796875,433.25,5.874002574905803,-0.35877067027057225,2026-07-09 17:22:49.339966
1286.41796875,431.875,5.669270235224284,-0.24497866312686414,2026-07-09 17:22:49.341037
1291.23046875,430.5,5.005075548880356,-0.27829965900511133,2026-07-09 17:22:49.341960
1296.04296875,429.125,5.005075548880356,-0.27829965900511133,2026-07-09 17:22:49.343006
1300.85546875,427.0625,5.235844010281437,-0.40489178628508343,2026-07-09 17:22:49.344010
1305.66796875,425.6875,5.005075548880356,-0.27829965900511133,2026-07-09 17:22:49.345007
1310.48046875,424.3125,5.005075548880356,-0.27829965900511133,2026-07-09 17:22:49.345940
1314.60546875,422.25,4.611890203593316,-0.4636476090008061,2026-07-09 17:22:49.347090
1318.04296875,420.875,3.7023008049049717,-0.3805063771123649,2026-07-09 17:22:49.349467
1322.16796875,419.5,4.348131782731522,-0.3217505543966422,2026-07-09 17:22:49.350000
1325.60546875,418.125,3.7023008049049717,-0.3805063771123649,2026-07-09 17:22:49.350439
1329.04296875,416.75,3.7023008049049717,-0.3805063771123649,2026-07-09 17:22:49.351031
1332.48046875,416.0625,3.5055759155950397,-0.19739555984988075,2026-07-09 17:22:49.351975
1335.91796875,414.6875,3.7023008049049717,-0.3805063771123649,2026-07-09 17:22:49.352996
1337.98046875,413.3125,2.4788165018814925,-0.5880026035475675,2026-07-09 17:22:49.354014
1340.73046875,411.9375,3.074593469062211,-0.4636476090008061,2026-07-09 17:22:49.354948
1342.79296875,411.25,2.174065891365761,-0.3217505543966422,2026-07-09 17:22:49.356021
1345.54296875,409.875,3.074593469062211,-0.4636476090008061,2026-07-09 17:22:49.356943
1347.60546875,409.1875,2.174065891365761,-0.3217505543966422,2026-07-09 17:22:49.358019
1348.98046875,408.5,1.5372967345311055,-0.4636476090008061,2026-07-09 17:22:49.359066
1350.35546875,407.8125,1.5372967345311055,-0.4636476090008061,2026-07-09 17:22:49.359964
1351.73046875,407.125,1.5372967345311055,-0.4636476090008061,2026-07-09 17:22:49.361011
1353.10546875,406.4375,1.5372967345311055,-0.4636476090008061,2026-07-09 17:22:49.361942
1354.48046875,405.75,1.5372967345311055,-0.4636476090008061,2026-07-09 17:22:49.363016
1355.16796875,405.0625,0.9722718241315028,-0.7853981633974483,2026-07-09 17:22:49.363999
1355.85546875,404.375,0.9722718241315028,-0.7853981633974483,2026-07-09 17:22:49.366268
1356.54296875,403.6875,0.9722718241315028,-0.7853981633974483,2026-07-09 17:22:49.366723
1357.23046875,403.0,0.9722718241315028,-0.7853981633974483,2026-07-09 17:22:49.367194
1357.91796875,402.3125,0.9722718241315028,-0.7853981633974483,2026-07-09 17:22:49.367948
1358.60546875,401.625,0.9722718241315028,-0.7853981633974483,2026-07-09 17:22:49.368985
1359.29296875,401.625,0.6875,0.0,2026-07-09 17:22:49.369950
1358.60546875,401.625,0.6875,3.141592653589793,2026-07-09 17:22:49.579445
1357.91796875,401.625,0.6875,3.141592653589793,2026-07-09 17:22:49.583537
1357.23046875,401.625,0.6875,3.141592653589793,2026-07-09 17:22:49.585660
1356.54296875,401.625,0.6875,3.141592653589793,2026-07-09 17:22:49.586934
1355.85546875,401.625,0.6875,3.141592653589793,2026-07-09 17:22:49.588640
1355.16796875,401.625,0.6875,3.141592653589793,2026-07-09 17:22:49.591549
1354.48046875,401.625,0.6875,3.141592653589793,2026-07-09 17:22:49.593064
1353.79296875,401.625,0.6875,3.141592653589793,2026-07-09 17:22:49.594251
1352.41796875,401.625,1.375,3.141592653589793,2026-07-09 17:22:49.594982
1351.04296875,401.625,1.375,3.141592653589793,2026-07-09 17:22:49.595633
1348.98046875,401.625,2.0625,3.141592653589793,2026-07-09 17:22:49.596223
1347.60546875,401.625,1.375,3.141592653589793,2026-07-09 17:22:49.596796
1346.23046875,401.625,1.375,3.141592653589793,2026-07-09 17:22:49.597351
1344.16796875,402.3125,2.174065891365761,2.819842099193151,2026-07-09 17:22:49.597902
1341.41796875,402.3125,2.75,3.141592653589793,2026-07-09 17:22:49.598485
1340.04296875,403.0,1.5372967345311055,2.677945044588987,2026-07-09 17:22:49.599042
1337.29296875,403.0,2.75,3.141592653589793,2026-07-09 17:22:49.599617
1334.54296875,403.6875,2.834635117612142,2.896613990462929,2026-07-09 17:22:49.600078
1331.79296875,403.6875,2.75,3.141592653589793,2026-07-09 17:22:49.600549
1328.35546875,404.375,3.5055759155950397,2.9441970937399127,2026-07-09 17:22:49.601136
1325.60546875,404.375,2.75,3.141592653589793,2026-07-09 17:22:49.601682
1322.16796875,405.0625,3.5055759155950397,2.9441970937399127,2026-07-09 17:22:49.602191
1318.04296875,405.75,4.181899239580026,2.976443976175166,2026-07-09 17:22:49.603003
1313.23046875,406.4375,4.861359120657514,2.999695598985629,2026-07-09 17:22:49.604181
1309.10546875,407.125,4.181899239580026,2.976443976175166,2026-07-09 17:22:49.605322
1304.29296875,407.8125,4.861359120657514,2.999695598985629,2026-07-09 17:22:49.606346
1298.79296875,408.5,5.5428022019552525,3.017237659043032,2026-07-09 17:22:49.606994
1293.29296875,409.1875,5.5428022019552525,3.017237659043032,2026-07-09 17:22:49.608024
1288.48046875,409.875,4.861359120657514,2.999695598985629,2026-07-09 17:22:49.609346
1282.29296875,410.5625,6.225577282469474,3.0309354324158977,2026-07-09 17:22:49.610357
1275.41796875,411.25,6.909289489520612,3.0419240010986313,2026-07-09 17:22:49.611301
1269.23046875,411.9375,6.225577282469474,3.0309354324158977,2026-07-09 17:22:49.612377
1263.04296875,413.3125,6.33843681438886,2.922923707715851,2026-07-09 17:22:49.613366
1255.48046875,414.0,7.593685699316242,3.050932766389048,2026-07-09 17:22:49.614392
1247.91796875,415.375,7.686483672655527,2.961739153797315,2026-07-09 17:22:49.617696
1239.66796875,416.75,8.363798479160051,2.976443976175166,2026-07-09 17:22:49.618380
1231.41796875,418.125,8.363798479160051,2.976443976175166,2026-07-09 17:22:49.618881
1222.48046875,419.5,9.04265067610156,2.988943325194528,2026-07-09 17:22:49.619428
1213.54296875,420.875,9.04265067610156,2.988943325194528,2026-07-09 17:22:49.619916
1204.60546875,422.25,9.04265067610156,2.988943325194528,2026-07-09 17:22:49.620382
1194.98046875,423.625,9.722718241315029,2.999695598985629,2026-07-09 17:22:49.621037
1185.35546875,425.0,9.722718241315029,2.999695598985629,2026-07-09 17:22:49.621954
1175.04296875,427.0625,10.516727746785119,2.9441970937399127,2026-07-09 17:22:49.622944
1164.73046875,428.4375,10.403762840914819,3.0090411212931194,2026-07-09 17:22:49.624025
1153.73046875,429.8125,11.085604403910505,3.017237659043032,2026-07-09 17:22:49.624954
1142.73046875,431.875,11.191689159818548,2.9562447035940984,2026-07-09 17:22:49.625965
1131.73046875,433.25,11.085604403910505,3.017237659043032,2026-07-09 17:22:49.626989
1120.04296875,434.625,11.768104403428786,3.024483909022929,2026-07-09 17:22:49.627947
1108.35546875,436.6875,11.868090094872047,2.9669204545815537,2026-07-09 17:22:49.629001
1095.98046875,438.0625,12.451154564938948,3.0309354324158977,2026-07-09 17:22:49.629947
1083.60546875,440.125,12.545697718740078,2.976443976175166,2026-07-09 17:22:49.630917
1071.23046875,442.1875,12.545697718740078,2.976443976175166,2026-07-09 17:22:49.632957
1056.79296875,444.25,14.584077361972543,2.999695598985629,2026-07-09 17:22:49.633506
1043.73046875,447.0,13.348835389276474,2.9340964271545906,2026-07-09 17:22:49.633972
1030.66796875,448.375,13.134669057498176,3.036715714859559,2026-07-09 17:22:49.634962
1016.91796875,450.4375,13.903827036107721,2.992702705980296,2026-07-09 17:22:49.635959
1003.16796875,452.5,13.903827036107721,2.992702705980296,2026-07-09 17:22:49.636946
988.73046875,454.5625,14.584077361972543,2.999695598985629,2026-07-09 17:22:49.637955
974.29296875,456.625,14.584077361972543,2.999695598985629,2026-07-09 17:22:49.638966
959.16796875,458.6875,15.26497727643248,3.0060649396042924,2026-07-09 17:22:49.639941
944.04296875,460.75,15.26497727643248,3.0060649396042924,2026-07-09 17:22:49.640967
929.60546875,462.8125,14.584077361972543,2.999695598985629,2026-07-09 17:22:49.641999
915.85546875,464.875,13.903827036107721,2.992702705980296,2026-07-09 17:22:49.642943
899.35546875,466.25,16.557192545839406,3.058451421701352,2026-07-09 17:22:49.643955
884.23046875,468.3125,15.26497727643248,3.0060649396042924,2026-07-09 17:22:49.644933
867.73046875,471.0625,16.727596958320103,2.976443976175166,2026-07-09 17:22:49.645985
851.91796875,472.4375,15.872170023345895,3.054854314913808,2026-07-09 17:22:49.646927
836.79296875,474.5,15.26497727643248,3.0060649396042924,2026-07-09 17:22:49.649615
820.98046875,476.5625,15.946443569021902,3.011890116433881,2026-07-09 17:22:49.650103
803.10546875,479.3125,18.08530135220312,2.988943325194528,2026-07-09 17:22:49.650479
786.60546875,480.6875,16.557192545839406,3.058451421701352,2026-07-09 17:22:49.651070
771.48046875,482.75,15.26497727643248,3.0060649396042924,2026-07-09 17:22:49.651956
754.29296875,484.8125,17.310807679019486,3.0221637275714546,2026-07-09 17:22:49.653022
739.85546875,486.875,14.584077361972543,2.999695598985629,2026-07-09 17:22:49.653956
724.04296875,488.9375,15.946443569021902,3.011890116433881,2026-07-09 17:22:49.655017
707.54296875,491.0,16.62840660586576,3.017237659043032,2026-07-09 17:22:49.655934
691.73046875,493.0625,15.946443569021902,3.011890116433881,2026-07-09 17:22:49.657020
675.23046875,495.125,16.62840660586576,3.017237659043032,2026-07-09 17:22:49.658012
660.10546875,497.1875,15.26497727643248,3.0060649396042924,2026-07-09 17:22:49.658968
644.98046875,498.5625,15.187371398632484,3.050932766389048,2026-07-09 17:22:49.660035
628.48046875,500.625,16.62840660586576,3.017237659043032,2026-07-09 17:22:49.660998
613.35546875,502.0,15.187371398632484,3.050932766389048,2026-07-09 17:22:49.661938
597.54296875,504.0625,15.946443569021902,3.011890116433881,2026-07-09 17:22:49.662991
582.41796875,505.4375,15.187371398632484,3.050932766389048,2026-07-09 17:22:49.663949
567.29296875,507.5,15.26497727643248,3.0060649396042924,2026-07-09 17:22:49.665958
551.48046875,508.875,15.872170023345895,3.054854314913808,2026-07-09 17:22:49.666591
537.04296875,510.25,14.502828387938678,3.046640947247037,2026-07-09 17:22:49.667060
522.60546875,511.625,14.502828387938678,3.046640947247037,2026-07-09 17:22:49.667950
507.48046875,513.6875,15.26497727643248,3.0060649396042924,2026-07-09 17:22:49.669028
493.04296875,515.0625,14.502828387938678,3.046640947247037,2026-07-09 17:22:49.669959
479.29296875,516.4375,13.818578979041224,3.0419240010986313,2026-07-09 17:22:49.670988
464.85546875,517.8125,14.502828387938678,3.046640947247037,2026-07-09 17:22:49.672006
450.41796875,519.1875,14.502828387938678,3.046640947247037,2026-07-09 17:22:49.673116
438.04296875,519.875,12.394082509407463,3.0860941483440762,2026-07-09 17:22:49.674037
424.98046875,521.25,13.134669057498176,3.036715714859559,2026-07-09 17:22:49.674997
411.91796875,522.625,13.134669057498176,3.036715714859559,2026-07-09 17:22:49.676009
398.85546875,524.0,13.134669057498176,3.036715714859559,2026-07-09 17:22:49.677002
387.16796875,525.375,11.768104403428786,3.024483909022929,2026-07-09 17:22:49.678000
374.10546875,526.0625,13.080579593427808,3.0890095919788516,2026-07-09 17:22:49.679036
363.10546875,527.4375,11.085604403910505,3.017237659043032,2026-07-09 17:22:49.680014
351.41796875,528.8125,11.768104403428786,3.024483909022929,2026-07-09 17:22:49.681012
340.41796875,529.5,11.021463435043461,3.079173843593836,2026-07-09 17:22:49.683188
330.10546875,530.875,10.403762840914819,3.0090411212931194,2026-07-09 17:22:49.683654
319.10546875,532.25,11.085604403910505,3.017237659043032,2026-07-09 17:22:49.684064
308.79296875,532.9375,10.335391260131374,3.0750244898139694,2026-07-09 17:22:49.684960
298.48046875,533.625,10.335391260131374,3.0750244898139694,2026-07-09 17:22:49.686000
289.54296875,534.3125,8.963903307153641,3.064820762320015,2026-07-09 17:22:49.686990
279.23046875,535.6875,10.403762840914819,3.0090411212931194,2026-07-09 17:22:49.687940
271.66796875,536.375,7.593685699316242,3.050932766389048,2026-07-09 17:22:49.689001
262.73046875,537.0625,8.963903307153641,3.064820762320015,2026-07-09 17:22:49.689918
254.48046875,537.75,8.278596272919703,3.058451421701352,2026-07-09 17:22:49.691037
246.91796875,538.4375,7.593685699316242,3.050932766389048,2026-07-09 17:22:49.692038
239.35546875,539.8125,7.686483672655527,2.961739153797315,2026-07-09 17:22:49.692961
231.79296875,540.5,7.593685699316242,3.050932766389048,2026-07-09 17:22:49.693982
225.60546875,541.1875,6.225577282469474,3.0309354324158977,2026-07-09 17:22:49.695011
219.41796875,541.875,6.225577282469474,3.0309354324158977,2026-07-09 17:22:49.695999
213.23046875,542.5625,6.225577282469474,3.0309354324158977,2026-07-09 17:22:49.697097
207.73046875,543.25,5.5428022019552525,3.017237659043032,2026-07-09 17:22:49.700074
202.23046875,543.9375,5.5428022019552525,3.017237659043032,2026-07-09 17:22:49.700510
197.41796875,544.625,4.861359120657514,2.999695598985629,2026-07-09 17:22:49.700960
192.60546875,545.3125,4.861359120657514,2.999695598985629,2026-07-09 17:22:49.701388
187.79296875,546.0,4.861359120657514,2.999695598985629,2026-07-09 17:22:49.702010
183.66796875,546.6875,4.181899239580026,2.976443976175166,2026-07-09 17:22:49.702948
179.54296875,547.375,4.181899239580026,2.976443976175166,2026-07-09 17:22:49.703944
176.10546875,548.0625,3.5055759155950397,2.9441970937399127,2026-07-09 17:22:49.705014
172.66796875,548.75,3.5055759155950397,2.9441970937399127,2026-07-09 17:22:49.706032
169.23046875,548.75,3.4375,3.141592653589793,2026-07-09 17:22:49.707032
167.16796875,549.4375,2.174065891365761,2.819842099193151,2026-07-09 17:22:49.708026
164.41796875,550.125,2.834635117612142,2.896613990462929,2026-07-09 17:22:49.709036
162.35546875,550.125,2.0625,3.141592653589793,2026-07-09 17:22:49.710014
160.29296875,550.8125,2.174065891365761,2.819842099193151,2026-07-09 17:22:49.710951
158.23046875,550.8125,2.0625,3.141592653589793,2026-07-09 17:22:49.712025
156.16796875,551.5,2.174065891365761,2.819842099193151,2026-07-09 17:22:49.712999
155.48046875,551.5,0.6875,3.141592653589793,2026-07-09 17:22:49.714008
153.41796875,552.1875,2.174065891365761,2.819842099193151,2026-07-09 17:22:49.716263
152.04296875,552.1875,1.375,3.141592653589793,2026-07-09 17:22:49.716750
151.35546875,552.875,0.9722718241315028,2.356194490192345,2026-07-09 17:22:49.717163
150.66796875,552.875,0.6875,3.141592653589793,2026-07-09 17:22:49.718005
149.98046875,552.875,0.6875,3.141592653589793,2026-07-09 17:22:49.718956
149.29296875,552.875,0.6875,3.141592653589793,2026-07-09 17:22:49.719970
148.60546875,553.5625,0.9722718241315028,2.356194490192345,2026-07-09 17:22:49.721025
147.91796875,553.5625,0.6875,3.141592653589793,2026-07-09 17:22:49.721931
147.91796875,554.25,0.6875,1.5707963267948966,2026-07-09 17:22:49.971031
148.60546875,554.25,0.6875,0.0,2026-07-09 17:22:49.974573
149.29296875,554.25,0.6875,0.0,2026-07-09 17:22:49.976697
149.98046875,554.9375,0.9722718241315028,0.7853981633974483,2026-07-09 17:22:49.978613
150.66796875,554.9375,0.6875,0.0,2026-07-09 17:22:49.980660
151.35546875,554.9375,0.6875,0.0,2026-07-09 17:22:49.983478
152.04296875,555.625,0.9722718241315028,0.7853981633974483,2026-07-09 17:22:49.984857
153.41796875,555.625,1.375,0.0,2026-07-09 17:22:49.985534
154.10546875,556.3125,0.9722718241315028,0.7853981633974483,2026-07-09 17:22:49.986107
155.48046875,556.3125,1.375,0.0,2026-07-09 17:22:49.986865
156.85546875,557.0,1.5372967345311055,0.4636476090008061,2026-07-09 17:22:49.987576
158.23046875,557.6875,1.5372967345311055,0.4636476090008061,2026-07-09 17:22:49.988216
160.29296875,558.375,2.174065891365761,0.3217505543966422,2026-07-09 17:22:49.988811
162.35546875,559.0625,2.174065891365761,0.3217505543966422,2026-07-09 17:22:49.989389
164.41796875,559.75,2.174065891365761,0.3217505543966422,2026-07-09 17:22:49.989994
167.16796875,560.4375,2.834635117612142,0.24497866312686414,2026-07-09 17:22:49.990556
169.91796875,561.125,2.834635117612142,0.24497866312686414,2026-07-09 17:22:49.991140
172.66796875,561.8125,2.834635117612142,0.24497866312686414,2026-07-09 17:22:49.991709
176.10546875,562.5,3.5055759155950397,0.19739555984988075,2026-07-09 17:22:49.992268
178.85546875,563.1875,2.834635117612142,0.24497866312686414,2026-07-09 17:22:49.992773
182.98046875,563.875,4.181899239580026,0.16514867741462683,2026-07-09 17:22:49.993212
186.41796875,565.25,3.7023008049049717,0.3805063771123649,2026-07-09 17:22:49.993655
190.54296875,565.9375,4.181899239580026,0.16514867741462683,2026-07-09 17:22:49.994096
195.35546875,567.3125,5.005075548880356,0.27829965900511133,2026-07-09 17:22:49.994566
200.16796875,568.6875,5.005075548880356,0.27829965900511133,2026-07-09 17:22:49.995026
204.98046875,570.0625,5.005075548880356,0.27829965900511133,2026-07-09 17:22:49.995465
210.48046875,571.4375,5.669270235224284,0.24497866312686414,2026-07-09 17:22:49.995901
215.98046875,572.8125,5.669270235224284,0.24497866312686414,2026-07-09 17:22:49.996370
222.16796875,574.1875,6.33843681438886,0.21866894587394195,2026-07-09 17:22:49.996858
228.35546875,576.25,6.522197674097282,0.3217505543966422,2026-07-09 17:22:49.997326
234.54296875,577.625,6.33843681438886,0.21866894587394195,2026-07-09 17:22:50.002782
241.41796875,579.0,7.011151831190079,0.19739555984988075,2026-07-09 17:22:50.003337
248.98046875,580.375,7.686483672655527,0.17985349979247828,2026-07-09 17:22:50.003757
256.54296875,582.4375,7.838706047556574,0.2662520491509254,2026-07-09 17:22:50.004157
264.10546875,583.8125,7.686483672655527,0.17985349979247828,2026-07-09 17:22:50.004548
273.04296875,585.875,9.172394044086854,0.22679884805388587,2026-07-09 17:22:50.004957
281.29296875,587.9375,8.503905352836425,0.24497866312686414,2026-07-09 17:22:50.005361
288.85546875,589.3125,7.686483672655527,0.17985349979247828,2026-07-09 17:22:50.005745
297.79296875,591.375,9.172394044086854,0.22679884805388587,2026-07-09 17:22:50.006140
307.41796875,593.4375,9.843501981002493,0.21109333322274654,2026-07-09 17:22:50.006999
317.04296875,594.8125,9.722718241315029,0.14189705460416394,2026-07-09 17:22:50.008083
326.66796875,596.1875,9.722718241315029,0.14189705460416394,2026-07-09 17:22:50.009053
338.35546875,598.25,11.868090094872047,0.1746721990082397,2026-07-09 17:22:50.010025
348.66796875,599.625,10.403762840914819,0.13255153229667402,2026-07-09 17:22:50.011059
359.66796875,601.6875,11.191689159818548,0.18534794999569476,2026-07-09 17:22:50.012026
369.29296875,603.75,9.843501981002493,0.21109333322274654,2026-07-09 17:22:50.013054
380.98046875,605.125,11.768104403428786,0.11710874456686428,2026-07-09 17:22:50.014097
391.98046875,607.1875,11.191689159818548,0.18534794999569476,2026-07-09 17:22:50.017204
402.98046875,608.5625,11.085604403910505,0.12435499454676144,2026-07-09 17:22:50.017575
413.98046875,610.625,11.191689159818548,0.18534794999569476,2026-07-09 17:22:50.017925
425.66796875,612.6875,11.868090094872047,0.1746721990082397,2026-07-09 17:22:50.018291
437.35546875,614.0625,11.768104403428786,0.11710874456686428,2026-07-09 17:22:50.019071
449.04296875,616.125,11.868090094872047,0.1746721990082397,2026-07-09 17:22:50.020072
460.73046875,618.1875,11.868090094872047,0.1746721990082397,2026-07-09 17:22:50.021017
473.10546875,620.25,12.545697718740078,0.16514867741462683,2026-07-09 17:22:50.022056
485.48046875,622.3125,12.545697718740078,0.16514867741462683,2026-07-09 17:22:50.023063
497.16796875,623.6875,11.768104403428786,0.11710874456686428,2026-07-09 17:22:50.024018
509.54296875,625.0625,12.451154564938948,0.11065722117389565,2026-07-09 17:22:50.025048
521.91796875,627.125,12.545697718740078,0.16514867741462683,2026-07-09 17:22:50.026077
533.60546875,629.1875,11.868090094872047,0.1746721990082397,2026-07-09 17:22:50.027027
545.98046875,630.5625,12.451154564938948,0.11065722117389565,2026-07-09 17:22:50.028041
557.66796875,632.625,11.868090094872047,0.1746721990082397,2026-07-09 17:22:50.028980
570.04296875,634.6875,12.545697718740078,0.16514867741462683,2026-07-09 17:22:50.030044
582.41796875,636.75,12.545697718740078,0.16514867741462683,2026-07-09 17:22:50.031035
594.10546875,638.125,11.768104403428786,0.11710874456686428,2026-07-09 17:22:50.034349
605.79296875,640.1875,11.868090094872047,0.1746721990082397,2026-07-09 17:22:50.034781
617.48046875,642.25,11.868090094872047,0.1746721990082397,2026-07-09 17:22:50.035162
629.16796875,644.3125,11.868090094872047,0.1746721990082397,2026-07-09 17:22:50.035548
640.85546875,645.6875,11.768104403428786,0.11710874456686428,2026-07-09 17:22:50.035985
652.54296875,647.0625,11.768104403428786,0.11710874456686428,2026-07-09 17:22:50.037023
662.85546875,649.125,10.516727746785119,0.19739555984988075,2026-07-09 17:22:50.038065
675.23046875,651.1875,12.545697718740078,0.16514867741462683,2026-07-09 17:22:50.039108
686.91796875,652.5625,11.768104403428786,0.11710874456686428,2026-07-09 17:22:50.039996
697.91796875,654.625,11.191689159818548,0.18534794999569476,2026-07-09 17:22:50.041090
708.91796875,656.6875,11.191689159818548,0.18534794999569476,2026-07-09 17:22:50.042094
719.91796875,658.75,11.191689159818548,0.18534794999569476,2026-07-09 17:22:50.043059
730.91796875,660.8125,11.191689159818548,0.18534794999569476,2026-07-09 17:22:50.044083
741.91796875,662.1875,11.085604403910505,0.12435499454676144,2026-07-09 17:22:50.045054
752.23046875,664.25,10.516727746785119,0.19739555984988075,2026-07-09 17:22:50.046013
763.23046875,666.3125,11.191689159818548,0.18534794999569476,2026-07-09 17:22:50.047067
773.54296875,668.375,10.516727746785119,0.19739555984988075,2026-07-09 17:22:50.050379
783.85546875,669.75,10.403762840914819,0.13255153229667402,2026-07-09 17:22:50.050812
794.16796875,671.8125,10.516727746785119,0.19739555984988075,2026-07-09 17:22:50.051189
804.48046875,673.1875,10.403762840914819,0.13255153229667402,2026-07-09 17:22:50.051569
814.79296875,675.25,10.516727746785119,0.19739555984988075,2026-07-09 17:22:50.052033
825.79296875,677.3125,11.191689159818548,0.18534794999569476,2026-07-09 17:22:50.053039
834.73046875,679.375,9.172394044086854,0.22679884805388587,2026-07-09 17:22:50.054086
844.35546875,681.4375,9.843501981002493,0.21109333322274654,2026-07-09 17:22:50.055063
853.98046875,682.8125,9.722718241315029,0.14189705460416394,2026-07-09 17:22:50.056070
863.60546875,684.875,9.843501981002493,0.21109333322274654,2026-07-09 17:22:50.057074
872.54296875,686.9375,9.172394044086854,0.22679884805388587,2026-07-09 17:22:50.058039
882.16796875,688.3125,9.722718241315029,0.14189705460416394,2026-07-09 17:22:50.059083
892.48046875,690.375,10.516727746785119,0.19739555984988075,2026-07-09 17:22:50.060057
900.73046875,692.4375,8.503905352836425,0.24497866312686414,2026-07-09 17:22:50.061046
910.35546875,694.5,9.843501981002493,0.21109333322274654,2026-07-09 17:22:50.062054
919.98046875,696.5625,9.843501981002493,0.21109333322274654,2026-07-09 17:22:50.063031
928.23046875,698.625,8.503905352836425,0.24497866312686414,2026-07-09 17:22:50.064119
937.16796875,700.6875,9.172394044086854,0.22679884805388587,2026-07-09 17:22:50.067407
945.41796875,702.75,8.503905352836425,0.24497866312686414,2026-07-09 17:22:50.067806
954.35546875,704.125,9.04265067610156,0.15264932839526515,2026-07-09 17:22:50.068160
962.60546875,706.875,8.696263565463044,0.3217505543966422,2026-07-09 17:22:50.068538
970.85546875,708.9375,8.503905352836425,0.24497866312686414,2026-07-09 17:22:50.068990
979.79296875,711.0,9.172394044086854,0.22679884805388587,2026-07-09 17:22:50.070001
987.35546875,712.375,7.686483672655527,0.17985349979247828,2026-07-09 17:22:50.071069
995.60546875,713.75,8.363798479160051,0.16514867741462683,2026-07-09 17:22:50.072061
1003.16796875,715.8125,7.838706047556574,0.2662520491509254,2026-07-09 17:22:50.073000
1011.41796875,717.1875,8.363798479160051,0.16514867741462683,2026-07-09 17:22:50.074081
1019.66796875,719.25,8.503905352836425,0.24497866312686414,2026-07-09 17:22:50.075050
1027.23046875,720.625,7.686483672655527,0.17985349979247828,2026-07-09 17:22:50.076082
1034.10546875,722.6875,7.177710724876003,0.2914567944778671,2026-07-09 17:22:50.077075
1040.98046875,724.75,7.177710724876003,0.2914567944778671,2026-07-09 17:22:50.078062
1048.54296875,726.125,7.686483672655527,0.17985349979247828,2026-07-09 17:22:50.079053
1056.10546875,727.5,7.686483672655527,0.17985349979247828,2026-07-09 17:22:50.080031
1062.98046875,729.5625,7.177710724876003,0.2914567944778671,2026-07-09 17:22:50.081063
1069.85546875,731.625,7.177710724876003,0.2914567944778671,2026-07-09 17:22:50.083705
1076.04296875,733.0,6.33843681438886,0.21866894587394195,2026-07-09 17:22:50.084060
1082.91796875,734.375,7.011151831190079,0.19739555984988075,2026-07-09 17:22:50.084487
1089.10546875,735.75,6.33843681438886,0.21866894587394195,2026-07-09 17:22:50.085014
1095.98046875,737.8125,7.177710724876003,0.2914567944778671,2026-07-09 17:22:50.086056
1102.16796875,739.1875,6.33843681438886,0.21866894587394195,2026-07-09 17:22:50.087029
1108.35546875,740.5625,6.33843681438886,0.21866894587394195,2026-07-09 17:22:50.088014
1113.85546875,741.25,5.5428022019552525,0.12435499454676144,2026-07-09 17:22:50.089032
1119.35546875,742.625,5.669270235224284,0.24497866312686414,2026-07-09 17:22:50.090093
1125.54296875,744.0,6.33843681438886,0.21866894587394195,2026-07-09 17:22:50.091021
1130.35546875,745.375,5.005075548880356,0.27829965900511133,2026-07-09 17:22:50.092047
1135.85546875,746.0625,5.5428022019552525,0.12435499454676144,2026-07-09 17:22:50.093048
1140.66796875,747.4375,5.005075548880356,0.27829965900511133,2026-07-09 17:22:50.094019
1145.48046875,748.8125,5.005075548880356,0.27829965900511133,2026-07-09 17:22:50.095029
1150.29296875,749.5,4.861359120657514,0.14189705460416394,2026-07-09 17:22:50.096033
1154.41796875,750.875,4.348131782731522,0.3217505543966422,2026-07-09 17:22:50.097030
1158.54296875,751.5625,4.181899239580026,0.16514867741462683,2026-07-09 17:22:50.100710
1162.66796875,752.25,4.181899239580026,0.16514867741462683,2026-07-09 17:22:50.101088
1166.10546875,752.9375,3.5055759155950397,0.19739555984988075,2026-07-09 17:22:50.101417
1169.54296875,753.625,3.5055759155950397,0.19739555984988075,2026-07-09 17:22:50.101745
1172.98046875,754.3125,3.5055759155950397,0.19739555984988075,2026-07-09 17:22:50.102082
1177.10546875,755.0,4.181899239580026,0.16514867741462683,2026-07-09 17:22:50.103018
1179.85546875,755.6875,2.834635117612142,0.24497866312686414,2026-07-09 17:22:50.104059
1182.60546875,756.375,2.834635117612142,0.24497866312686414,2026-07-09 17:22:50.105069
1185.35546875,757.0625,2.834635117612142,0.24497866312686414,2026-07-09 17:22:50.106068
1188.10546875,757.75,2.834635117612142,0.24497866312686414,2026-07-09 17:22:50.107060
1190.16796875,758.4375,2.174065891365761,0.3217505543966422,2026-07-09 17:22:50.108006
1192.23046875,759.125,2.174065891365761,0.3217505543966422,2026-07-09 17:22:50.109001
1194.29296875,759.8125,2.174065891365761,0.3217505543966422,2026-07-09 17:22:50.110023
1196.35546875,759.8125,2.0625,0.0,2026-07-09 17:22:50.111019
1198.41796875,760.5,2.174065891365761,0.3217505543966422,2026-07-09 17:22:50.112107
1199.79296875,760.5,1.375,0.0,2026-07-09 17:22:50.112954
1201.16796875,760.5,1.375,0.0,2026-07-09 17:22:50.114012
1202.54296875,760.5,1.375,0.0,2026-07-09 17:22:50.116294
1203.23046875,761.1875,0.9722718241315028,0.7853981633974483,2026-07-09 17:22:50.116713
1204.60546875,761.1875,1.375,0.0,2026-07-09 17:22:50.117102
1205.29296875,761.1875,0.6875,0.0,2026-07-09 17:22:50.117943
1206.66796875,761.1875,1.375,0.0,2026-07-09 17:22:50.118930
1207.35546875,761.875,0.9722718241315028,0.7853981633974483,2026-07-09 17:22:50.120096
1206.66796875,761.875,0.6875,3.141592653589793,2026-07-09 17:22:50.388413
1206.66796875,761.1875,0.6875,-1.5707963267948966,2026-07-09 17:22:50.394975
1205.98046875,761.1875,0.6875,3.141592653589793,2026-07-09 17:22:50.396854
1205.29296875,761.1875,0.6875,3.141592653589793,2026-07-09 17:22:50.399132
1204.60546875,760.5,0.9722718241315028,-2.356194490192345,2026-07-09 17:22:50.401139
1203.91796875,760.5,0.6875,3.141592653589793,2026-07-09 17:22:50.402759
1203.23046875,760.5,0.6875,3.141592653589793,2026-07-09 17:22:50.404078
1202.54296875,759.8125,0.9722718241315028,-2.356194490192345,2026-07-09 17:22:50.405128
1201.85546875,759.8125,0.6875,3.141592653589793,2026-07-09 17:22:50.405868
1200.48046875,759.125,1.5372967345311055,-2.677945044588987,2026-07-09 17:22:50.406515
1199.79296875,759.125,0.6875,3.141592653589793,2026-07-09 17:22:50.407125
1198.41796875,758.4375,1.5372967345311055,-2.677945044588987,2026-07-09 17:22:50.407683
1197.04296875,758.4375,1.375,3.141592653589793,2026-07-09 17:22:50.408316
1195.66796875,757.75,1.5372967345311055,-2.677945044588987,2026-07-09 17:22:50.408987
1194.29296875,757.0625,1.5372967345311055,-2.677945044588987,2026-07-09 17:22:50.409649
1192.23046875,757.0625,2.0625,3.141592653589793,2026-07-09 17:22:50.410239
1190.16796875,756.375,2.174065891365761,-2.819842099193151,2026-07-09 17:22:50.410783
1188.79296875,755.6875,1.5372967345311055,-2.677945044588987,2026-07-09 17:22:50.411329
1186.73046875,755.0,2.174065891365761,-2.819842099193151,2026-07-09 17:22:50.411867
1183.98046875,754.3125,2.834635117612142,-2.896613990462929,2026-07-09 17:22:50.412538
1181.23046875,753.625,2.834635117612142,-2.896613990462929,2026-07-09 17:22:50.413085
1178.48046875,752.9375,2.834635117612142,-2.896613990462929,2026-07-09 17:22:50.413599
1176.41796875,752.25,2.174065891365761,-2.819842099193151,2026-07-09 17:22:50.414072
1172.98046875,751.5625,3.5055759155950397,-2.9441970937399127,2026-07-09 17:22:50.414529
1169.54296875,750.875,3.5055759155950397,-2.9441970937399127,2026-07-09 17:22:50.414981
1166.10546875,750.1875,3.5055759155950397,-2.9441970937399127,2026-07-09 17:22:50.415451
1162.66796875,749.5,3.5055759155950397,-2.9441970937399127,2026-07-09 17:22:50.418936
1158.54296875,748.8125,4.181899239580026,-2.976443976175166,2026-07-09 17:22:50.419480
1154.41796875,747.4375,4.348131782731522,-2.819842099193151,2026-07-09 17:22:50.419941
1149.60546875,746.0625,5.005075548880356,-2.8632929945846817,2026-07-09 17:22:50.420457
1145.48046875,745.375,4.181899239580026,-2.976443976175166,2026-07-09 17:22:50.420948
1139.98046875,744.0,5.669270235224284,-2.896613990462929,2026-07-09 17:22:50.421399
1135.16796875,743.3125,4.861359120657514,-2.999695598985629,2026-07-09 17:22:50.421833
1128.98046875,741.9375,6.33843681438886,-2.922923707715851,2026-07-09 17:22:50.422299
1123.48046875,740.5625,5.669270235224284,-2.896613990462929,2026-07-09 17:22:50.422708
1117.29296875,739.1875,6.33843681438886,-2.922923707715851,2026-07-09 17:22:50.423188
1110.41796875,738.5,6.909289489520612,-3.0419240010986313,2026-07-09 17:22:50.423960
1104.23046875,737.125,6.33843681438886,-2.922923707715851,2026-07-09 17:22:50.424970
1097.35546875,735.75,7.011151831190079,-2.9441970937399127,2026-07-09 17:22:50.426008
1090.48046875,734.375,7.011151831190079,-2.9441970937399127,2026-07-09 17:22:50.426943
1082.91796875,733.0,7.686483672655527,-2.961739153797315,2026-07-09 17:22:50.427977
1075.35546875,731.625,7.686483672655527,-2.961739153797315,2026-07-09 17:22:50.428976
1066.41796875,729.5625,9.172394044086854,-2.9147938055359073,2026-07-09 17:22:50.429934
1058.16796875,728.1875,8.363798479160051,-2.976443976175166,2026-07-09 17:22:50.430976
1049.23046875,726.8125,9.04265067610156,-2.988943325194528,2026-07-09 17:22:50.433051
1040.29296875,725.4375,9.04265067610156,-2.988943325194528,2026-07-09 17:22:50.433555
1031.35546875,723.375,9.172394044086854,-2.9147938055359073,2026-07-09 17:22:50.434027
1021.73046875,722.0,9.722718241315029,-2.999695598985629,2026-07-09 17:22:50.434919
1012.79296875,720.625,9.04265067610156,-2.988943325194528,2026-07-09 17:22:50.436006
1002.48046875,718.5625,10.516727746785119,-2.9441970937399127,2026-07-09 17:22:50.436924
992.16796875,716.5,10.516727746785119,-2.9441970937399127,2026-07-09 17:22:50.437916
981.85546875,715.125,10.403762840914819,-3.0090411212931194,2026-07-09 17:22:50.438964
970.85546875,713.0625,11.191689159818548,-2.9562447035940984,2026-07-09 17:22:50.439928
960.54296875,711.6875,10.403762840914819,-3.0090411212931194,2026-07-09 17:22:50.440927
949.54296875,710.3125,11.085604403910505,-3.017237659043032,2026-07-09 17:22:50.441928
938.54296875,708.25,11.191689159818548,-2.9562447035940984,2026-07-09 17:22:50.442905
926.85546875,706.875,11.768104403428786,-3.024483909022929,2026-07-09 17:22:50.443970
915.85546875,704.8125,11.191689159818548,-2.9562447035940984,2026-07-09 17:22:50.444910
903.48046875,703.4375,12.451154564938948,-3.0309354324158977,2026-07-09 17:22:50.446051
891.79296875,702.0625,11.768104403428786,-3.024483909022929,2026-07-09 17:22:50.446904
879.41796875,700.6875,12.451154564938948,-3.0309354324158977,2026-07-09 17:22:50.449526
867.73046875,698.625,11.868090094872047,-2.9669204545815537,2026-07-09 17:22:50.450084
856.04296875,697.25,11.768104403428786,-3.024483909022929,2026-07-09 17:22:50.450499
843.66796875,695.875,12.451154564938948,-3.0309354324158977,2026-07-09 17:22:50.450952
831.29296875,694.5,12.451154564938948,-3.0309354324158977,2026-07-09 17:22:50.452005
819.60546875,693.125,11.768104403428786,-3.024483909022929,2026-07-09 17:22:50.452916
806.54296875,691.75,13.134669057498176,-3.036715714859559,2026-07-09 17:22:50.453994
794.85546875,690.375,11.768104403428786,-3.024483909022929,2026-07-09 17:22:50.454993
782.48046875,688.3125,12.545697718740078,-2.976443976175166,2026-07-09 17:22:50.455974
769.41796875,687.625,13.080579593427808,-3.0890095919788516,2026-07-09 17:22:50.456895
756.35546875,686.25,13.134669057498176,-3.036715714859559,2026-07-09 17:22:50.457986
743.98046875,684.875,12.451154564938948,-3.0309354324158977,2026-07-09 17:22:50.458917
732.29296875,683.5,11.768104403428786,-3.024483909022929,2026-07-09 17:22:50.459899
719.91796875,682.125,12.451154564938948,-3.0309354324158977,2026-07-09 17:22:50.460969
707.54296875,680.75,12.451154564938948,-3.0309354324158977,2026-07-09 17:22:50.461975
695.16796875,679.375,12.451154564938948,-3.0309354324158977,2026-07-09 17:22:50.462923
682.79296875,678.0,12.451154564938948,-3.0309354324158977,2026-07-09 17:22:50.463960
670.41796875,676.625,12.451154564938948,-3.0309354324158977,2026-07-09 17:22:50.465873
658.04296875,675.9375,12.394082509407463,-3.0860941483440762,2026-07-09 17:22:50.466419
646.35546875,673.875,11.868090094872047,-2.9669204545815537,2026-07-09 17:22:50.467056
634.66796875,673.1875,11.707703126574401,-3.0828368308740703,2026-07-09 17:22:50.467953
622.98046875,671.8125,11.768104403428786,-3.024483909022929,2026-07-09 17:22:50.469001
611.29296875,671.125,11.707703126574401,-3.0828368308740703,2026-07-09 17:22:50.470023
599.60546875,669.75,11.768104403428786,-3.024483909022929,2026-07-09 17:22:50.470936
588.60546875,669.0625,11.021463435043461,-3.079173843593836,2026-07-09 17:22:50.471994
576.91796875,667.6875,11.768104403428786,-3.024483909022929,2026-07-09 17:22:50.473018
565.91796875,666.3125,11.085604403910505,-3.017237659043032,2026-07-09 17:22:50.474020
555.60546875,665.625,10.335391260131374,-3.0750244898139694,2026-07-09 17:22:50.474941
545.29296875,664.25,10.403762840914819,-3.0090411212931194,2026-07-09 17:22:50.476021
534.29296875,663.5625,11.021463435043461,-3.079173843593836,2026-07-09 17:22:50.476996
524.66796875,662.1875,9.722718241315029,-2.999695598985629,2026-07-09 17:22:50.477936
514.35546875,661.5,10.335391260131374,-3.0750244898139694,2026-07-09 17:22:50.479004
504.04296875,660.125,10.403762840914819,-3.0090411212931194,2026-07-09 17:22:50.479969
494.41796875,659.4375,9.649522332737511,-3.070285188804503,2026-07-09 17:22:50.480915
484.79296875,658.0625,9.722718241315029,-2.999695598985629,2026-07-09 17:22:50.482559
475.16796875,657.375,9.649522332737511,-3.070285188804503,2026-07-09 17:22:50.483258
466.23046875,656.6875,8.963903307153641,-3.064820762320015,2026-07-09 17:22:50.484003
457.98046875,655.3125,8.363798479160051,-2.976443976175166,2026-07-09 17:22:50.484940
448.35546875,654.625,9.649522332737511,-3.070285188804503,2026-07-09 17:22:50.486005
440.79296875,653.9375,7.593685699316242,-3.050932766389048,2026-07-09 17:22:50.486927
431.85546875,653.25,8.963903307153641,-3.064820762320015,2026-07-09 17:22:50.487971
424.29296875,652.5625,7.593685699316242,-3.050932766389048,2026-07-09 17:22:50.488927
416.73046875,651.1875,7.686483672655527,-2.961739153797315,2026-07-09 17:22:50.490020
408.48046875,650.5,8.278596272919703,-3.058451421701352,2026-07-09 17:22:50.490996
400.91796875,649.8125,7.593685699316242,-3.050932766389048,2026-07-09 17:22:50.491980
393.35546875,648.4375,7.686483672655527,-2.961739153797315,2026-07-09 17:22:50.492935
387.16796875,647.75,6.225577282469474,-3.0309354324158977,2026-07-09 17:22:50.493925
380.29296875,647.0625,6.909289489520612,-3.0419240010986313,2026-07-09 17:22:50.494996
373.41796875,646.375,6.909289489520612,-3.0419240010986313,2026-07-09 17:22:50.495944
367.23046875,645.0,6.33843681438886,-2.922923707715851,2026-07-09 17:22:50.496973
361.04296875,644.3125,6.225577282469474,-3.0309354324158977,2026-07-09 17:22:50.499209
354.85546875,643.625,6.225577282469474,-3.0309354324158977,2026-07-09 17:22:50.499643
349.35546875,642.9375,5.5428022019552525,-3.017237659043032,2026-07-09 17:22:50.500118
343.85546875,642.25,5.5428022019552525,-3.017237659043032,2026-07-09 17:22:50.500924
339.04296875,641.5625,4.861359120657514,-2.999695598985629,2026-07-09 17:22:50.501985
334.23046875,640.875,4.861359120657514,-2.999695598985629,2026-07-09 17:22:50.503009
329.41796875,640.1875,4.861359120657514,-2.999695598985629,2026-07-09 17:22:50.504008
325.29296875,639.5,4.181899239580026,-2.976443976175166,2026-07-09 17:22:50.504927
320.48046875,638.8125,4.861359120657514,-2.999695598985629,2026-07-09 17:22:50.506010
316.35546875,638.125,4.181899239580026,-2.976443976175166,2026-07-09 17:22:50.507024
312.91796875,637.4375,3.5055759155950397,-2.9441970937399127,2026-07-09 17:22:50.507919
309.48046875,636.75,3.5055759155950397,-2.9441970937399127,2026-07-09 17:22:50.509097
306.04296875,636.0625,3.5055759155950397,-2.9441970937399127,2026-07-09 17:22:50.509924
302.60546875,636.0625,3.4375,3.141592653589793,2026-07-09 17:22:50.511013
299.16796875,635.375,3.5055759155950397,-2.9441970937399127,2026-07-09 17:22:50.512000
296.41796875,634.6875,2.834635117612142,-2.896613990462929,2026-07-09 17:22:50.513029
294.35546875,634.6875,2.0625,3.141592653589793,2026-07-09 17:22:50.513979
292.29296875,634.0,2.174065891365761,-2.819842099193151,2026-07-09 17:22:50.516145
290.23046875,634.0,2.0625,3.141592653589793,2026-07-09 17:22:50.516613
288.85546875,634.0,1.375,3.141592653589793,2026-07-09 17:22:50.517023
287.48046875,633.3125,1.5372967345311055,-2.677945044588987,2026-07-09 17:22:50.517969
286.10546875,633.3125,1.375,3.141592653589793,2026-07-09 17:22:50.519033
285.41796875,633.3125,0.6875,3.141592653589793,2026-07-09 17:22:50.519995
284.73046875,632.625,0.9722718241315028,-2.356194490192345,2026-07-09 17:22:50.521107
283.35546875,632.625,1.375,3.141592653589793,2026-07-09 17:22:50.521922
282.66796875,632.625,0.6875,3.141592653589793,2026-07-09 17:22:50.522910
283.35546875,632.625,0.6875,0.0,2026-07-09 17:22:50.700959
284.04296875,632.625,0.6875,0.0,2026-07-09 17:22:50.703118
284.73046875,632.625,0.6875,0.0,2026-07-09 17:22:50.704757
285.41796875,632.625,0.6875,0.0,2026-07-09 17:22:50.706501
286.10546875,632.625,0.6875,0.0,2026-07-09 17:22:50.709013
286.79296875,632.625,0.6875,0.0,2026-07-09 17:22:50.710663
288.16796875,632.625,1.375,0.0,2026-07-09 17:22:50.712291
288.85546875,631.9375,0.9722718241315028,-0.7853981633974483,2026-07-09 17:22:50.714001
290.23046875,631.9375,1.375,0.0,2026-07-09 17:22:50.715300
291.60546875,631.9375,1.375,0.0,2026-07-09 17:22:50.715859
293.66796875,631.25,2.174065891365761,-0.3217505543966422,2026-07-09 17:22:50.716307
295.04296875,631.25,1.375,0.0,2026-07-09 17:22:50.716710
297.10546875,630.5625,2.174065891365761,-0.3217505543966422,2026-07-09 17:22:50.717127
299.16796875,629.875,2.174065891365761,-0.3217505543966422,2026-07-09 17:22:50.717570
301.23046875,629.875,2.0625,0.0,2026-07-09 17:22:50.718101
303.29296875,629.1875,2.174065891365761,-0.3217505543966422,2026-07-09 17:22:50.718564
306.04296875,628.5,2.834635117612142,-0.24497866312686414,2026-07-09 17:22:50.719007
308.79296875,627.8125,2.834635117612142,-0.24497866312686414,2026-07-09 17:22:50.720076
312.23046875,627.125,3.5055759155950397,-0.19739555984988075,2026-07-09 17:22:50.721141
315.66796875,626.4375,3.5055759155950397,-0.19739555984988075,2026-07-09 17:22:50.721980
319.10546875,625.75,3.5055759155950397,-0.19739555984988075,2026-07-09 17:22:50.723001
323.23046875,624.375,4.348131782731522,-0.3217505543966422,2026-07-09 17:22:50.724171
327.35546875,623.0,4.348131782731522,-0.3217505543966422,2026-07-09 17:22:50.724972
332.16796875,621.625,5.005075548880356,-0.27829965900511133,2026-07-09 17:22:50.725991
336.98046875,620.25,5.005075548880356,-0.27829965900511133,2026-07-09 17:22:50.727179
342.48046875,618.1875,5.874002574905803,-0.35877067027057225,2026-07-09 17:22:50.727948
347.98046875,616.125,5.874002574905803,-0.35877067027057225,2026-07-09 17:22:50.728961
354.16796875,614.0625,6.522197674097282,-0.3217505543966422,2026-07-09 17:22:50.730143
359.66796875,612.6875,5.669270235224284,-0.24497866312686414,2026-07-09 17:22:50.730959
366.54296875,610.625,7.177710724876003,-0.2914567944778671,2026-07-09 17:22:50.735030
372.04296875,608.5625,5.874002574905803,-0.35877067027057225,2026-07-09 17:22:50.735414
379.60546875,606.5,7.838706047556574,-0.2662520491509254,2026-07-09 17:22:50.735734
387.16796875,604.4375,7.838706047556574,-0.2662520491509254,2026-07-09 17:22:50.736281
394.73046875,601.6875,8.046981188619743,-0.348771003583907,2026-07-09 17:22:50.736698
402.98046875,598.9375,8.696263565463044,-0.3217505543966422,2026-07-09 17:22:50.737067
409.16796875,596.1875,6.771089738734822,-0.4182243295792291,2026-07-09 17:22:50.737916
418.10546875,593.4375,9.351010974755617,-0.2984989315861793,2026-07-09 17:22:50.738898
427.04296875,590.0,9.575766940564082,-0.3671738338182192,2026-07-09 17:22:50.739918
436.66796875,587.25,10.010151097760712,-0.27829965900511133,2026-07-09 17:22:50.740915
445.60546875,584.5,9.351010974755617,-0.2984989315861793,2026-07-09 17:22:50.741918
455.91796875,581.0625,10.870329456828804,-0.3217505543966422,2026-07-09 17:22:50.742891
465.54296875,578.3125,10.010151097760712,-0.27829965900511133,2026-07-09 17:22:50.743943
475.16796875,574.1875,10.471688020562874,-0.40489178628508343,2026-07-09 17:22:50.744864
484.79296875,571.4375,10.010151097760712,-0.27829965900511133,2026-07-09 17:22:50.745918
495.79296875,568.0,11.524600047290145,-0.3028848683749714,2026-07-09 17:22:50.747033
506.79296875,563.875,11.748005149811606,-0.35877067027057225,2026-07-09 17:22:50.751155
517.79296875,561.125,11.338540470448567,-0.24497866312686414,2026-07-09 17:22:50.751462
528.79296875,557.0,11.748005149811606,-0.35877067027057225,2026-07-09 17:22:50.751751
540.48046875,553.5625,12.182531038335178,-0.2860514417173182,2026-07-09 17:22:50.752216
552.16796875,549.4375,12.394082509407463,-0.3392926144540447,2026-07-09 17:22:50.752653
564.54296875,545.3125,13.044395348194564,-0.3217505543966422,2026-07-09 17:22:50.753056
576.23046875,541.1875,12.394082509407463,-0.3392926144540447,2026-07-09 17:22:50.753977
587.91796875,537.75,12.182531038335178,-0.2860514417173182,2026-07-09 17:22:50.754986
599.60546875,532.9375,12.639533713709538,-0.3906070436976868,2026-07-09 17:22:50.756008
612.66796875,529.5,13.507231859267094,-0.25732371497108864,2026-07-09 17:22:50.756960
625.04296875,525.375,13.044395348194564,-0.3217505543966422,2026-07-09 17:22:50.758020
638.10546875,520.5625,13.920814002780153,-0.35299038782691045,2026-07-09 17:22:50.759019
650.48046875,516.4375,13.044395348194564,-0.3217505543966422,2026-07-09 17:22:50.759986
662.85546875,512.3125,13.044395348194564,-0.3217505543966422,2026-07-09 17:22:50.761018
675.23046875,508.1875,13.044395348194564,-0.3217505543966422,2026-07-09 17:22:50.761964
686.91796875,504.0625,12.394082509407463,-0.3392926144540447,2026-07-09 17:22:50.763005
701.35546875,499.9375,15.01522664664107,-0.27829965900511133,2026-07-09 17:22:50.763989
714.41796875,495.8125,13.698340456055252,-0.30587887140485215,2026-07-09 17:22:50.767097
726.79296875,491.0,13.277830442131727,-0.37089128881266237,2026-07-09 17:22:50.767508
738.48046875,486.1875,12.639533713709538,-0.3906070436976868,2026-07-09 17:22:50.767808
752.23046875,482.0625,14.355421449752006,-0.2914567944778671,2026-07-09 17:22:50.768115
764.60546875,477.25,13.277830442131727,-0.37089128881266237,2026-07-09 17:22:50.768988
777.66796875,472.4375,13.920814002780153,-0.35299038782691045,2026-07-09 17:22:50.770012
790.04296875,468.3125,13.044395348194564,-0.3217505543966422,2026-07-09 17:22:50.770987
802.41796875,463.5,13.277830442131727,-0.37089128881266237,2026-07-09 17:22:50.772013
814.10546875,458.6875,12.639533713709538,-0.3906070436976868,2026-07-09 17:22:50.773012
826.48046875,454.5625,13.044395348194564,-0.3217505543966422,2026-07-09 17:22:50.774012
838.85546875,449.75,13.277830442131727,-0.37089128881266237,2026-07-09 17:22:50.775015
850.54296875,444.9375,12.639533713709538,-0.3906070436976868,2026-07-09 17:22:50.776041
862.91796875,440.125,13.277830442131727,-0.37089128881266237,2026-07-09 17:22:50.776992
874.60546875,436.0,12.394082509407463,-0.3392926144540447,2026-07-09 17:22:50.777997
886.29296875,431.1875,12.639533713709538,-0.3906070436976868,2026-07-09 17:22:50.779039
897.29296875,426.375,12.006671322643925,-0.4124104415973873,2026-07-09 17:22:50.779916
909.66796875,421.5625,13.277830442131727,-0.37089128881266237,2026-07-09 17:22:50.780997
920.66796875,417.4375,11.748005149811606,-0.35877067027057225,2026-07-09 17:22:50.783934
931.66796875,412.625,12.006671322643925,-0.4124104415973873,2026-07-09 17:22:50.784517
942.66796875,407.8125,12.006671322643925,-0.4124104415973873,2026-07-09 17:22:50.784965
953.66796875,403.0,12.006671322643925,-0.4124104415973873,2026-07-09 17:22:50.785421
963.98046875,398.875,11.106902414714915,-0.3805063771123649,2026-07-09 17:22:50.785942
974.29296875,394.0625,11.380149933107209,-0.43662715981354133,2026-07-09 17:22:50.787029
985.29296875,389.25,12.006671322643925,-0.4124104415973873,2026-07-09 17:22:50.787918
994.91796875,385.125,10.471688020562874,-0.40489178628508343,2026-07-09 17:22:50.788952
1004.54296875,380.3125,10.761077141717738,-0.4636476090008061,2026-07-09 17:22:50.789950
1014.16796875,376.1875,10.471688020562874,-0.40489178628508343,2026-07-09 17:22:50.790924
1023.79296875,372.0625,10.471688020562874,-0.40489178628508343,2026-07-09 17:22:50.791972
1032.73046875,367.9375,9.843501981002493,-0.43240777557053783,2026-07-09 17:22:50.792961
1042.35546875,363.125,10.761077141717738,-0.4636476090008061,2026-07-09 17:22:50.794009
1051.29296875,359.0,9.843501981002493,-0.43240777557053783,2026-07-09 17:22:50.794930
1060.23046875,354.875,9.843501981002493,-0.43240777557053783,2026-07-09 17:22:50.795980
1067.79296875,351.4375,8.307094106846268,-0.4266274931268761,2026-07-09 17:22:50.796925
1076.04296875,347.3125,9.223780407186633,-0.4636476090008061,2026-07-09 17:22:50.799655
1083.60546875,343.875,8.307094106846268,-0.4266274931268761,2026-07-09 17:22:50.800222
1091.16796875,339.75,8.614350309222397,-0.4993467216801301,2026-07-09 17:22:50.800628
1098.73046875,335.625,8.614350309222397,-0.4993467216801301,2026-07-09 17:22:50.801027
1105.60546875,332.1875,7.686483672655527,-0.4636476090008061,2026-07-09 17:22:50.801982
1113.16796875,328.75,8.307094106846268,-0.4266274931268761,2026-07-09 17:22:50.802950
1119.35546875,325.3125,7.078245721928563,-0.507098504392337,2026-07-09 17:22:50.803996
1125.54296875,321.875,7.078245721928563,-0.507098504392337,2026-07-09 17:22:50.804929
1131.73046875,318.4375,7.078245721928563,-0.507098504392337,2026-07-09 17:22:50.805995
1137.23046875,315.6875,6.149186938124422,-0.4636476090008061,2026-07-09 17:22:50.806929
1142.73046875,312.25,6.485862028288915,-0.5585993153435624,2026-07-09 17:22:50.807993
1148.23046875,309.5,6.149186938124422,-0.4636476090008061,2026-07-09 17:22:50.809037
1153.04296875,306.0625,5.914098621091806,-0.6202494859828215,2026-07-09 17:22:50.809916
1157.85546875,304.0,5.235844010281437,-0.40489178628508343,2026-07-09 17:22:50.810928
1162.66796875,301.25,5.5428022019552525,-0.5191461142465229,2026-07-09 17:22:50.811997
1167.48046875,297.8125,5.914098621091806,-0.6202494859828215,2026-07-09 17:22:50.812930
1171.60546875,295.0625,4.957633003762985,-0.5880026035475675,2026-07-09 17:22:50.814024
1175.73046875,292.3125,4.957633003762985,-0.5880026035475675,2026-07-09 17:22:50.816086
1179.16796875,289.5625,4.402147913235083,-0.6747409422235526,2026-07-09 17:22:50.816583
1182.60546875,287.5,4.008779427706144,-0.5404195002705842,2026-07-09 17:22:50.817002
1186.04296875,284.75,4.402147913235083,-0.6747409422235526,2026-07-09 17:22:50.817946
1188.79296875,282.6875,3.4375,-0.6435011087932844,2026-07-09 17:22:50.818990
1191.54296875,280.625,3.4375,-0.6435011087932844,2026-07-09 17:22:50.820005
1194.29296875,277.875,3.8890872965260113,-0.7853981633974483,2026-07-09 17:22:50.820925
1196.35546875,275.8125,2.9168154723945086,-0.7853981633974483,2026-07-09 17:22:50.822005
1199.10546875,273.75,3.4375,-0.6435011087932844,2026-07-09 17:22:50.822913
1201.16796875,271.6875,2.9168154723945086,-0.7853981633974483,2026-07-09 17:22:50.823989
1203.23046875,269.625,2.9168154723945086,-0.7853981633974483,2026-07-09 17:22:50.824986
1204.60546875,267.5625,2.4788165018814925,-0.982793723247329,2026-07-09 17:22:50.825988
1205.98046875,266.1875,1.9445436482630056,-0.7853981633974483,2026-07-09 17:22:50.826924
1207.35546875,264.8125,1.9445436482630056,-0.7853981633974483,2026-07-09 17:22:50.828041
1208.73046875,263.4375,1.9445436482630056,-0.7853981633974483,2026-07-09 17:22:50.828949
1210.10546875,261.375,2.4788165018814925,-0.982793723247329,2026-07-09 17:22:50.829988
1211.48046875,260.0,1.9445436482630056,-0.7853981633974483,2026-07-09 17:22:50.832757
1212.16796875,258.625,1.5372967345311055,-1.1071487177940904,2026-07-09 17:22:50.833338
1212.85546875,256.5625,2.174065891365761,-1.2490457723982544,2026-07-09 17:22:50.833767
1213.54296875,255.875,0.9722718241315028,-0.7853981633974483,2026-07-09 17:22:50.834197
1214.23046875,254.5,1.5372967345311055,-1.1071487177940904,2026-07-09 17:22:50.834947
1214.91796875,253.8125,0.9722718241315028,-0.7853981633974483,2026-07-09 17:22:50.835981
1215.60546875,252.4375,1.5372967345311055,-1.1071487177940904,2026-07-09 17:22:50.836944
1216.29296875,251.75,0.9722718241315028,-0.7853981633974483,2026-07-09 17:22:50.837979
1216.98046875,250.375,1.5372967345311055,-1.1071487177940904,2026-07-09 17:22:50.838916
1216.98046875,249.0,1.375,-1.5707963267948966,2026-07-09 17:22:50.840005
1217.66796875,248.3125,0.9722718241315028,-0.7853981633974483,2026-07-09 17:22:50.840995
1217.66796875,247.625,0.6875,-1.5707963267948966,2026-07-09 17:22:50.841931
1217.66796875,246.9375,0.6875,-1.5707963267948966,2026-07-09 17:22:50.842977
1218.35546875,246.25,0.9722718241315028,-0.7853981633974483,2026-07-09 17:22:50.843999
1218.35546875,245.5625,0.6875,-1.5707963267948966,2026-07-09 17:22:50.844923
1218.35546875,244.875,0.6875,-1.5707963267948966,2026-07-09 17:22:50.845981
1218.35546875,244.1875,0.6875,-1.5707963267948966,2026-07-09 17:22:50.846966
1218.35546875,243.5,0.6875,-1.5707963267948966,2026-07-09 17:22:50.849582
1218.35546875,242.8125,0.6875,-1.5707963267948966,2026-07-09 17:22:50.852134
1218.35546875,242.125,0.6875,-1.5707963267948966,2026-07-09 17:22:50.852919
1219.04296875,241.4375,0.9722718241315028,-0.7853981633974483,2026-07-09 17:22:50.859051
1218.35546875,241.4375,0.6875,3.141592653589793,2026-07-09 17:22:51.030496
1217.66796875,241.4375,0.6875,3.141592653589793,2026-07-09 17:22:51.033341
1216.98046875,240.75,0.9722718241315028,-2.356194490192345,2026-07-09 17:22:51.034840
1216.29296875,240.75,0.6875,3.141592653589793,2026-07-09 17:22:51.037896
1215.60546875,240.75,0.6875,3.141592653589793,2026-07-09 17:22:51.040995
1214.91796875,240.75,0.6875,3.141592653589793,2026-07-09 17:22:51.042752
1214.23046875,240.75,0.6875,3.141592653589793,2026-07-09 17:22:51.044088
1213.54296875,240.75,0.6875,3.141592653589793,2026-07-09 17:22:51.045555
1212.16796875,240.75,1.375,3.141592653589793,2026-07-09 17:22:51.046576
1210.79296875,240.75,1.375,3.141592653589793,2026-07-09 17:22:51.047374
1209.41796875,240.75,1.375,3.141592653589793,2026-07-09 17:22:51.048046
1208.04296875,240.75,1.375,3.141592653589793,2026-07-09 17:22:51.048625
1206.66796875,240.75,1.375,3.141592653589793,2026-07-09 17:22:51.049180
1204.60546875,240.75,2.0625,3.141592653589793,2026-07-09 17:22:51.049726
1201.85546875,240.75,2.75,3.141592653589793,2026-07-09 17:22:51.050303
1199.79296875,241.4375,2.174065891365761,2.819842099193151,2026-07-09 17:22:51.050918
1197.04296875,241.4375,2.75,3.141592653589793,2026-07-09 17:22:51.051678
1194.98046875,242.125,2.174065891365761,2.819842099193151,2026-07-09 17:22:51.052372
1192.23046875,242.125,2.75,3.141592653589793,2026-07-09 17:22:51.053093
1188.79296875,242.8125,3.5055759155950397,2.9441970937399127,2026-07-09 17:22:51.053707
1185.35546875,243.5,3.5055759155950397,2.9441970937399127,2026-07-09 17:22:51.054283
1181.91796875,244.1875,3.5055759155950397,2.9441970937399127,2026-07-09 17:22:51.054993
1178.48046875,244.875,3.5055759155950397,2.9441970937399127,2026-07-09 17:22:51.056171
1173.66796875,245.5625,4.861359120657514,2.999695598985629,2026-07-09 17:22:51.056974
1169.54296875,246.25,4.181899239580026,2.976443976175166,2026-07-09 17:22:51.058223
1165.41796875,246.9375,4.181899239580026,2.976443976175166,2026-07-09 17:22:51.059343
1161.29296875,247.625,4.181899239580026,2.976443976175166,2026-07-09 17:22:51.060028
1156.48046875,248.3125,4.861359120657514,2.999695598985629,2026-07-09 17:22:51.061039
1150.98046875,249.6875,5.669270235224284,2.896613990462929,2026-07-09 17:22:51.062004
1145.48046875,250.375,5.5428022019552525,3.017237659043032,2026-07-09 17:22:51.062942
1140.66796875,251.75,5.005075548880356,2.8632929945846817,2026-07-09 17:22:51.063941
1134.48046875,253.125,6.33843681438886,2.922923707715851,2026-07-09 17:22:51.066512
1128.29296875,254.5,6.33843681438886,2.922923707715851,2026-07-09 17:22:51.067123
1122.79296875,255.875,5.669270235224284,2.896613990462929,2026-07-09 17:22:51.067605
1115.91796875,256.5625,6.909289489520612,3.0419240010986313,2026-07-09 17:22:51.068111
1109.73046875,257.9375,6.33843681438886,2.922923707715851,2026-07-09 17:22:51.068950
1102.16796875,259.3125,7.686483672655527,2.961739153797315,2026-07-09 17:22:51.069945
1094.60546875,260.6875,7.686483672655527,2.961739153797315,2026-07-09 17:22:51.070927
1087.04296875,262.75,7.838706047556574,2.875340604438868,2026-07-09 17:22:51.071945
1079.48046875,264.8125,7.838706047556574,2.875340604438868,2026-07-09 17:22:51.072914
1071.23046875,266.1875,8.363798479160051,2.976443976175166,2026-07-09 17:22:51.073985
1062.98046875,268.25,8.503905352836425,2.896613990462929,2026-07-09 17:22:51.074918
1054.04296875,269.625,9.04265067610156,2.988943325194528,2026-07-09 17:22:51.075932
1045.79296875,271.6875,8.503905352836425,2.896613990462929,2026-07-09 17:22:51.076960
1036.85546875,273.0625,9.04265067610156,2.988943325194528,2026-07-09 17:22:51.077924
1027.91796875,275.125,9.172394044086854,2.9147938055359073,2026-07-09 17:22:51.078919
1018.29296875,277.1875,9.843501981002493,2.930499320367047,2026-07-09 17:22:51.080091
1008.66796875,279.25,9.843501981002493,2.930499320367047,2026-07-09 17:22:51.080978
997.66796875,281.3125,11.191689159818548,2.9562447035940984,2026-07-09 17:22:51.082738
988.04296875,282.6875,9.722718241315029,2.999695598985629,2026-07-09 17:22:51.083396
977.04296875,284.75,11.191689159818548,2.9562447035940984,2026-07-09 17:22:51.083952
966.73046875,286.8125,10.516727746785119,2.9441970937399127,2026-07-09 17:22:51.084964
955.73046875,288.875,11.191689159818548,2.9562447035940984,2026-07-09 17:22:51.085918
944.73046875,290.9375,11.191689159818548,2.9562447035940984,2026-07-09 17:22:51.086956
932.35546875,293.0,12.545697718740078,2.976443976175166,2026-07-09 17:22:51.087907
919.98046875,295.0625,12.545697718740078,2.976443976175166,2026-07-09 17:22:51.088946
908.29296875,297.125,11.868090094872047,2.9669204545815537,2026-07-09 17:22:51.089932
896.60546875,299.1875,11.868090094872047,2.9669204545815537,2026-07-09 17:22:51.090942
884.91796875,301.25,11.868090094872047,2.9669204545815537,2026-07-09 17:22:51.091928
873.23046875,303.3125,11.868090094872047,2.9669204545815537,2026-07-09 17:22:51.092919
860.85546875,305.375,12.545697718740078,2.976443976175166,2026-07-09 17:22:51.093921
849.16796875,308.125,12.006671322643925,2.9105019863938963,2026-07-09 17:22:51.094919
836.79296875,309.5,12.451154564938948,3.0309354324158977,2026-07-09 17:22:51.095922
824.41796875,312.25,12.67687362877772,2.922923707715851,2026-07-09 17:22:51.096933
812.73046875,314.3125,11.868090094872047,2.9669204545815537,2026-07-09 17:22:51.099527
798.98046875,316.375,13.903827036107721,2.992702705980296,2026-07-09 17:22:51.100108
786.60546875,317.75,12.451154564938948,3.0309354324158977,2026-07-09 17:22:51.100616
773.54296875,320.5,13.348835389276474,2.9340964271545906,2026-07-09 17:22:51.101047
761.16796875,322.5625,12.545697718740078,2.976443976175166,2026-07-09 17:22:51.101887
748.79296875,324.625,12.545697718740078,2.976443976175166,2026-07-09 17:22:51.102951
736.41796875,326.6875,12.545697718740078,2.976443976175166,2026-07-09 17:22:51.103943
724.04296875,328.0625,12.451154564938948,3.0309354324158977,2026-07-09 17:22:51.104939
713.04296875,330.125,11.191689159818548,2.9562447035940984,2026-07-09 17:22:51.105969
699.29296875,332.1875,13.903827036107721,2.992702705980296,2026-07-09 17:22:51.106933
687.60546875,334.25,11.868090094872047,2.9669204545815537,2026-07-09 17:22:51.107894
674.54296875,335.625,13.134669057498176,3.036715714859559,2026-07-09 17:22:51.109025
662.16796875,337.6875,12.545697718740078,2.976443976175166,2026-07-09 17:22:51.109900
649.79296875,339.75,12.545697718740078,2.976443976175166,2026-07-09 17:22:51.111016
638.10546875,341.8125,11.868090094872047,2.9669204545815537,2026-07-09 17:22:51.111931
626.41796875,343.1875,11.768104403428786,3.024483909022929,2026-07-09 17:22:51.112977
614.04296875,344.5625,12.451154564938948,3.0309354324158977,2026-07-09 17:22:51.114012
602.35546875,346.625,11.868090094872047,2.9669204545815537,2026-07-09 17:22:51.116203
589.98046875,348.6875,12.545697718740078,2.976443976175166,2026-07-09 17:22:51.116725
578.98046875,350.0625,11.085604403910505,3.017237659043032,2026-07-09 17:22:51.117179
567.29296875,352.125,11.868090094872047,2.9669204545815537,2026-07-09 17:22:51.117934
556.29296875,353.5,11.085604403910505,3.017237659043032,2026-07-09 17:22:51.119014
544.60546875,354.875,11.768104403428786,3.024483909022929,2026-07-09 17:22:51.120000
533.60546875,356.9375,11.191689159818548,2.9562447035940984,2026-07-09 17:22:51.120926
523.29296875,358.3125,10.403762840914819,3.0090411212931194,2026-07-09 17:22:51.121987
513.66796875,359.0,9.649522332737511,3.070285188804503,2026-07-09 17:22:51.122975
502.66796875,361.0625,11.191689159818548,2.9562447035940984,2026-07-09 17:22:51.123923
493.04296875,361.75,9.649522332737511,3.070285188804503,2026-07-09 17:22:51.124985
483.41796875,363.125,9.722718241315029,2.999695598985629,2026-07-09 17:22:51.125921
473.79296875,364.5,9.722718241315029,2.999695598985629,2026-07-09 17:22:51.127048
464.85546875,365.875,9.04265067610156,2.988943325194528,2026-07-09 17:22:51.127924
455.91796875,367.25,9.04265067610156,2.988943325194528,2026-07-09 17:22:51.129038
446.98046875,367.9375,8.963903307153641,3.064820762320015,2026-07-09 17:22:51.129999
438.73046875,368.625,8.278596272919703,3.058451421701352,2026-07-09 17:22:51.130974
430.48046875,370.0,8.363798479160051,2.976443976175166,2026-07-09 17:22:51.132706
422.23046875,371.375,8.363798479160051,2.976443976175166,2026-07-09 17:22:51.133294
413.98046875,372.0625,8.278596272919703,3.058451421701352,2026-07-09 17:22:51.133928
407.10546875,373.4375,7.011151831190079,2.9441970937399127,2026-07-09 17:22:51.135007
400.23046875,374.125,6.909289489520612,3.0419240010986313,2026-07-09 17:22:51.135981
393.35546875,374.8125,6.909289489520612,3.0419240010986313,2026-07-09 17:22:51.136988
387.16796875,375.5,6.225577282469474,3.0309354324158977,2026-07-09 17:22:51.137934
380.98046875,376.875,6.33843681438886,2.922923707715851,2026-07-09 17:22:51.138973
374.79296875,377.5625,6.225577282469474,3.0309354324158977,2026-07-09 17:22:51.139916
369.29296875,378.25,5.5428022019552525,3.017237659043032,2026-07-09 17:22:51.140995
363.79296875,378.9375,5.5428022019552525,3.017237659043032,2026-07-09 17:22:51.142009
358.98046875,379.625,4.861359120657514,2.999695598985629,2026-07-09 17:22:51.142914
354.16796875,380.3125,4.861359120657514,2.999695598985629,2026-07-09 17:22:51.143991
350.04296875,381.0,4.181899239580026,2.976443976175166,2026-07-09 17:22:51.144922
345.23046875,381.6875,4.861359120657514,2.999695598985629,2026-07-09 17:22:51.145971
341.79296875,382.375,3.5055759155950397,2.9441970937399127,2026-07-09 17:22:51.146921
337.66796875,383.0625,4.181899239580026,2.976443976175166,2026-07-09 17:22:51.149314
333.54296875,383.75,4.181899239580026,2.976443976175166,2026-07-09 17:22:51.149743
330.79296875,384.4375,2.834635117612142,2.896613990462929,2026-07-09 17:22:51.150145
328.04296875,385.125,2.834635117612142,2.896613990462929,2026-07-09 17:22:51.150994
325.29296875,385.125,2.75,3.141592653589793,2026-07-09 17:22:51.151926
323.23046875,385.8125,2.174065891365761,2.819842099193151,2026-07-09 17:22:51.152981
320.48046875,385.8125,2.75,3.141592653589793,2026-07-09 17:22:51.153921
318.41796875,386.5,2.174065891365761,2.819842099193151,2026-07-09 17:22:51.154972
316.35546875,386.5,2.0625,3.141592653589793,2026-07-09 17:22:51.155939
314.98046875,387.1875,1.5372967345311055,2.677945044588987,2026-07-09 17:22:51.156940
313.60546875,387.1875,1.375,3.141592653589793,2026-07-09 17:22:51.157983
312.23046875,387.1875,1.375,3.141592653589793,2026-07-09 17:22:51.158956
311.54296875,387.875,0.9722718241315028,2.356194490192345,2026-07-09 17:22:51.160005
310.85546875,387.875,0.6875,3.141592653589793,2026-07-09 17:22:51.160994
310.16796875,387.875,0.6875,3.141592653589793,2026-07-09 17:22:51.161964
309.48046875,388.5625,0.9722718241315028,2.356194490192345,2026-07-09 17:22:51.162983
310.16796875,388.5625,0.6875,0.0,2026-07-09 17:22:51.340610
310.85546875,389.25,0.9722718241315028,0.7853981633974483,2026-07-09 17:22:51.344086
311.54296875,389.25,0.6875,0.0,2026-07-09 17:22:51.346422
312.23046875,389.9375,0.9722718241315028,0.7853981633974483,2026-07-09 17:22:51.347276
312.91796875,389.9375,0.6875,0.0,2026-07-09 17:22:51.348100
313.60546875,390.625,0.9722718241315028,0.7853981633974483,2026-07-09 17:22:51.349153
314.29296875,390.625,0.6875,0.0,2026-07-09 17:22:51.350064
315.66796875,391.3125,1.5372967345311055,0.4636476090008061,2026-07-09 17:22:51.351042
317.04296875,391.3125,1.375,0.0,2026-07-09 17:22:51.352067
318.41796875,392.0,1.5372967345311055,0.4636476090008061,2026-07-09 17:22:51.353046
319.79296875,392.0,1.375,0.0,2026-07-09 17:22:51.354029
321.16796875,392.6875,1.5372967345311055,0.4636476090008061,2026-07-09 17:22:51.355099
323.23046875,393.375,2.174065891365761,0.3217505543966422,2026-07-09 17:22:51.356022
325.29296875,394.0625,2.174065891365761,0.3217505543966422,2026-07-09 17:22:51.357009
327.35546875,394.75,2.174065891365761,0.3217505543966422,2026-07-09 17:22:51.358053
330.10546875,395.4375,2.834635117612142,0.24497866312686414,2026-07-09 17:22:51.359026
332.16796875,396.125,2.174065891365761,0.3217505543966422,2026-07-09 17:22:51.360023
334.23046875,396.8125,2.174065891365761,0.3217505543966422,2026-07-09 17:22:51.361015
336.98046875,397.5,2.834635117612142,0.24497866312686414,2026-07-09 17:22:51.362029
339.73046875,398.1875,2.834635117612142,0.24497866312686414,2026-07-09 17:22:51.363041
342.48046875,399.5625,3.074593469062211,0.4636476090008061,2026-07-09 17:22:51.363956
345.91796875,400.9375,3.7023008049049717,0.3805063771123649,2026-07-09 17:22:51.364966
349.35546875,401.625,3.5055759155950397,0.19739555984988075,2026-07-09 17:22:51.365972
353.48046875,403.0,4.348131782731522,0.3217505543966422,2026-07-09 17:22:51.366988
356.91796875,404.375,3.7023008049049717,0.3805063771123649,2026-07-09 17:22:51.367954
361.04296875,406.4375,4.611890203593316,0.4636476090008061,2026-07-09 17:22:51.368967
364.48046875,407.8125,3.7023008049049717,0.3805063771123649,2026-07-09 17:22:51.370147
369.29296875,409.1875,5.005075548880356,0.27829965900511133,2026-07-09 17:22:51.371047
373.41796875,410.5625,4.348131782731522,0.3217505543966422,2026-07-09 17:22:51.371992
378.23046875,411.9375,5.005075548880356,0.27829965900511133,2026-07-09 17:22:51.373039
383.04296875,414.0,5.235844010281437,0.40489178628508343,2026-07-09 17:22:51.374059
387.85546875,415.375,5.005075548880356,0.27829965900511133,2026-07-09 17:22:51.375041
393.35546875,416.75,5.669270235224284,0.24497866312686414,2026-07-09 17:22:51.376010
398.85546875,418.8125,5.874002574905803,0.35877067027057225,2026-07-09 17:22:51.377047
405.04296875,420.875,6.522197674097282,0.3217505543966422,2026-07-09 17:22:51.378034
410.54296875,422.9375,5.874002574905803,0.35877067027057225,2026-07-09 17:22:51.379003
416.04296875,425.0,5.874002574905803,0.35877067027057225,2026-07-09 17:22:51.379983
422.23046875,427.0625,6.522197674097282,0.3217505543966422,2026-07-09 17:22:51.380998
428.41796875,429.125,6.522197674097282,0.3217505543966422,2026-07-09 17:22:51.383052
435.29296875,431.1875,7.177710724876003,0.2914567944778671,2026-07-09 17:22:51.383537
442.16796875,433.9375,7.404601609809943,0.3805063771123649,2026-07-09 17:22:51.383992
449.04296875,436.0,7.177710724876003,0.2914567944778671,2026-07-09 17:22:51.384940
455.91796875,438.75,7.404601609809943,0.3805063771123649,2026-07-09 17:22:51.385899
463.48046875,441.5,8.046981188619743,0.348771003583907,2026-07-09 17:22:51.387022
469.66796875,444.25,6.771089738734822,0.4182243295792291,2026-07-09 17:22:51.387913
477.91796875,447.0,8.696263565463044,0.3217505543966422,2026-07-09 17:22:51.388900
486.16796875,449.75,8.696263565463044,0.3217505543966422,2026-07-09 17:22:51.389918
494.41796875,452.5,8.696263565463044,0.3217505543966422,2026-07-09 17:22:51.390932
502.66796875,455.25,8.696263565463044,0.3217505543966422,2026-07-09 17:22:51.391911
510.91796875,458.6875,8.9375,0.3947911196997615,2026-07-09 17:22:51.392925
519.16796875,461.4375,8.696263565463044,0.3217505543966422,2026-07-09 17:22:51.393909
528.79296875,464.1875,10.010151097760712,0.27829965900511133,2026-07-09 17:22:51.394904
537.73046875,467.625,9.575766940564082,0.3671738338182192,2026-07-09 17:22:51.395931
546.66796875,471.0625,9.575766940564082,0.3671738338182192,2026-07-09 17:22:51.396902
555.60546875,473.8125,9.351010974755617,0.2984989315861793,2026-07-09 17:22:51.399599
564.54296875,477.25,9.575766940564082,0.3671738338182192,2026-07-09 17:22:51.400376
574.85546875,480.6875,10.870329456828804,0.3217505543966422,2026-07-09 17:22:51.400878
585.16796875,484.125,10.870329456828804,0.3217505543966422,2026-07-09 17:22:51.401429
594.10546875,488.25,9.843501981002493,0.43240777557053783,2026-07-09 17:22:51.401969
604.41796875,491.6875,10.870329456828804,0.3217505543966422,2026-07-09 17:22:51.402925
614.73046875,495.125,10.870329456828804,0.3217505543966422,2026-07-09 17:22:51.403919
625.04296875,499.25,11.106902414714915,0.3805063771123649,2026-07-09 17:22:51.404895
634.66796875,502.6875,10.220422263781472,0.3430239404207034,2026-07-09 17:22:51.405947
645.66796875,506.125,11.524600047290145,0.3028848683749714,2026-07-09 17:22:51.406910
655.98046875,510.25,11.106902414714915,0.3805063771123649,2026-07-09 17:22:51.407947
666.29296875,513.6875,10.870329456828804,0.3217505543966422,2026-07-09 17:22:51.408919
677.29296875,517.8125,11.748005149811606,0.35877067027057225,2026-07-09 17:22:51.409950
688.29296875,521.9375,11.748005149811606,0.35877067027057225,2026-07-09 17:22:51.410932
698.60546875,525.375,10.870329456828804,0.3217505543966422,2026-07-09 17:22:51.411911
709.60546875,528.8125,11.524600047290145,0.3028848683749714,2026-07-09 17:22:51.412909
720.60546875,533.625,12.006671322643925,0.4124104415973873,2026-07-09 17:22:51.413945
731.60546875,537.0625,11.524600047290145,0.3028848683749714,2026-07-09 17:22:51.416556
741.91796875,541.1875,11.106902414714915,0.3805063771123649,2026-07-09 17:22:51.417180
752.23046875,544.625,10.870329456828804,0.3217505543966422,2026-07-09 17:22:51.417569
763.91796875,548.75,12.394082509407463,0.3392926144540447,2026-07-09 17:22:51.418014
775.60546875,552.875,12.394082509407463,0.3392926144540447,2026-07-09 17:22:51.419018
785.91796875,557.0,11.106902414714915,0.3805063771123649,2026-07-09 17:22:51.419926
796.91796875,561.125,11.748005149811606,0.35877067027057225,2026-07-09 17:22:51.420994
808.60546875,565.25,12.394082509407463,0.3392926144540447,2026-07-09 17:22:51.421925
818.91796875,569.375,11.106902414714915,0.3805063771123649,2026-07-09 17:22:51.422900
829.91796875,573.5,11.748005149811606,0.35877067027057225,2026-07-09 17:22:51.423928
840.23046875,576.9375,10.870329456828804,0.3217505543966422,2026-07-09 17:22:51.424896
850.54296875,581.0625,11.106902414714915,0.3805063771123649,2026-07-09 17:22:51.425909
861.54296875,584.5,11.524600047290145,0.3028848683749714,2026-07-09 17:22:51.426926
871.85546875,588.625,11.106902414714915,0.3805063771123649,2026-07-09 17:22:51.427943
881.48046875,592.0625,10.220422263781472,0.3430239404207034,2026-07-09 17:22:51.428912
891.79296875,596.1875,11.106902414714915,0.3805063771123649,2026-07-09 17:22:51.429922
900.73046875,599.625,9.575766940564082,0.3671738338182192,2026-07-09 17:22:51.430924
910.35546875,603.0625,10.220422263781472,0.3430239404207034,2026-07-09 17:22:51.432934
918.60546875,606.5,8.9375,0.3947911196997615,2026-07-09 17:22:51.433484
928.23046875,609.9375,10.220422263781472,0.3430239404207034,2026-07-09 17:22:51.433940
937.85546875,613.375,10.220422263781472,0.3430239404207034,2026-07-09 17:22:51.434923
946.10546875,616.125,8.696263565463044,0.3217505543966422,2026-07-09 17:22:51.435917
954.35546875,619.5625,8.9375,0.3947911196997615,2026-07-09 17:22:51.436892
961.91796875,623.0,8.307094106846268,0.4266274931268761,2026-07-09 17:22:51.437878
969.48046875,625.75,8.046981188619743,0.348771003583907,2026-07-09 17:22:51.438960
977.04296875,628.5,8.046981188619743,0.348771003583907,2026-07-09 17:22:51.439894
983.91796875,631.25,7.404601609809943,0.3805063771123649,2026-07-09 17:22:51.440889
990.79296875,634.0,7.404601609809943,0.3805063771123649,2026-07-09 17:22:51.441907
996.98046875,636.75,6.771089738734822,0.4182243295792291,2026-07-09 17:22:51.442893
1004.54296875,639.5,8.046981188619743,0.348771003583907,2026-07-09 17:22:51.443898
1010.04296875,642.25,6.149186938124422,0.4636476090008061,2026-07-09 17:22:51.444883
1016.23046875,645.0,6.771089738734822,0.4182243295792291,2026-07-09 17:22:51.445880
1021.73046875,647.0625,5.874002574905803,0.35877067027057225,2026-07-09 17:22:51.446934
1026.54296875,649.125,5.235844010281437,0.40489178628508343,2026-07-09 17:22:51.449113
1031.35546875,651.1875,5.235844010281437,0.40489178628508343,2026-07-09 17:22:51.449576
1036.85546875,653.9375,6.149186938124422,0.4636476090008061,2026-07-09 17:22:51.450107
1040.98046875,656.0,4.611890203593316,0.4636476090008061,2026-07-09 17:22:51.450878
1045.10546875,658.0625,4.611890203593316,0.4636476090008061,2026-07-09 17:22:51.451883
1049.23046875,659.4375,4.348131782731522,0.3217505543966422,2026-07-09 17:22:51.452921
1053.35546875,661.5,4.611890203593316,0.4636476090008061,2026-07-09 17:22:51.453875
1057.48046875,663.5625,4.611890203593316,0.4636476090008061,2026-07-09 17:22:51.454952
1061.60546875,665.625,4.611890203593316,0.4636476090008061,2026-07-09 17:22:51.455870
1065.04296875,667.6875,4.008779427706144,0.5404195002705842,2026-07-09 17:22:51.456873
1067.79296875,669.0625,3.074593469062211,0.4636476090008061,2026-07-09 17:22:51.457874
1070.54296875,670.4375,3.074593469062211,0.4636476090008061,2026-07-09 17:22:51.458934
1073.29296875,672.5,3.4375,0.6435011087932844,2026-07-09 17:22:51.459865
1075.35546875,673.875,2.4788165018814925,0.5880026035475675,2026-07-09 17:22:51.460848
1078.10546875,675.25,3.074593469062211,0.4636476090008061,2026-07-09 17:22:51.461952
1080.16796875,676.625,2.4788165018814925,0.5880026035475675,2026-07-09 17:22:51.462846
1082.23046875,678.0,2.4788165018814925,0.5880026035475675,2026-07-09 17:22:51.463845
1084.29296875,679.375,2.4788165018814925,0.5880026035475675,2026-07-09 17:22:51.465715
1086.35546875,680.0625,2.174065891365761,0.3217505543966422,2026-07-09 17:22:51.466258
1087.73046875,681.4375,1.9445436482630056,0.7853981633974483,2026-07-09 17:22:51.466877
1089.10546875,682.8125,1.9445436482630056,0.7853981633974483,2026-07-09 17:22:51.467917
1091.16796875,684.1875,2.4788165018814925,0.5880026035475675,2026-07-09 17:22:51.468850
1092.54296875,684.875,1.5372967345311055,0.4636476090008061,2026-07-09 17:22:51.469924
1093.91796875,685.5625,1.5372967345311055,0.4636476090008061,2026-07-09 17:22:51.470852
1095.29296875,686.9375,1.9445436482630056,0.7853981633974483,2026-07-09 17:22:51.471908
1095.98046875,687.625,0.9722718241315028,0.7853981633974483,2026-07-09 17:22:51.472853
1096.66796875,688.3125,0.9722718241315028,0.7853981633974483,2026-07-09 17:22:51.473951
1098.04296875,689.6875,1.9445436482630056,0.7853981633974483,2026-07-09 17:22:51.474854
1098.73046875,690.375,0.9722718241315028,0.7853981633974483,2026-07-09 17:22:51.475862
1099.41796875,691.0625,0.9722718241315028,0.7853981633974483,2026-07-09 17:22:51.476877
1100.79296875,691.75,1.5372967345311055,0.4636476090008061,2026-07-09 17:22:51.477968
1101.48046875,692.4375,0.9722718241315028,0.7853981633974483,2026-07-09 17:22:51.478921
1102.85546875,693.8125,1.9445436482630056,0.7853981633974483,2026-07-09 17:22:51.482888
1103.54296875,694.5,0.9722718241315028,0.7853981633974483,2026-07-09 17:22:51.483419
1104.23046875,695.1875,0.9722718241315028,0.7853981633974483,2026-07-09 17:22:51.483927
1104.91796875,695.875,0.9722718241315028,0.7853981633974483,2026-07-09 17:22:51.485142
1105.60546875,695.875,0.6875,0.0,2026-07-09 17:22:51.488309
1104.91796875,695.875,0.6875,3.141592653589793,2026-07-09 17:22:51.698343
1104.23046875,695.875,0.6875,3.141592653589793,2026-07-09 17:22:51.701991
1103.54296875,695.875,0.6875,3.141592653589793,2026-07-09 17:22:51.703906
1102.85546875,695.875,0.6875,3.141592653589793,2026-07-09 17:22:51.705462
1102.16796875,695.1875,0.9722718241315028,-2.356194490192345,2026-07-09 17:22:51.706439
1101.48046875,695.1875,0.6875,3.141592653589793,2026-07-09 17:22:51.707254
1100.79296875,695.1875,0.6875,3.141592653589793,2026-07-09 17:22:51.708165
1100.10546875,695.1875,0.6875,3.141592653589793,2026-07-09 17:22:51.709042
1099.41796875,694.5,0.9722718241315028,-2.356194490192345,2026-07-09 17:22:51.709698
1098.73046875,694.5,0.6875,3.141592653589793,2026-07-09 17:22:51.710317
1098.04296875,694.5,0.6875,3.141592653589793,2026-07-09 17:22:51.711014
1097.35546875,694.5,0.6875,3.141592653589793,2026-07-09 17:22:51.712353
1095.98046875,694.5,1.375,3.141592653589793,2026-07-09 17:22:51.713184
1094.60546875,694.5,1.375,3.141592653589793,2026-07-09 17:22:51.713988
1092.54296875,694.5,2.0625,3.141592653589793,2026-07-09 17:22:51.715394
1090.48046875,694.5,2.0625,3.141592653589793,2026-07-09 17:22:51.716034
1089.10546875,694.5,1.375,3.141592653589793,2026-07-09 17:22:51.717002
1087.04296875,694.5,2.0625,3.141592653589793,2026-07-09 17:22:51.718110
1084.29296875,693.8125,2.834635117612142,-2.896613990462929,2026-07-09 17:22:51.718953
1082.23046875,693.8125,2.0625,3.141592653589793,2026-07-09 17:22:51.720078
1079.48046875,693.8125,2.75,3.141592653589793,2026-07-09 17:22:51.720997
1076.73046875,693.8125,2.75,3.141592653589793,2026-07-09 17:22:51.721976
1073.98046875,693.8125,2.75,3.141592653589793,2026-07-09 17:22:51.723161
1070.54296875,693.8125,3.4375,3.141592653589793,2026-07-09 17:22:51.723956
1067.10546875,693.8125,3.4375,3.141592653589793,2026-07-09 17:22:51.725125
1063.66796875,693.8125,3.4375,3.141592653589793,2026-07-09 17:22:51.726236
1058.85546875,693.8125,4.8125,3.141592653589793,2026-07-09 17:22:51.727354
1054.73046875,693.8125,4.125,3.141592653589793,2026-07-09 17:22:51.727976
1050.60546875,693.8125,4.125,3.141592653589793,2026-07-09 17:22:51.728970
1046.48046875,693.8125,4.125,3.141592653589793,2026-07-09 17:22:51.729938
1040.98046875,693.8125,5.5,3.141592653589793,2026-07-09 17:22:51.730934
1036.16796875,694.5,4.861359120657514,2.999695598985629,2026-07-09 17:22:51.732947
1031.35546875,694.5,4.8125,3.141592653589793,2026-07-09 17:22:51.733557
1025.85546875,695.1875,5.5428022019552525,3.017237659043032,2026-07-09 17:22:51.734039
1019.66796875,695.1875,6.1875,3.141592653589793,2026-07-09 17:22:51.734939
1014.16796875,695.1875,5.5,3.141592653589793,2026-07-09 17:22:51.735932
1007.29296875,695.875,6.909289489520612,3.0419240010986313,2026-07-09 17:22:51.736922
1001.79296875,695.875,5.5,3.141592653589793,2026-07-09 17:22:51.737914
995.60546875,696.5625,6.225577282469474,3.0309354324158977,2026-07-09 17:22:51.738977
988.73046875,697.25,6.909289489520612,3.0419240010986313,2026-07-09 17:22:51.739904
981.16796875,697.25,7.5625,3.141592653589793,2026-07-09 17:22:51.740922
974.29296875,697.9375,6.909289489520612,3.0419240010986313,2026-07-09 17:22:51.741924
966.73046875,698.625,7.593685699316242,3.050932766389048,2026-07-09 17:22:51.742908
959.85546875,698.625,6.875,3.141592653589793,2026-07-09 17:22:51.743916
951.60546875,699.3125,8.278596272919703,3.058451421701352,2026-07-09 17:22:51.744905
944.04296875,700.0,7.593685699316242,3.050932766389048,2026-07-09 17:22:51.745938
935.79296875,700.0,8.25,3.141592653589793,2026-07-09 17:22:51.746920
928.23046875,700.6875,7.593685699316242,3.050932766389048,2026-07-09 17:22:51.749641
919.98046875,701.375,8.278596272919703,3.058451421701352,2026-07-09 17:22:51.750334
911.73046875,702.0625,8.278596272919703,3.058451421701352,2026-07-09 17:22:51.750826
903.48046875,702.75,8.278596272919703,3.058451421701352,2026-07-09 17:22:51.751414
894.54296875,703.4375,8.963903307153641,3.064820762320015,2026-07-09 17:22:51.751984
886.29296875,704.125,8.278596272919703,3.058451421701352,2026-07-09 17:22:51.752936
877.35546875,704.8125,8.963903307153641,3.064820762320015,2026-07-09 17:22:51.753939
868.41796875,705.5,8.963903307153641,3.064820762320015,2026-07-09 17:22:51.754896
860.16796875,705.5,8.25,3.141592653589793,2026-07-09 17:22:51.755926
850.54296875,706.1875,9.649522332737511,3.070285188804503,2026-07-09 17:22:51.756907
842.98046875,706.875,7.593685699316242,3.050932766389048,2026-07-09 17:22:51.757939
834.04296875,707.5625,8.963903307153641,3.064820762320015,2026-07-09 17:22:51.758889
825.10546875,708.25,8.963903307153641,3.064820762320015,2026-07-09 17:22:51.759970
816.16796875,709.625,9.04265067610156,2.988943325194528,2026-07-09 17:22:51.760883
807.23046875,711.0,9.04265067610156,2.988943325194528,2026-07-09 17:22:51.761969
798.29296875,711.6875,8.963903307153641,3.064820762320015,2026-07-09 17:22:51.762896
790.04296875,712.375,8.278596272919703,3.058451421701352,2026-07-09 17:22:51.763916
781.10546875,713.0625,8.963903307153641,3.064820762320015,2026-07-09 17:22:51.766404
772.85546875,713.75,8.278596272919703,3.058451421701352,2026-07-09 17:22:51.766929
763.91796875,714.4375,8.963903307153641,3.064820762320015,2026-07-09 17:22:51.767432
755.66796875,715.125,8.278596272919703,3.058451421701352,2026-07-09 17:22:51.767942
747.41796875,715.8125,8.278596272919703,3.058451421701352,2026-07-09 17:22:51.768915
739.16796875,717.1875,8.363798479160051,2.976443976175166,2026-07-09 17:22:51.769947
730.91796875,717.875,8.278596272919703,3.058451421701352,2026-07-09 17:22:51.770919
722.66796875,718.5625,8.278596272919703,3.058451421701352,2026-07-09 17:22:51.771931
715.10546875,719.25,7.593685699316242,3.050932766389048,2026-07-09 17:22:51.772992
707.54296875,719.9375,7.593685699316242,3.050932766389048,2026-07-09 17:22:51.773916
699.98046875,720.625,7.593685699316242,3.050932766389048,2026-07-09 17:22:51.774982
693.10546875,721.3125,6.909289489520612,3.0419240010986313,2026-07-09 17:22:51.775903
685.54296875,722.0,7.593685699316242,3.050932766389048,2026-07-09 17:22:51.776994
677.98046875,723.375,7.686483672655527,2.961739153797315,2026-07-09 17:22:51.777894
670.41796875,724.0625,7.593685699316242,3.050932766389048,2026-07-09 17:22:51.778980
663.54296875,724.75,6.909289489520612,3.0419240010986313,2026-07-09 17:22:51.779909
656.66796875,725.4375,6.909289489520612,3.0419240010986313,2026-07-09 17:22:51.780972
649.79296875,726.125,6.909289489520612,3.0419240010986313,2026-07-09 17:22:51.782539
643.60546875,726.8125,6.225577282469474,3.0309354324158977,2026-07-09 17:22:51.783283
637.41796875,727.5,6.225577282469474,3.0309354324158977,2026-07-09 17:22:51.783990
630.54296875,728.1875,6.909289489520612,3.0419240010986313,2026-07-09 17:22:51.784900
623.66796875,728.875,6.909289489520612,3.0419240010986313,2026-07-09 17:22:51.785982
618.16796875,729.5625,5.5428022019552525,3.017237659043032,2026-07-09 17:22:51.786896
611.98046875,730.25,6.225577282469474,3.0309354324158977,2026-07-09 17:22:51.788030
606.48046875,730.9375,5.5428022019552525,3.017237659043032,2026-07-09 17:22:51.788903
600.98046875,731.625,5.5428022019552525,3.017237659043032,2026-07-09 17:22:51.789881
595.48046875,732.3125,5.5428022019552525,3.017237659043032,2026-07-09 17:22:51.790970
590.66796875,733.0,4.861359120657514,2.999695598985629,2026-07-09 17:22:51.791989
585.85546875,733.6875,4.861359120657514,2.999695598985629,2026-07-09 17:22:51.792976
581.04296875,734.375,4.861359120657514,2.999695598985629,2026-07-09 17:22:51.793880
576.23046875,735.0625,4.861359120657514,2.999695598985629,2026-07-09 17:22:51.794984
572.10546875,735.75,4.181899239580026,2.976443976175166,2026-07-09 17:22:51.795955
567.29296875,736.4375,4.861359120657514,2.999695598985629,2026-07-09 17:22:51.796967
563.16796875,737.125,4.181899239580026,2.976443976175166,2026-07-09 17:22:51.799344
559.73046875,737.8125,3.5055759155950397,2.9441970937399127,2026-07-09 17:22:51.799902
556.29296875,738.5,3.5055759155950397,2.9441970937399127,2026-07-09 17:22:51.800321
552.16796875,739.1875,4.181899239580026,2.976443976175166,2026-07-09 17:22:51.800974
548.73046875,739.1875,3.4375,3.141592653589793,2026-07-09 17:22:51.801926
545.98046875,739.1875,2.75,3.141592653589793,2026-07-09 17:22:51.802958
543.23046875,739.875,2.834635117612142,2.896613990462929,2026-07-09 17:22:51.803908
540.48046875,739.875,2.75,3.141592653589793,2026-07-09 17:22:51.804917
538.41796875,740.5625,2.174065891365761,2.819842099193151,2026-07-09 17:22:51.805987
536.35546875,740.5625,2.0625,3.141592653589793,2026-07-09 17:22:51.807014
534.29296875,741.25,2.174065891365761,2.819842099193151,2026-07-09 17:22:51.807972
532.23046875,741.25,2.0625,3.141592653589793,2026-07-09 17:22:51.808929
530.85546875,741.25,1.375,3.141592653589793,2026-07-09 17:22:51.809959
529.48046875,741.9375,1.5372967345311055,2.677945044588987,2026-07-09 17:22:51.810888
528.10546875,741.9375,1.375,3.141592653589793,2026-07-09 17:22:51.811959
526.73046875,741.9375,1.375,3.141592653589793,2026-07-09 17:22:51.812976
526.04296875,741.9375,0.6875,3.141592653589793,2026-07-09 17:22:51.813960
525.35546875,741.9375,0.6875,3.141592653589793,2026-07-09 17:22:51.817103
524.66796875,742.625,0.9722718241315028,2.356194490192345,2026-07-09 17:22:51.817893
525.35546875,742.625,0.6875,0.0,2026-07-09 17:22:51.835276
526.04296875,742.625,0.6875,0.0,2026-07-09 17:22:51.840140
526.73046875,742.625,0.6875,0.0,2026-07-09 17:22:51.843184
526.73046875,741.9375,0.6875,-1.5707963267948966,2026-07-09 17:22:51.844076
527.41796875,741.9375,0.6875,0.0,2026-07-09 17:22:51.847179
528.10546875,741.25,0.9722718241315028,-0.7853981633974483,2026-07-09 17:22:51.850182
528.79296875,741.25,0.6875,0.0,2026-07-09 17:22:51.850715
529.48046875,741.25,0.6875,0.0,2026-07-09 17:22:51.852125
530.16796875,740.5625,0.9722718241315028,-0.7853981633974483,2026-07-09 17:22:51.855158
530.85546875,740.5625,0.6875,0.0,2026-07-09 17:22:51.857160
532.23046875,739.875,1.5372967345311055,-0.4636476090008061,2026-07-09 17:22:51.858010
532.91796875,739.875,0.6875,0.0,2026-07-09 17:22:51.860103
533.60546875,739.1875,0.9722718241315028,-0.7853981633974483,2026-07-09 17:22:51.863227
534.98046875,738.5,1.5372967345311055,-0.4636476090008061,2026-07-09 17:22:51.867955
535.66796875,738.5,0.6875,0.0,2026-07-09 17:22:51.868502
536.35546875,737.8125,0.9722718241315028,-0.7853981633974483,2026-07-09 17:22:51.869022
537.04296875,737.8125,0.6875,0.0,2026-07-09 17:22:51.870200
537.73046875,737.125,0.9722718241315028,-0.7853981633974483,2026-07-09 17:22:51.874314
538.41796875,737.125,0.6875,0.0,2026-07-09 17:22:51.877242
538.41796875,736.4375,0.6875,-1.5707963267948966,2026-07-09 17:22:51.880220
539.10546875,736.4375,0.6875,0.0,2026-07-09 17:22:51.884567
539.79296875,736.4375,0.6875,0.0,2026-07-09 17:22:51.887389
539.79296875,735.75,0.6875,-1.5707963267948966,2026-07-09 17:22:51.890215
540.48046875,735.75,0.6875,0.0,2026-07-09 17:22:51.893310
541.16796875,735.75,0.6875,0.0,2026-07-09 17:22:51.918898
541.85546875,735.75,0.6875,0.0,2026-07-09 17:22:51.936643
542.54296875,735.75,0.6875,0.0,2026-07-09 17:22:51.940264
543.23046875,735.75,0.6875,0.0,2026-07-09 17:22:51.943443
543.91796875,735.75,0.6875,0.0,2026-07-09 17:22:51.945601
544.60546875,735.75,0.6875,0.0,2026-07-09 17:22:51.946771
545.29296875,735.75,0.6875,0.0,2026-07-09 17:22:51.948098
545.98046875,735.75,0.6875,0.0,2026-07-09 17:22:51.949902
546.66796875,735.75,0.6875,0.0,2026-07-09 17:22:51.950592
547.35546875,735.0625,0.9722718241315028,-0.7853981633974483,2026-07-09 17:22:51.951153
548.04296875,735.0625,0.6875,0.0,2026-07-09 17:22:51.951706
548.73046875,735.0625,0.6875,0.0,2026-07-09 17:22:51.952280
549.41796875,735.0625,0.6875,0.0,2026-07-09 17:22:51.952851
550.10546875,735.0625,0.6875,0.0,2026-07-09 17:22:51.953413
551.48046875,734.375,1.5372967345311055,-0.4636476090008061,2026-07-09 17:22:51.953973
552.85546875,734.375,1.375,0.0,2026-07-09 17:22:51.955151
554.23046875,734.375,1.375,0.0,2026-07-09 17:22:51.956219
555.60546875,734.375,1.375,0.0,2026-07-09 17:22:51.956998
557.66796875,733.6875,2.174065891365761,-0.3217505543966422,2026-07-09 17:22:51.958393
559.04296875,733.6875,1.375,0.0,2026-07-09 17:22:51.959345
561.10546875,733.0,2.174065891365761,-0.3217505543966422,2026-07-09 17:22:51.959968
562.48046875,733.0,1.375,0.0,2026-07-09 17:22:51.961211
564.54296875,732.3125,2.174065891365761,-0.3217505543966422,2026-07-09 17:22:51.962348
567.29296875,732.3125,2.75,0.0,2026-07-09 17:22:51.962967
569.35546875,732.3125,2.0625,0.0,2026-07-09 17:22:51.964362
583.79296875,729.5625,14.697071349421966,-0.18822150530477075,2026-07-09 17:22:51.969694
587.23046875,728.875,3.5055759155950397,-0.19739555984988075,2026-07-09 17:22:51.970167
590.66796875,728.1875,3.5055759155950397,-0.19739555984988075,2026-07-09 17:22:51.970964
594.10546875,727.5,3.5055759155950397,-0.19739555984988075,2026-07-09 17:22:51.972032
598.23046875,726.8125,4.181899239580026,-0.16514867741462683,2026-07-09 17:22:51.973063
602.35546875,726.125,4.181899239580026,-0.16514867741462683,2026-07-09 17:22:51.973997
606.48046875,725.4375,4.181899239580026,-0.16514867741462683,2026-07-09 17:22:51.975014
611.29296875,724.75,4.861359120657514,-0.14189705460416394,2026-07-09 17:22:51.975956
615.41796875,724.0625,4.181899239580026,-0.16514867741462683,2026-07-09 17:22:51.977025
620.23046875,723.375,4.861359120657514,-0.14189705460416394,2026-07-09 17:22:51.977989
625.73046875,722.0,5.669270235224284,-0.24497866312686414,2026-07-09 17:22:51.978990
631.23046875,721.3125,5.5428022019552525,-0.12435499454676144,2026-07-09 17:22:51.979974
637.41796875,720.625,6.225577282469474,-0.11065722117389565,2026-07-09 17:22:51.980976
643.60546875,719.25,6.33843681438886,-0.21866894587394195,2026-07-09 17:22:51.984256
649.79296875,718.5625,6.225577282469474,-0.11065722117389565,2026-07-09 17:22:51.984695
657.35546875,717.875,7.593685699316242,-0.09065988720074511,2026-07-09 17:22:51.985101
664.91796875,715.8125,7.838706047556574,-0.2662520491509254,2026-07-09 17:22:51.985504
671.79296875,715.125,6.909289489520612,-0.09966865249116202,2026-07-09 17:22:51.985946
679.35546875,713.75,7.686483672655527,-0.17985349979247828,2026-07-09 17:22:51.987044
687.60546875,713.0625,8.278596272919703,-0.08314123188844123,2026-07-09 17:22:51.987995
695.85546875,712.375,8.278596272919703,-0.08314123188844123,2026-07-09 17:22:51.988970
704.79296875,711.0,9.04265067610156,-0.15264932839526515,2026-07-09 17:22:51.990005
713.73046875,709.625,9.04265067610156,-0.15264932839526515,2026-07-09 17:22:51.991075
721.98046875,708.9375,8.278596272919703,-0.08314123188844123,2026-07-09 17:22:51.991957
731.60546875,706.875,9.843501981002493,-0.21109333322274654,2026-07-09 17:22:51.993046
741.23046875,706.1875,9.649522332737511,-0.07130746478529032,2026-07-09 17:22:51.994001
750.85546875,704.8125,9.722718241315029,-0.14189705460416394,2026-07-09 17:22:51.994989
761.16796875,703.4375,10.403762840914819,-0.13255153229667402,2026-07-09 17:22:51.996041
770.79296875,702.0625,9.722718241315029,-0.14189705460416394,2026-07-09 17:22:51.997010
781.10546875,700.6875,10.403762840914819,-0.13255153229667402,2026-07-09 17:22:52.000766
790.73046875,698.625,9.843501981002493,-0.21109333322274654,2026-07-09 17:22:52.001125
801.73046875,697.25,11.085604403910505,-0.12435499454676144,2026-07-09 17:22:52.001459
812.04296875,695.875,10.403762840914819,-0.13255153229667402,2026-07-09 17:22:52.001801
821.66796875,694.5,9.722718241315029,-0.14189705460416394,2026-07-09 17:22:52.002147
832.66796875,693.125,11.085604403910505,-0.12435499454676144,2026-07-09 17:22:52.002974
847.79296875,691.75,15.187371398632484,-0.09065988720074511,2026-07-09 17:22:52.004039
858.10546875,689.6875,10.516727746785119,-0.19739555984988075,2026-07-09 17:22:52.005068
868.41796875,688.3125,10.403762840914819,-0.13255153229667402,2026-07-09 17:22:52.005971
879.41796875,686.9375,11.085604403910505,-0.12435499454676144,2026-07-09 17:22:52.007041
891.10546875,685.5625,11.768104403428786,-0.11710874456686428,2026-07-09 17:22:52.008038
902.10546875,683.5,11.191689159818548,-0.18534794999569476,2026-07-09 17:22:52.009055
913.10546875,682.125,11.085604403910505,-0.12435499454676144,2026-07-09 17:22:52.010038
924.10546875,680.0625,11.191689159818548,-0.18534794999569476,2026-07-09 17:22:52.010987
935.10546875,678.6875,11.085604403910505,-0.12435499454676144,2026-07-09 17:22:52.012077
945.41796875,677.3125,10.403762840914819,-0.13255153229667402,2026-07-09 17:22:52.012966
956.41796875,675.9375,11.085604403910505,-0.12435499454676144,2026-07-09 17:22:52.014027
966.73046875,673.875,10.516727746785119,-0.19739555984988075,2026-07-09 17:22:52.017395
977.73046875,672.5,11.085604403910505,-0.12435499454676144,2026-07-09 17:22:52.017782
988.04296875,670.4375,10.516727746785119,-0.19739555984988075,2026-07-09 17:22:52.018116
997.66796875,669.0625,9.722718241315029,-0.14189705460416394,2026-07-09 17:22:52.018470
1007.98046875,667.0,10.516727746785119,-0.19739555984988075,2026-07-09 17:22:52.018988
1018.29296875,665.625,10.403762840914819,-0.13255153229667402,2026-07-09 17:22:52.020024
1028.60546875,663.5625,10.516727746785119,-0.19739555984988075,2026-07-09 17:22:52.021052
1037.54296875,662.1875,9.04265067610156,-0.15264932839526515,2026-07-09 17:22:52.022024
1046.48046875,660.125,9.172394044086854,-0.22679884805388587,2026-07-09 17:22:52.022984
1056.10546875,658.0625,9.843501981002493,-0.21109333322274654,2026-07-09 17:22:52.024051
1065.04296875,656.6875,9.04265067610156,-0.15264932839526515,2026-07-09 17:22:52.025077
1074.66796875,654.625,9.843501981002493,-0.21109333322274654,2026-07-09 17:22:52.025966
1082.91796875,652.5625,8.503905352836425,-0.24497866312686414,2026-07-09 17:22:52.027051
1091.16796875,651.1875,8.363798479160051,-0.16514867741462683,2026-07-09 17:22:52.028000
1099.41796875,649.125,8.503905352836425,-0.24497866312686414,2026-07-09 17:22:52.029048
1107.66796875,647.0625,8.503905352836425,-0.24497866312686414,2026-07-09 17:22:52.030047
1115.23046875,645.0,7.838706047556574,-0.2662520491509254,2026-07-09 17:22:52.031025
1122.79296875,643.625,7.686483672655527,-0.17985349979247828,2026-07-09 17:22:52.034306
1129.66796875,642.25,7.011151831190079,-0.19739555984988075,2026-07-09 17:22:52.034765
1136.54296875,640.875,7.011151831190079,-0.19739555984988075,2026-07-09 17:22:52.035157
1143.41796875,638.125,7.404601609809943,-0.3805063771123649,2026-07-09 17:22:52.035559
1149.60546875,636.75,6.33843681438886,-0.21866894587394195,2026-07-09 17:22:52.035961
1155.79296875,634.6875,6.522197674097282,-0.3217505543966422,2026-07-09 17:22:52.037040
1161.98046875,633.3125,6.33843681438886,-0.21866894587394195,2026-07-09 17:22:52.038053
1167.48046875,631.25,5.874002574905803,-0.35877067027057225,2026-07-09 17:22:52.039031
1172.98046875,629.875,5.669270235224284,-0.24497866312686414,2026-07-09 17:22:52.040036
1179.16796875,628.5,6.33843681438886,-0.21866894587394195,2026-07-09 17:22:52.041062
1183.98046875,626.4375,5.235844010281437,-0.40489178628508343,2026-07-09 17:22:52.042069
1189.48046875,624.375,5.874002574905803,-0.35877067027057225,2026-07-09 17:22:52.042977
1193.60546875,623.0,4.348131782731522,-0.3217505543966422,2026-07-09 17:22:52.043961
1198.41796875,621.625,5.005075548880356,-0.27829965900511133,2026-07-09 17:22:52.045044
1203.23046875,620.25,5.005075548880356,-0.27829965900511133,2026-07-09 17:22:52.045973
1208.04296875,618.1875,5.235844010281437,-0.40489178628508343,2026-07-09 17:22:52.046966
1212.16796875,616.8125,4.348131782731522,-0.3217505543966422,2026-07-09 17:22:52.050630
1216.29296875,614.75,4.611890203593316,-0.4636476090008061,2026-07-09 17:22:52.051031
1220.41796875,613.375,4.348131782731522,-0.3217505543966422,2026-07-09 17:22:52.051443
1224.54296875,612.0,4.348131782731522,-0.3217505543966422,2026-07-09 17:22:52.051829
1228.66796875,609.9375,4.611890203593316,-0.4636476090008061,2026-07-09 17:22:52.052196
1232.79296875,608.5625,4.348131782731522,-0.3217505543966422,2026-07-09 17:22:52.053032
1236.23046875,607.1875,3.7023008049049717,-0.3805063771123649,2026-07-09 17:22:52.054027
1239.66796875,605.125,4.008779427706144,-0.5404195002705842,2026-07-09 17:22:52.055038
1243.10546875,603.75,3.7023008049049717,-0.3805063771123649,2026-07-09 17:22:52.056073
1246.54296875,603.0625,3.5055759155950397,-0.19739555984988075,2026-07-09 17:22:52.056990
1249.29296875,601.6875,3.074593469062211,-0.4636476090008061,2026-07-09 17:22:52.058029
1252.73046875,600.3125,3.7023008049049717,-0.3805063771123649,2026-07-09 17:22:52.059033
1255.48046875,598.9375,3.074593469062211,-0.4636476090008061,2026-07-09 17:22:52.060022
1258.91796875,597.5625,3.7023008049049717,-0.3805063771123649,2026-07-09 17:22:52.060998
1261.66796875,596.1875,3.074593469062211,-0.4636476090008061,2026-07-09 17:22:52.062036
1264.41796875,594.8125,3.074593469062211,-0.4636476090008061,2026-07-09 17:22:52.063116
1267.16796875,594.125,2.834635117612142,-0.24497866312686414,2026-07-09 17:22:52.064182
1269.23046875,592.75,2.4788165018814925,-0.5880026035475675,2026-07-09 17:22:52.067496
1271.29296875,592.0625,2.174065891365761,-0.3217505543966422,2026-07-09 17:22:52.067846
1273.35546875,591.375,2.174065891365761,-0.3217505543966422,2026-07-09 17:22:52.068146
1275.41796875,590.6875,2.174065891365761,-0.3217505543966422,2026-07-09 17:22:52.068470
1278.16796875,589.3125,3.074593469062211,-0.4636476090008061,2026-07-09 17:22:52.069041
1279.54296875,587.9375,1.9445436482630056,-0.7853981633974483,2026-07-09 17:22:52.070049
1281.60546875,587.25,2.174065891365761,-0.3217505543966422,2026-07-09 17:22:52.071063
1283.66796875,586.5625,2.174065891365761,-0.3217505543966422,2026-07-09 17:22:52.072030
1284.35546875,585.875,0.9722718241315028,-0.7853981633974483,2026-07-09 17:22:52.073010
1285.73046875,585.1875,1.5372967345311055,-0.4636476090008061,2026-07-09 17:22:52.074046
1287.10546875,584.5,1.5372967345311055,-0.4636476090008061,2026-07-09 17:22:52.075059
1288.48046875,583.8125,1.5372967345311055,-0.4636476090008061,2026-07-09 17:22:52.075982
1289.85546875,583.125,1.5372967345311055,-0.4636476090008061,2026-07-09 17:22:52.077036
1290.54296875,582.4375,0.9722718241315028,-0.7853981633974483,2026-07-09 17:22:52.078028
1291.23046875,581.75,0.9722718241315028,-0.7853981633974483,2026-07-09 17:22:52.079011
1291.91796875,581.75,0.6875,0.0,2026-07-09 17:22:52.080025
1292.60546875,581.0625,0.9722718241315028,-0.7853981633974483,2026-07-09 17:22:52.080990
1293.29296875,581.0625,0.6875,0.0,2026-07-09 17:22:52.084262
1293.98046875,580.375,0.9722718241315028,-0.7853981633974483,2026-07-09 17:22:52.084627
1294.66796875,580.375,0.6875,0.0,2026-07-09 17:22:52.084936
1296.04296875,579.6875,1.5372967345311055,-0.4636476090008061,2026-07-09 17:22:52.085243
1296.73046875,579.6875,0.6875,0.0,2026-07-09 17:22:52.088130
1297.41796875,579.0,0.9722718241315028,-0.7853981633974483,2026-07-09 17:22:52.089048
1296.73046875,579.0,0.6875,3.141592653589793,2026-07-09 17:22:52.289745
1296.04296875,579.0,0.6875,3.141592653589793,2026-07-09 17:22:52.293575
1295.35546875,579.0,0.6875,3.141592653589793,2026-07-09 17:22:52.295799
1294.66796875,579.0,0.6875,3.141592653589793,2026-07-09 17:22:52.296950
1293.98046875,579.0,0.6875,3.141592653589793,2026-07-09 17:22:52.298984
1293.29296875,579.0,0.6875,3.141592653589793,2026-07-09 17:22:52.300851
1292.60546875,579.0,0.6875,3.141592653589793,2026-07-09 17:22:52.302445
1291.23046875,579.0,1.375,3.141592653589793,2026-07-09 17:22:52.303908
1289.85546875,579.0,1.375,3.141592653589793,2026-07-09 17:22:52.304764
1288.48046875,579.0,1.375,3.141592653589793,2026-07-09 17:22:52.305375
1287.10546875,579.0,1.375,3.141592653589793,2026-07-09 17:22:52.305951
1285.04296875,579.0,2.0625,3.141592653589793,2026-07-09 17:22:52.306556
1282.98046875,579.0,2.0625,3.141592653589793,2026-07-09 17:22:52.307110
1280.91796875,579.0,2.0625,3.141592653589793,2026-07-09 17:22:52.307656
1278.85546875,579.0,2.0625,3.141592653589793,2026-07-09 17:22:52.308224
1276.10546875,579.0,2.75,3.141592653589793,2026-07-09 17:22:52.308766
1273.35546875,579.0,2.75,3.141592653589793,2026-07-09 17:22:52.309332
1270.60546875,579.0,2.75,3.141592653589793,2026-07-09 17:22:52.309881
1267.16796875,579.0,3.4375,3.141592653589793,2026-07-09 17:22:52.310615
1264.41796875,579.0,2.75,3.141592653589793,2026-07-09 17:22:52.311252
1260.98046875,579.0,3.4375,3.141592653589793,2026-07-09 17:22:52.311843
1256.85546875,578.3125,4.181899239580026,-2.976443976175166,2026-07-09 17:22:52.312334
1252.73046875,578.3125,4.125,3.141592653589793,2026-07-09 17:22:52.313320
1248.60546875,578.3125,4.125,3.141592653589793,2026-07-09 17:22:52.314286
1244.48046875,578.3125,4.125,3.141592653589793,2026-07-09 17:22:52.315143
1238.98046875,578.3125,5.5,3.141592653589793,2026-07-09 17:22:52.316011
1234.16796875,578.3125,4.8125,3.141592653589793,2026-07-09 17:22:52.316966
1229.35546875,578.3125,4.8125,3.141592653589793,2026-07-09 17:22:52.318236
1223.85546875,577.625,5.5428022019552525,-3.017237659043032,2026-07-09 17:22:52.319296
1218.35546875,577.625,5.5,3.141592653589793,2026-07-09 17:22:52.320265
1211.48046875,577.625,6.875,3.141592653589793,2026-07-09 17:22:52.320932
1205.29296875,577.625,6.1875,3.141592653589793,2026-07-09 17:22:52.322282
1198.41796875,577.625,6.875,3.141592653589793,2026-07-09 17:22:52.323274
1191.54296875,577.625,6.875,3.141592653589793,2026-07-09 17:22:52.324322
1183.98046875,576.9375,7.593685699316242,-3.050932766389048,2026-07-09 17:22:52.325286
1176.41796875,576.9375,7.5625,3.141592653589793,2026-07-09 17:22:52.325941
1168.85546875,576.9375,7.5625,3.141592653589793,2026-07-09 17:22:52.327232
1160.60546875,576.9375,8.25,3.141592653589793,2026-07-09 17:22:52.328293
1153.04296875,576.9375,7.5625,3.141592653589793,2026-07-09 17:22:52.329309
1144.10546875,576.9375,8.9375,3.141592653589793,2026-07-09 17:22:52.330319
1135.85546875,576.9375,8.25,3.141592653589793,2026-07-09 17:22:52.335901
1126.23046875,576.9375,9.625,3.141592653589793,2026-07-09 17:22:52.336303
1117.98046875,576.9375,8.25,3.141592653589793,2026-07-09 17:22:52.336680
1108.35546875,576.9375,9.625,3.141592653589793,2026-07-09 17:22:52.337051
1098.04296875,576.9375,10.3125,3.141592653589793,2026-07-09 17:22:52.337414
1088.41796875,576.9375,9.625,3.141592653589793,2026-07-09 17:22:52.337762
1078.79296875,576.9375,9.625,3.141592653589793,2026-07-09 17:22:52.338122
1068.48046875,576.9375,10.3125,3.141592653589793,2026-07-09 17:22:52.338536
1058.16796875,576.9375,10.3125,3.141592653589793,2026-07-09 17:22:52.338956
1047.85546875,576.9375,10.3125,3.141592653589793,2026-07-09 17:22:52.340046
1036.85546875,576.9375,11.0,3.141592653589793,2026-07-09 17:22:52.340968
1025.85546875,576.9375,11.0,3.141592653589793,2026-07-09 17:22:52.342077
1014.85546875,577.625,11.021463435043461,3.079173843593836,2026-07-09 17:22:52.342962
1004.54296875,577.625,10.3125,3.141592653589793,2026-07-09 17:22:52.344135
994.23046875,577.625,10.3125,3.141592653589793,2026-07-09 17:22:52.345101
983.23046875,577.625,11.0,3.141592653589793,2026-07-09 17:22:52.345966
971.54296875,577.625,11.6875,3.141592653589793,2026-07-09 17:22:52.347121
961.91796875,577.625,9.625,3.141592653589793,2026-07-09 17:22:52.351810
950.23046875,577.625,11.6875,3.141592653589793,2026-07-09 17:22:52.352214
938.54296875,577.625,11.6875,3.141592653589793,2026-07-09 17:22:52.352570
928.23046875,577.625,10.3125,3.141592653589793,2026-07-09 17:22:52.352918
915.85546875,577.625,12.375,3.141592653589793,2026-07-09 17:22:52.353274
904.16796875,577.625,11.6875,3.141592653589793,2026-07-09 17:22:52.353620
893.16796875,577.625,11.0,3.141592653589793,2026-07-09 17:22:52.354149
882.16796875,577.625,11.0,3.141592653589793,2026-07-09 17:22:52.354946
871.16796875,577.625,11.0,3.141592653589793,2026-07-09 17:22:52.356151
858.79296875,577.625,12.375,3.141592653589793,2026-07-09 17:22:52.357128
847.10546875,577.625,11.6875,3.141592653589793,2026-07-09 17:22:52.358120
835.41796875,577.625,11.6875,3.141592653589793,2026-07-09 17:22:52.359146
824.41796875,578.3125,11.021463435043461,3.079173843593836,2026-07-09 17:22:52.360100
812.73046875,578.3125,11.6875,3.141592653589793,2026-07-09 17:22:52.361137
801.73046875,578.3125,11.0,3.141592653589793,2026-07-09 17:22:52.362142
790.73046875,578.3125,11.0,3.141592653589793,2026-07-09 17:22:52.363147
779.73046875,578.3125,11.0,3.141592653589793,2026-07-09 17:22:52.364132
768.73046875,578.3125,11.0,3.141592653589793,2026-07-09 17:22:52.367528
757.73046875,578.3125,11.0,3.141592653589793,2026-07-09 17:22:52.367874
747.41796875,578.3125,10.3125,3.141592653589793,2026-07-09 17:22:52.368201
737.10546875,578.3125,10.3125,3.141592653589793,2026-07-09 17:22:52.368559
726.79296875,578.3125,10.3125,3.141592653589793,2026-07-09 17:22:52.369042
715.79296875,578.3125,11.0,3.141592653589793,2026-07-09 17:22:52.370146
706.16796875,578.3125,9.625,3.141592653589793,2026-07-09 17:22:52.371097
695.85546875,579.0,10.335391260131374,3.0750244898139694,2026-07-09 17:22:52.372116
686.23046875,579.0,9.625,3.141592653589793,2026-07-09 17:22:52.373123
677.29296875,579.0,8.9375,3.141592653589793,2026-07-09 17:22:52.374127
668.35546875,579.0,8.9375,3.141592653589793,2026-07-09 17:22:52.375148
659.41796875,579.0,8.9375,3.141592653589793,2026-07-09 17:22:52.376124
650.48046875,579.0,8.9375,3.141592653589793,2026-07-09 17:22:52.377131
642.23046875,579.0,8.25,3.141592653589793,2026-07-09 17:22:52.378124
634.66796875,579.0,7.5625,3.141592653589793,2026-07-09 17:22:52.379143
626.41796875,579.6875,8.278596272919703,3.058451421701352,2026-07-09 17:22:52.380144
618.85546875,579.6875,7.5625,3.141592653589793,2026-07-09 17:22:52.384834
611.29296875,579.6875,7.5625,3.141592653589793,2026-07-09 17:22:52.385241
604.41796875,579.6875,6.875,3.141592653589793,2026-07-09 17:22:52.385626
597.54296875,580.375,6.909289489520612,3.0419240010986313,2026-07-09 17:22:52.385993
590.66796875,580.375,6.875,3.141592653589793,2026-07-09 17:22:52.386363
583.79296875,580.375,6.875,3.141592653589793,2026-07-09 17:22:52.386751
577.60546875,580.375,6.1875,3.141592653589793,2026-07-09 17:22:52.387108
572.79296875,580.375,4.8125,3.141592653589793,2026-07-09 17:22:52.387974
566.60546875,580.375,6.1875,3.141592653589793,2026-07-09 17:22:52.389062
561.79296875,581.0625,4.861359120657514,2.999695598985629,2026-07-09 17:22:52.389961
556.98046875,581.0625,4.8125,3.141592653589793,2026-07-09 17:22:52.391059
552.16796875,581.0625,4.8125,3.141592653589793,2026-07-09 17:22:52.392056
548.04296875,581.0625,4.125,3.141592653589793,2026-07-09 17:22:52.392966
543.23046875,581.0625,4.8125,3.141592653589793,2026-07-09 17:22:52.394040
539.79296875,581.75,3.5055759155950397,2.9441970937399127,2026-07-09 17:22:52.395032
536.35546875,581.75,3.4375,3.141592653589793,2026-07-09 17:22:52.396020
532.91796875,581.75,3.4375,3.141592653589793,2026-07-09 17:22:52.396996
530.16796875,582.4375,2.834635117612142,2.896613990462929,2026-07-09 17:22:52.400744
526.73046875,582.4375,3.4375,3.141592653589793,2026-07-09 17:22:52.401133
523.98046875,582.4375,2.75,3.141592653589793,2026-07-09 17:22:52.401505
521.91796875,582.4375,2.0625,3.141592653589793,2026-07-09 17:22:52.401862
519.85546875,582.4375,2.0625,3.141592653589793,2026-07-09 17:22:52.402240
517.79296875,582.4375,2.0625,3.141592653589793,2026-07-09 17:22:52.403046
515.73046875,583.125,2.174065891365761,2.819842099193151,2026-07-09 17:22:52.404007
514.35546875,583.125,1.375,3.141592653589793,2026-07-09 17:22:52.405039
512.98046875,583.125,1.375,3.141592653589793,2026-07-09 17:22:52.406071
512.29296875,583.125,0.6875,3.141592653589793,2026-07-09 17:22:52.407076
511.60546875,583.125,0.6875,3.141592653589793,2026-07-09 17:22:52.407984
510.91796875,583.125,0.6875,3.141592653589793,2026-07-09 17:22:52.409039
510.23046875,583.125,0.6875,3.141592653589793,2026-07-09 17:22:52.409991
509.54296875,583.8125,0.9722718241315028,2.356194490192345,2026-07-09 17:22:52.414184
510.23046875,583.8125,0.6875,0.0,2026-07-09 17:22:52.571516
510.91796875,583.125,0.9722718241315028,-0.7853981633974483,2026-07-09 17:22:52.575986
511.60546875,583.125,0.6875,0.0,2026-07-09 17:22:52.577754
512.29296875,582.4375,0.9722718241315028,-0.7853981633974483,2026-07-09 17:22:52.579563
512.98046875,582.4375,0.6875,0.0,2026-07-09 17:22:52.581597
513.66796875,581.75,0.9722718241315028,-0.7853981633974483,2026-07-09 17:22:52.583918
515.04296875,581.75,1.375,0.0,2026-07-09 17:22:52.585077
515.73046875,581.0625,0.9722718241315028,-0.7853981633974483,2026-07-09 17:22:52.585780
517.10546875,580.375,1.5372967345311055,-0.4636476090008061,2026-07-09 17:22:52.586383
518.48046875,579.6875,1.5372967345311055,-0.4636476090008061,2026-07-09 17:22:52.586974
519.85546875,579.0,1.5372967345311055,-0.4636476090008061,2026-07-09 17:22:52.587610
521.91796875,578.3125,2.174065891365761,-0.3217505543966422,2026-07-09 17:22:52.588341
523.98046875,577.625,2.174065891365761,-0.3217505543966422,2026-07-09 17:22:52.588986
526.04296875,576.9375,2.174065891365761,-0.3217505543966422,2026-07-09 17:22:52.589760
528.10546875,576.25,2.174065891365761,-0.3217505543966422,2026-07-09 17:22:52.590429
530.85546875,575.5625,2.834635117612142,-0.24497866312686414,2026-07-09 17:22:52.591029
532.91796875,574.875,2.174065891365761,-0.3217505543966422,2026-07-09 17:22:52.591700
536.35546875,573.5,3.7023008049049717,-0.3805063771123649,2026-07-09 17:22:52.592304
539.79296875,572.8125,3.5055759155950397,-0.19739555984988075,2026-07-09 17:22:52.592885
542.54296875,571.4375,3.074593469062211,-0.4636476090008061,2026-07-09 17:22:52.593392
546.66796875,570.0625,4.348131782731522,-0.3217505543966422,2026-07-09 17:22:52.593887
550.10546875,568.6875,3.7023008049049717,-0.3805063771123649,2026-07-09 17:22:52.594354
553.54296875,567.3125,3.7023008049049717,-0.3805063771123649,2026-07-09 17:22:52.594841
557.66796875,565.9375,4.348131782731522,-0.3217505543966422,2026-07-09 17:22:52.595332
562.48046875,563.875,5.235844010281437,-0.40489178628508343,2026-07-09 17:22:52.596321
567.29296875,561.8125,5.235844010281437,-0.40489178628508343,2026-07-09 17:22:52.597319
572.10546875,559.75,5.235844010281437,-0.40489178628508343,2026-07-09 17:22:52.602596
577.60546875,557.6875,5.874002574905803,-0.35877067027057225,2026-07-09 17:22:52.603133
583.10546875,556.3125,5.669270235224284,-0.24497866312686414,2026-07-09 17:22:52.603622
589.29296875,553.5625,6.771089738734822,-0.4182243295792291,2026-07-09 17:22:52.604094
594.79296875,551.5,5.874002574905803,-0.35877067027057225,2026-07-09 17:22:52.604549
599.60546875,549.4375,5.235844010281437,-0.40489178628508343,2026-07-09 17:22:52.605024
607.16796875,546.6875,8.046981188619743,-0.348771003583907,2026-07-09 17:22:52.605492
614.04296875,543.9375,7.404601609809943,-0.3805063771123649,2026-07-09 17:22:52.605960
621.60546875,541.1875,8.046981188619743,-0.348771003583907,2026-07-09 17:22:52.606431
629.16796875,538.4375,8.046981188619743,-0.348771003583907,2026-07-09 17:22:52.607164
636.73046875,535.6875,8.046981188619743,-0.348771003583907,2026-07-09 17:22:52.607932
644.98046875,532.9375,8.696263565463044,-0.3217505543966422,2026-07-09 17:22:52.609116
653.23046875,529.5,8.9375,-0.3947911196997615,2026-07-09 17:22:52.609966
661.48046875,526.0625,8.9375,-0.3947911196997615,2026-07-09 17:22:52.611110
670.41796875,522.625,9.575766940564082,-0.3671738338182192,2026-07-09 17:22:52.612129
678.66796875,519.1875,8.9375,-0.3947911196997615,2026-07-09 17:22:52.612928
687.60546875,515.75,9.575766940564082,-0.3671738338182192,2026-07-09 17:22:52.614110
697.23046875,511.625,10.471688020562874,-0.40489178628508343,2026-07-09 17:22:52.616720
707.54296875,508.1875,10.870329456828804,-0.3217505543966422,2026-07-09 17:22:52.617203
717.16796875,504.75,10.220422263781472,-0.3430239404207034,2026-07-09 17:22:52.617712
727.48046875,500.625,11.106902414714915,-0.3805063771123649,2026-07-09 17:22:52.618166
737.79296875,496.5,11.106902414714915,-0.3805063771123649,2026-07-09 17:22:52.618927
748.10546875,492.375,11.106902414714915,-0.3805063771123649,2026-07-09 17:22:52.620147
759.10546875,488.25,11.748005149811606,-0.35877067027057225,2026-07-09 17:22:52.621124
770.10546875,484.125,11.748005149811606,-0.35877067027057225,2026-07-09 17:22:52.621941
780.41796875,480.0,11.106902414714915,-0.3805063771123649,2026-07-09 17:22:52.623126
792.10546875,475.875,12.394082509407463,-0.3392926144540447,2026-07-09 17:22:52.623951
803.10546875,471.75,11.748005149811606,-0.35877067027057225,2026-07-09 17:22:52.625082
814.79296875,467.625,12.394082509407463,-0.3392926144540447,2026-07-09 17:22:52.625925
825.79296875,462.8125,12.006671322643925,-0.4124104415973873,2026-07-09 17:22:52.627132
837.48046875,458.6875,12.394082509407463,-0.3392926144540447,2026-07-09 17:22:52.627922
849.16796875,454.5625,12.394082509407463,-0.3392926144540447,2026-07-09 17:22:52.629102
860.85546875,449.75,12.639533713709538,-0.3906070436976868,2026-07-09 17:22:52.629923
872.54296875,445.625,12.394082509407463,-0.3392926144540447,2026-07-09 17:22:52.631025
883.54296875,441.5,11.748005149811606,-0.35877067027057225,2026-07-09 17:22:52.634694
893.85546875,437.375,11.106902414714915,-0.3805063771123649,2026-07-09 17:22:52.635082
906.91796875,432.5625,13.920814002780153,-0.35299038782691045,2026-07-09 17:22:52.635445
918.60546875,427.75,12.639533713709538,-0.3906070436976868,2026-07-09 17:22:52.635807
929.60546875,422.9375,12.006671322643925,-0.4124104415973873,2026-07-09 17:22:52.636214
940.60546875,418.8125,11.748005149811606,-0.35877067027057225,2026-07-09 17:22:52.637024
952.29296875,414.0,12.639533713709538,-0.3906070436976868,2026-07-09 17:22:52.638042
963.98046875,408.5,12.916952281788456,-0.4398425828157362,2026-07-09 17:22:52.638932
975.66796875,404.375,12.394082509407463,-0.3392926144540447,2026-07-09 17:22:52.639945
986.66796875,399.5625,12.006671322643925,-0.4124104415973873,2026-07-09 17:22:52.641046
997.66796875,394.75,12.006671322643925,-0.4124104415973873,2026-07-09 17:22:52.641997
1008.66796875,389.9375,12.006671322643925,-0.4124104415973873,2026-07-09 17:22:52.643029
1018.98046875,385.8125,11.106902414714915,-0.3805063771123649,2026-07-09 17:22:52.644023
1028.60546875,381.6875,10.471688020562874,-0.40489178628508343,2026-07-09 17:22:52.644977
1039.60546875,376.875,12.006671322643925,-0.4124104415973873,2026-07-09 17:22:52.646018
1049.91796875,372.0625,11.380149933107209,-0.43662715981354133,2026-07-09 17:22:52.647013
1059.54296875,367.25,10.761077141717738,-0.4636476090008061,2026-07-09 17:22:52.651053
1069.16796875,363.125,10.471688020562874,-0.40489178628508343,2026-07-09 17:22:52.651420
1078.79296875,358.3125,10.761077141717738,-0.4636476090008061,2026-07-09 17:22:52.651769
1089.10546875,353.5,11.380149933107209,-0.43662715981354133,2026-07-09 17:22:52.652113
1098.04296875,349.375,9.843501981002493,-0.43240777557053783,2026-07-09 17:22:52.652468
1106.98046875,344.5625,10.150815853910462,-0.49394136891958124,2026-07-09 17:22:52.653000
1115.23046875,340.4375,9.223780407186633,-0.4636476090008061,2026-07-09 17:22:52.653974
1124.16796875,336.3125,9.843501981002493,-0.43240777557053783,2026-07-09 17:22:52.655022
1132.41796875,332.1875,9.223780407186633,-0.4636476090008061,2026-07-09 17:22:52.656016
1139.98046875,328.0625,8.614350309222397,-0.4993467216801301,2026-07-09 17:22:52.657065
1148.91796875,323.25,10.150815853910462,-0.49394136891958124,2026-07-09 17:22:52.658032
1155.79296875,319.125,8.017558855412288,-0.5404195002705842,2026-07-09 17:22:52.659066
1163.35546875,315.0,8.614350309222397,-0.4993467216801301,2026-07-09 17:22:52.660031
1170.91796875,310.875,8.614350309222397,-0.4993467216801301,2026-07-09 17:22:52.661019
1177.79296875,306.0625,8.39200698581692,-0.6107259643892086,2026-07-09 17:22:52.662020
1183.98046875,302.625,7.078245721928563,-0.507098504392337,2026-07-09 17:22:52.662974
1191.54296875,298.5,8.614350309222397,-0.4993467216801301,2026-07-09 17:22:52.664063
1198.41796875,294.375,8.017558855412288,-0.5404195002705842,2026-07-09 17:22:52.667261
1204.60546875,290.25,7.436449505644478,-0.5880026035475675,2026-07-09 17:22:52.667637
1210.79296875,286.8125,7.078245721928563,-0.507098504392337,2026-07-09 17:22:52.667988
1216.29296875,282.6875,6.875,-0.6435011087932844,2026-07-09 17:22:52.668355
1221.79296875,279.25,6.485862028288915,-0.5585993153435624,2026-07-09 17:22:52.668966
1227.29296875,275.8125,6.485862028288915,-0.5585993153435624,2026-07-09 17:22:52.669967
1232.79296875,271.6875,6.875,-0.6435011087932844,2026-07-09 17:22:52.670997
1237.60546875,268.25,5.914098621091806,-0.6202494859828215,2026-07-09 17:22:52.672003
1242.41796875,264.125,6.33843681438886,-0.7086262721276703,2026-07-09 17:22:52.672997
1246.54296875,261.375,4.957633003762985,-0.5880026035475675,2026-07-09 17:22:52.674011
1250.66796875,257.9375,5.369546652185825,-0.6947382761967031,2026-07-09 17:22:52.675029
1255.48046875,254.5,5.914098621091806,-0.6202494859828215,2026-07-09 17:22:52.675971
1259.60546875,251.0625,5.369546652185825,-0.6947382761967031,2026-07-09 17:22:52.677037
1263.73046875,247.625,5.369546652185825,-0.6947382761967031,2026-07-09 17:22:52.678018
1267.16796875,244.875,4.402147913235083,-0.6747409422235526,2026-07-09 17:22:52.679041
1270.60546875,242.125,4.402147913235083,-0.6747409422235526,2026-07-09 17:22:52.680040
1274.04296875,238.6875,4.861359120657514,-0.7853981633974483,2026-07-09 17:22:52.680953
1276.79296875,235.9375,3.8890872965260113,-0.7853981633974483,2026-07-09 17:22:52.683514
1280.23046875,232.5,4.861359120657514,-0.7853981633974483,2026-07-09 17:22:52.683883
1282.98046875,230.4375,3.4375,-0.6435011087932844,2026-07-09 17:22:52.684229
1285.73046875,227.6875,3.8890872965260113,-0.7853981633974483,2026-07-09 17:22:52.684989
1288.48046875,224.9375,3.8890872965260113,-0.7853981633974483,2026-07-09 17:22:52.686012
1291.23046875,222.1875,3.8890872965260113,-0.7853981633974483,2026-07-09 17:22:52.686992
1293.98046875,219.4375,3.8890872965260113,-0.7853981633974483,2026-07-09 17:22:52.687981
1296.04296875,217.375,2.9168154723945086,-0.7853981633974483,2026-07-09 17:22:52.691851
1298.10546875,215.3125,2.9168154723945086,-0.7853981633974483,2026-07-09 17:22:52.692273
1300.85546875,212.5625,3.8890872965260113,-0.7853981633974483,2026-07-09 17:22:52.692648
1302.91796875,211.1875,2.4788165018814925,-0.5880026035475675,2026-07-09 17:22:52.693104
1304.98046875,209.125,2.9168154723945086,-0.7853981633974483,2026-07-09 17:22:52.693534
1306.35546875,207.0625,2.4788165018814925,-0.982793723247329,2026-07-09 17:22:52.693950
1308.41796875,205.0,2.9168154723945086,-0.7853981633974483,2026-07-09 17:22:52.695035
1310.48046875,202.9375,2.9168154723945086,-0.7853981633974483,2026-07-09 17:22:52.695985
1311.85546875,201.5625,1.9445436482630056,-0.7853981633974483,2026-07-09 17:22:52.696937
1313.91796875,199.5,2.9168154723945086,-0.7853981633974483,2026-07-09 17:22:52.699113
1315.29296875,198.125,1.9445436482630056,-0.7853981633974483,2026-07-09 17:22:52.699508
1316.66796875,196.75,1.9445436482630056,-0.7853981633974483,2026-07-09 17:22:52.700073
1318.04296875,195.375,1.9445436482630056,-0.7853981633974483,2026-07-09 17:22:52.700890
1319.41796875,194.0,1.9445436482630056,-0.7853981633974483,2026-07-09 17:22:52.702069
1320.79296875,192.625,1.9445436482630056,-0.7853981633974483,2026-07-09 17:22:52.702966
1322.16796875,191.25,1.9445436482630056,-0.7853981633974483,2026-07-09 17:22:52.703885
1323.54296875,189.875,1.9445436482630056,-0.7853981633974483,2026-07-09 17:22:52.705065
1324.23046875,188.5,1.5372967345311055,-1.1071487177940904,2026-07-09 17:22:52.705874
1324.91796875,187.8125,0.9722718241315028,-0.7853981633974483,2026-07-09 17:22:52.706968
1325.60546875,186.4375,1.5372967345311055,-1.1071487177940904,2026-07-09 17:22:52.707969
1326.29296875,185.75,0.9722718241315028,-0.7853981633974483,2026-07-09 17:22:52.708880
1326.98046875,185.0625,0.9722718241315028,-0.7853981633974483,2026-07-09 17:22:52.710045
1327.66796875,184.375,0.9722718241315028,-0.7853981633974483,2026-07-09 17:22:52.710866
1328.35546875,183.6875,0.9722718241315028,-0.7853981633974483,2026-07-09 17:22:52.712011
1329.73046875,182.3125,1.9445436482630056,-0.7853981633974483,2026-07-09 17:22:52.712865
1330.41796875,181.625,0.9722718241315028,-0.7853981633974483,2026-07-09 17:22:52.713984
1331.10546875,180.9375,0.9722718241315028,-0.7853981633974483,2026-07-09 17:22:52.716267
1331.79296875,180.25,0.9722718241315028,-0.7853981633974483,2026-07-09 17:22:52.716653
1331.79296875,179.5625,0.6875,-1.5707963267948966,2026-07-09 17:22:52.717050
1332.48046875,178.875,0.9722718241315028,-0.7853981633974483,2026-07-09 17:22:52.717877
1333.16796875,177.5,1.5372967345311055,-1.1071487177940904,2026-07-09 17:22:52.721041
1333.85546875,176.8125,0.9722718241315028,-0.7853981633974483,2026-07-09 17:22:52.721870
1334.54296875,176.125,0.9722718241315028,-0.7853981633974483,2026-07-09 17:22:52.725044
1334.54296875,175.4375,0.6875,-1.5707963267948966,2026-07-09 17:22:52.725871
1335.23046875,175.4375,0.6875,0.0,2026-07-09 17:22:52.727018
1334.54296875,175.4375,0.6875,3.141592653589793,2026-07-09 17:22:52.886475
1333.85546875,175.4375,0.6875,3.141592653589793,2026-07-09 17:22:52.889574
1333.16796875,175.4375,0.6875,3.141592653589793,2026-07-09 17:22:52.892806
1332.48046875,175.4375,0.6875,3.141592653589793,2026-07-09 17:22:52.894464
1331.79296875,175.4375,0.6875,3.141592653589793,2026-07-09 17:22:52.895787
1331.10546875,175.4375,0.6875,3.141592653589793,2026-07-09 17:22:52.897981
1330.41796875,175.4375,0.6875,3.141592653589793,2026-07-09 17:22:52.900040
1329.73046875,175.4375,0.6875,3.141592653589793,2026-07-09 17:22:52.901514
1329.04296875,175.4375,0.6875,3.141592653589793,2026-07-09 17:22:52.902725
1327.66796875,175.4375,1.375,3.141592653589793,2026-07-09 17:22:52.903514
1326.98046875,176.125,0.9722718241315028,2.356194490192345,2026-07-09 17:22:52.904246
1325.60546875,176.125,1.375,3.141592653589793,2026-07-09 17:22:52.904816
1324.91796875,176.125,0.6875,3.141592653589793,2026-07-09 17:22:52.905377
1323.54296875,176.125,1.375,3.141592653589793,2026-07-09 17:22:52.905949
1321.48046875,176.8125,2.174065891365761,2.819842099193151,2026-07-09 17:22:52.906493
1319.41796875,176.8125,2.0625,3.141592653589793,2026-07-09 17:22:52.907059
1318.04296875,176.8125,1.375,3.141592653589793,2026-07-09 17:22:52.907621
1315.98046875,177.5,2.174065891365761,2.819842099193151,2026-07-09 17:22:52.908411
1313.91796875,177.5,2.0625,3.141592653589793,2026-07-09 17:22:52.909201
1311.85546875,177.5,2.0625,3.141592653589793,2026-07-09 17:22:52.910011
1309.79296875,178.1875,2.174065891365761,2.819842099193151,2026-07-09 17:22:52.910983
1307.04296875,178.1875,2.75,3.141592653589793,2026-07-09 17:22:52.911940
1304.29296875,178.875,2.834635117612142,2.896613990462929,2026-07-09 17:22:52.912945
1301.54296875,178.875,2.75,3.141592653589793,2026-07-09 17:22:52.913928
1298.79296875,179.5625,2.834635117612142,2.896613990462929,2026-07-09 17:22:52.916624
1296.04296875,179.5625,2.75,3.141592653589793,2026-07-09 17:22:52.917578
1292.60546875,180.25,3.5055759155950397,2.9441970937399127,2026-07-09 17:22:52.918189
1289.16796875,180.9375,3.5055759155950397,2.9441970937399127,2026-07-09 17:22:52.918719
1285.04296875,180.9375,4.125,3.141592653589793,2026-07-09 17:22:52.919378
1282.29296875,181.625,2.834635117612142,2.896613990462929,2026-07-09 17:22:52.920030
1278.16796875,182.3125,4.181899239580026,2.976443976175166,2026-07-09 17:22:52.920938
1274.04296875,183.0,4.181899239580026,2.976443976175166,2026-07-09 17:22:52.921888
1269.23046875,183.6875,4.861359120657514,2.999695598985629,2026-07-09 17:22:52.922901
1265.10546875,184.375,4.181899239580026,2.976443976175166,2026-07-09 17:22:52.923898
1260.29296875,185.0625,4.861359120657514,2.999695598985629,2026-07-09 17:22:52.924940
1255.48046875,185.75,4.861359120657514,2.999695598985629,2026-07-09 17:22:52.925896
1251.35546875,186.4375,4.181899239580026,2.976443976175166,2026-07-09 17:22:52.926893
1246.54296875,187.125,4.861359120657514,2.999695598985629,2026-07-09 17:22:52.927890
1241.04296875,187.8125,5.5428022019552525,3.017237659043032,2026-07-09 17:22:52.928888
1235.54296875,188.5,5.5428022019552525,3.017237659043032,2026-07-09 17:22:52.929954
1229.35546875,189.1875,6.225577282469474,3.0309354324158977,2026-07-09 17:22:52.930887
1223.16796875,189.875,6.225577282469474,3.0309354324158977,2026-07-09 17:22:52.932634
1216.98046875,190.5625,6.225577282469474,3.0309354324158977,2026-07-09 17:22:52.933304
1210.79296875,191.25,6.225577282469474,3.0309354324158977,2026-07-09 17:22:52.933898
1203.91796875,192.625,7.011151831190079,2.9441970937399127,2026-07-09 17:22:52.934959
1197.04296875,193.3125,6.909289489520612,3.0419240010986313,2026-07-09 17:22:52.935898
1190.16796875,194.6875,7.011151831190079,2.9441970937399127,2026-07-09 17:22:52.936951
1183.29296875,195.375,6.909289489520612,3.0419240010986313,2026-07-09 17:22:52.937894
1175.73046875,196.0625,7.593685699316242,3.050932766389048,2026-07-09 17:22:52.938888
1168.16796875,197.4375,7.686483672655527,2.961739153797315,2026-07-09 17:22:52.939910
1159.91796875,198.8125,8.363798479160051,2.976443976175166,2026-07-09 17:22:52.940924
1151.66796875,200.1875,8.363798479160051,2.976443976175166,2026-07-09 17:22:52.941899
1142.04296875,200.875,9.649522332737511,3.070285188804503,2026-07-09 17:22:52.942892
1133.79296875,202.25,8.363798479160051,2.976443976175166,2026-07-09 17:22:52.943939
1125.54296875,202.9375,8.278596272919703,3.058451421701352,2026-07-09 17:22:52.944890
1115.91796875,204.3125,9.722718241315029,2.999695598985629,2026-07-09 17:22:52.945899
1106.98046875,205.6875,9.04265067610156,2.988943325194528,2026-07-09 17:22:52.946932
1096.66796875,207.0625,10.403762840914819,3.0090411212931194,2026-07-09 17:22:52.949762
1087.73046875,208.4375,9.04265067610156,2.988943325194528,2026-07-09 17:22:52.950406
1078.10546875,209.8125,9.722718241315029,2.999695598985629,2026-07-09 17:22:52.951021
1067.79296875,211.1875,10.403762840914819,3.0090411212931194,2026-07-09 17:22:52.951543
1056.79296875,212.5625,11.085604403910505,3.017237659043032,2026-07-09 17:22:52.952030
1045.79296875,213.9375,11.085604403910505,3.017237659043032,2026-07-09 17:22:52.952915
1035.48046875,215.3125,10.403762840914819,3.0090411212931194,2026-07-09 17:22:52.953897
1025.16796875,216.6875,10.403762840914819,3.0090411212931194,2026-07-09 17:22:52.954892
1014.85546875,218.0625,10.403762840914819,3.0090411212931194,2026-07-09 17:22:52.955964
1003.85546875,219.4375,11.085604403910505,3.017237659043032,2026-07-09 17:22:52.956884
992.16796875,220.8125,11.768104403428786,3.024483909022929,2026-07-09 17:22:52.957949
981.16796875,222.1875,11.085604403910505,3.017237659043032,2026-07-09 17:22:52.958901
970.16796875,223.5625,11.085604403910505,3.017237659043032,2026-07-09 17:22:52.959887
958.48046875,224.9375,11.768104403428786,3.024483909022929,2026-07-09 17:22:52.960893
947.48046875,226.3125,11.085604403910505,3.017237659043032,2026-07-09 17:22:52.961892
935.10546875,227.6875,12.451154564938948,3.0309354324158977,2026-07-09 17:22:52.962896
923.41796875,229.0625,11.768104403428786,3.024483909022929,2026-07-09 17:22:52.963895
911.73046875,230.4375,11.768104403428786,3.024483909022929,2026-07-09 17:22:52.966211
900.04296875,231.125,11.707703126574401,3.0828368308740703,2026-07-09 17:22:52.966838
888.35546875,232.5,11.768104403428786,3.024483909022929,2026-07-09 17:22:52.967285
877.35546875,233.875,11.085604403910505,3.017237659043032,2026-07-09 17:22:52.967963
864.29296875,235.25,13.134669057498176,3.036715714859559,2026-07-09 17:22:52.968874
852.60546875,235.9375,11.707703126574401,3.0828368308740703,2026-07-09 17:22:52.969935
840.23046875,237.3125,12.451154564938948,3.0309354324158977,2026-07-09 17:22:52.970876
828.54296875,238.0,11.707703126574401,3.0828368308740703,2026-07-09 17:22:52.971972
814.79296875,239.375,13.818578979041224,3.0419240010986313,2026-07-09 17:22:52.972880
803.79296875,240.75,11.085604403910505,3.017237659043032,2026-07-09 17:22:52.973955
792.79296875,242.125,11.085604403910505,3.017237659043032,2026-07-09 17:22:52.974935
781.10546875,243.5,11.768104403428786,3.024483909022929,2026-07-09 17:22:52.976075
769.41796875,244.1875,11.707703126574401,3.0828368308740703,2026-07-09 17:22:52.976928
757.73046875,245.5625,11.768104403428786,3.024483909022929,2026-07-09 17:22:52.977928
746.04296875,246.25,11.707703126574401,3.0828368308740703,2026-07-09 17:22:52.978991
734.35546875,246.9375,11.707703126574401,3.0828368308740703,2026-07-09 17:22:52.979891
724.04296875,247.625,10.335391260131374,3.0750244898139694,2026-07-09 17:22:52.980903
712.35546875,249.0,11.768104403428786,3.024483909022929,2026-07-09 17:22:52.982723
701.35546875,249.6875,11.021463435043461,3.079173843593836,2026-07-09 17:22:52.983439
690.35546875,250.375,11.021463435043461,3.079173843593836,2026-07-09 17:22:52.984028
680.04296875,251.0625,10.335391260131374,3.0750244898139694,2026-07-09 17:22:52.984989
669.04296875,252.4375,11.085604403910505,3.017237659043032,2026-07-09 17:22:52.985907
658.73046875,253.8125,10.403762840914819,3.0090411212931194,2026-07-09 17:22:52.986957
649.10546875,254.5,9.649522332737511,3.070285188804503,2026-07-09 17:22:52.987893
639.48046875,255.1875,9.649522332737511,3.070285188804503,2026-07-09 17:22:52.988970
629.85546875,255.875,9.649522332737511,3.070285188804503,2026-07-09 17:22:52.989889
619.54296875,256.5625,10.335391260131374,3.0750244898139694,2026-07-09 17:22:52.990911
610.60546875,257.25,8.963903307153641,3.064820762320015,2026-07-09 17:22:52.991963
602.35546875,257.9375,8.278596272919703,3.058451421701352,2026-07-09 17:22:52.993013
593.41796875,258.625,8.963903307153641,3.064820762320015,2026-07-09 17:22:52.993894
585.16796875,259.3125,8.278596272919703,3.058451421701352,2026-07-09 17:22:52.994946
576.91796875,260.0,8.278596272919703,3.058451421701352,2026-07-09 17:22:52.995888
568.66796875,260.6875,8.278596272919703,3.058451421701352,2026-07-09 17:22:52.997039
561.79296875,261.375,6.909289489520612,3.0419240010986313,2026-07-09 17:22:52.999290
554.91796875,262.0625,6.909289489520612,3.0419240010986313,2026-07-09 17:22:52.999768
547.35546875,262.75,7.593685699316242,3.050932766389048,2026-07-09 17:22:53.000174
540.48046875,263.4375,6.909289489520612,3.0419240010986313,2026-07-09 17:22:53.000983
534.29296875,264.125,6.225577282469474,3.0309354324158977,2026-07-09 17:22:53.001882
528.10546875,264.8125,6.225577282469474,3.0309354324158977,2026-07-09 17:22:53.002955
521.91796875,265.5,6.225577282469474,3.0309354324158977,2026-07-09 17:22:53.003915
516.41796875,266.1875,5.5428022019552525,3.017237659043032,2026-07-09 17:22:53.004939
510.91796875,266.875,5.5428022019552525,3.017237659043032,2026-07-09 17:22:53.006010
506.10546875,266.875,4.8125,3.141592653589793,2026-07-09 17:22:53.006885
500.60546875,267.5625,5.5428022019552525,3.017237659043032,2026-07-09 17:22:53.007897
497.16796875,268.25,3.5055759155950397,2.9441970937399127,2026-07-09 17:22:53.008946
493.04296875,268.9375,4.181899239580026,2.976443976175166,2026-07-09 17:22:53.009888
488.91796875,269.625,4.181899239580026,2.976443976175166,2026-07-09 17:22:53.011025
484.79296875,270.3125,4.181899239580026,2.976443976175166,2026-07-09 17:22:53.012002
481.35546875,270.3125,3.4375,3.141592653589793,2026-07-09 17:22:53.012975
477.91796875,271.0,3.5055759155950397,2.9441970937399127,2026-07-09 17:22:53.013901
475.16796875,271.6875,2.834635117612142,2.896613990462929,2026-07-09 17:22:53.016156
472.41796875,271.6875,2.75,3.141592653589793,2026-07-09 17:22:53.016731
469.66796875,272.375,2.834635117612142,2.896613990462929,2026-07-09 17:22:53.017250
467.60546875,272.375,2.0625,3.141592653589793,2026-07-09 17:22:53.017937
465.54296875,272.375,2.0625,3.141592653589793,2026-07-09 17:22:53.018961
463.48046875,273.0625,2.174065891365761,2.819842099193151,2026-07-09 17:22:53.019899
462.10546875,273.0625,1.375,3.141592653589793,2026-07-09 17:22:53.020971
460.73046875,273.75,1.5372967345311055,2.677945044588987,2026-07-09 17:22:53.021945
459.35546875,273.75,1.375,3.141592653589793,2026-07-09 17:22:53.022958
457.98046875,273.75,1.375,3.141592653589793,2026-07-09 17:22:53.023902
457.29296875,273.75,0.6875,3.141592653589793,2026-07-09 17:22:53.024932
456.60546875,273.75,0.6875,3.141592653589793,2026-07-09 17:22:53.025983
455.91796875,274.4375,0.9722718241315028,2.356194490192345,2026-07-09 17:22:53.026897
456.60546875,274.4375,0.6875,0.0,2026-07-09 17:22:53.242350
457.29296875,275.125,0.9722718241315028,0.7853981633974483,2026-07-09 17:22:53.245400
457.98046875,275.125,0.6875,0.0,2026-07-09 17:22:53.248082
457.98046875,275.8125,0.6875,1.5707963267948966,2026-07-09 17:22:53.250475
458.66796875,276.5,0.9722718241315028,0.7853981633974483,2026-07-09 17:22:53.252393
459.35546875,276.5,0.6875,0.0,2026-07-09 17:22:53.254282
460.04296875,277.1875,0.9722718241315028,0.7853981633974483,2026-07-09 17:22:53.256426
461.41796875,277.875,1.5372967345311055,0.4636476090008061,2026-07-09 17:22:53.258141
462.10546875,278.5625,0.9722718241315028,0.7853981633974483,2026-07-09 17:22:53.258880
463.48046875,279.25,1.5372967345311055,0.4636476090008061,2026-07-09 17:22:53.259501
464.16796875,279.9375,0.9722718241315028,0.7853981633974483,2026-07-09 17:22:53.260100
465.54296875,280.625,1.5372967345311055,0.4636476090008061,2026-07-09 17:22:53.260670
466.91796875,282.0,1.9445436482630056,0.7853981633974483,2026-07-09 17:22:53.261226
468.29296875,282.6875,1.5372967345311055,0.4636476090008061,2026-07-09 17:22:53.261779
469.66796875,284.0625,1.9445436482630056,0.7853981633974483,2026-07-09 17:22:53.262371
471.04296875,285.4375,1.9445436482630056,0.7853981633974483,2026-07-09 17:22:53.262918
472.41796875,286.8125,1.9445436482630056,0.7853981633974483,2026-07-09 17:22:53.263458
474.48046875,288.875,2.9168154723945086,0.7853981633974483,2026-07-09 17:22:53.263954
475.85546875,290.25,1.9445436482630056,0.7853981633974483,2026-07-09 17:22:53.264404
477.23046875,291.625,1.9445436482630056,0.7853981633974483,2026-07-09 17:22:53.264852
479.29296875,293.6875,2.9168154723945086,0.7853981633974483,2026-07-09 17:22:53.265296
481.35546875,295.0625,2.4788165018814925,0.5880026035475675,2026-07-09 17:22:53.265902
483.41796875,297.125,2.9168154723945086,0.7853981633974483,2026-07-09 17:22:53.266433
485.48046875,299.1875,2.9168154723945086,0.7853981633974483,2026-07-09 17:22:53.266910
487.54296875,301.25,2.9168154723945086,0.7853981633974483,2026-07-09 17:22:53.267411
489.60546875,303.3125,2.9168154723945086,0.7853981633974483,2026-07-09 17:22:53.267962
492.35546875,306.0625,3.8890872965260113,0.7853981633974483,2026-07-09 17:22:53.269203
494.41796875,308.125,2.9168154723945086,0.7853981633974483,2026-07-09 17:22:53.270294
497.16796875,310.1875,3.4375,0.6435011087932844,2026-07-09 17:22:53.271298
499.91796875,312.9375,3.8890872965260113,0.7853981633974483,2026-07-09 17:22:53.272285
502.66796875,315.0,3.4375,0.6435011087932844,2026-07-09 17:22:53.273318
505.41796875,317.75,3.8890872965260113,0.7853981633974483,2026-07-09 17:22:53.274347
508.16796875,321.1875,4.402147913235083,0.8960553845713439,2026-07-09 17:22:53.274908
510.91796875,323.9375,3.8890872965260113,0.7853981633974483,2026-07-09 17:22:53.276235
514.35546875,326.6875,4.402147913235083,0.6747409422235526,2026-07-09 17:22:53.276931
517.10546875,330.125,4.402147913235083,0.8960553845713439,2026-07-09 17:22:53.278229
519.85546875,332.875,3.8890872965260113,0.7853981633974483,2026-07-09 17:22:53.278911
523.29296875,336.3125,4.861359120657514,0.7853981633974483,2026-07-09 17:22:53.280250
526.73046875,339.0625,4.402147913235083,0.6747409422235526,2026-07-09 17:22:53.285732
529.48046875,341.8125,3.8890872965260113,0.7853981633974483,2026-07-09 17:22:53.286150
532.91796875,345.25,4.861359120657514,0.7853981633974483,2026-07-09 17:22:53.286556
536.35546875,349.375,5.369546652185825,0.8760580505981934,2026-07-09 17:22:53.286955
539.79296875,352.8125,4.861359120657514,0.7853981633974483,2026-07-09 17:22:53.287351
543.23046875,356.25,4.861359120657514,0.7853981633974483,2026-07-09 17:22:53.287769
546.66796875,360.375,5.369546652185825,0.8760580505981934,2026-07-09 17:22:53.288164
550.10546875,363.8125,4.861359120657514,0.7853981633974483,2026-07-09 17:22:53.288570
554.23046875,367.9375,5.833630944789017,0.7853981633974483,2026-07-09 17:22:53.288979
558.35546875,371.375,5.369546652185825,0.6947382761967031,2026-07-09 17:22:53.290065
561.79296875,375.5,5.369546652185825,0.8760580505981934,2026-07-09 17:22:53.291149
565.91796875,379.625,5.833630944789017,0.7853981633974483,2026-07-09 17:22:53.291957
570.04296875,384.4375,6.33843681438886,0.8621700546672264,2026-07-09 17:22:53.293004
574.16796875,388.5625,5.833630944789017,0.7853981633974483,2026-07-09 17:22:53.293991
577.60546875,392.6875,5.369546652185825,0.8760580505981934,2026-07-09 17:22:53.294934
581.73046875,397.5,6.33843681438886,0.8621700546672264,2026-07-09 17:22:53.296005
585.85546875,402.3125,6.33843681438886,0.8621700546672264,2026-07-09 17:22:53.297035
589.98046875,406.4375,5.833630944789017,0.7853981633974483,2026-07-09 17:22:53.301160
594.10546875,411.25,6.33843681438886,0.8621700546672264,2026-07-09 17:22:53.301603
598.23046875,415.375,5.833630944789017,0.7853981633974483,2026-07-09 17:22:53.302011
602.35546875,420.1875,6.33843681438886,0.8621700546672264,2026-07-09 17:22:53.302400
606.48046875,425.6875,6.875,0.9272952180016122,2026-07-09 17:22:53.302807
610.60546875,430.5,6.33843681438886,0.8621700546672264,2026-07-09 17:22:53.303173
614.73046875,435.3125,6.33843681438886,0.8621700546672264,2026-07-09 17:22:53.304017
618.85546875,440.125,6.33843681438886,0.8621700546672264,2026-07-09 17:22:53.305049
623.66796875,444.9375,6.80590276892052,0.7853981633974483,2026-07-09 17:22:53.306051
627.79296875,450.4375,6.875,0.9272952180016122,2026-07-09 17:22:53.306943
631.91796875,455.25,6.33843681438886,0.8621700546672264,2026-07-09 17:22:53.308004
636.04296875,461.4375,7.436449505644478,0.982793723247329,2026-07-09 17:22:53.309017
640.85546875,466.9375,7.308225246255072,0.8519663271732721,2026-07-09 17:22:53.309964
644.98046875,472.4375,6.875,0.9272952180016122,2026-07-09 17:22:53.310961
649.79296875,477.9375,7.308225246255072,0.8519663271732721,2026-07-09 17:22:53.311994
654.60546875,484.8125,8.39200698581692,0.960070362405688,2026-07-09 17:22:53.312966
659.41796875,489.625,6.80590276892052,0.7853981633974483,2026-07-09 17:22:53.314009
663.54296875,495.125,6.875,0.9272952180016122,2026-07-09 17:22:53.317328
668.35546875,501.3125,7.838706047556574,0.9097531579442097,2026-07-09 17:22:53.317698
672.48046875,506.8125,6.875,0.9272952180016122,2026-07-09 17:22:53.318039
676.60546875,512.3125,6.875,0.9272952180016122,2026-07-09 17:22:53.318458
680.73046875,518.5,7.436449505644478,0.982793723247329,2026-07-09 17:22:53.318963
685.54296875,524.0,7.308225246255072,0.8519663271732721,2026-07-09 17:22:53.320046
689.66796875,530.1875,7.436449505644478,0.982793723247329,2026-07-09 17:22:53.321027
694.48046875,535.6875,7.308225246255072,0.8519663271732721,2026-07-09 17:22:53.322025
698.60546875,541.1875,6.875,0.9272952180016122,2026-07-09 17:22:53.323018
702.04296875,546.6875,6.485862028288915,1.0121970114513341,2026-07-09 17:22:53.323957
706.16796875,552.1875,6.875,0.9272952180016122,2026-07-09 17:22:53.325009
710.29296875,557.6875,6.875,0.9272952180016122,2026-07-09 17:22:53.325994
714.41796875,563.1875,6.875,0.9272952180016122,2026-07-09 17:22:53.327037
717.85546875,569.375,7.078245721928563,1.0636978224025597,2026-07-09 17:22:53.328008
721.29296875,574.1875,5.914098621091806,0.9505468408120752,2026-07-09 17:22:53.329034
725.41796875,579.6875,6.875,0.9272952180016122,2026-07-09 17:22:53.329999
728.85546875,585.1875,6.485862028288915,1.0121970114513341,2026-07-09 17:22:53.331020
732.29296875,590.0,5.914098621091806,0.9505468408120752,2026-07-09 17:22:53.333789
735.73046875,594.8125,5.914098621091806,0.9505468408120752,2026-07-09 17:22:53.334178
739.16796875,600.3125,6.485862028288915,1.0121970114513341,2026-07-09 17:22:53.334546
741.91796875,605.125,5.5428022019552525,1.0516502125483738,2026-07-09 17:22:53.335048
745.35546875,609.9375,5.914098621091806,0.9505468408120752,2026-07-09 17:22:53.336014
748.10546875,614.75,5.5428022019552525,1.0516502125483738,2026-07-09 17:22:53.337025
750.85546875,620.25,6.149186938124422,1.1071487177940904,2026-07-09 17:22:53.337977
753.60546875,624.375,4.957633003762985,0.982793723247329,2026-07-09 17:22:53.338962
757.04296875,629.1875,5.914098621091806,0.9505468408120752,2026-07-09 17:22:53.340009
759.10546875,632.625,4.008779427706144,1.0303768265243125,2026-07-09 17:22:53.341122
761.85546875,637.4375,5.5428022019552525,1.0516502125483738,2026-07-09 17:22:53.342107
764.60546875,641.5625,4.957633003762985,0.982793723247329,2026-07-09 17:22:53.342983
767.35546875,646.375,5.5428022019552525,1.0516502125483738,2026-07-09 17:22:53.344038
770.10546875,650.5,4.957633003762985,0.982793723247329,2026-07-09 17:22:53.345049
772.16796875,654.625,4.611890203593316,1.1071487177940904,2026-07-09 17:22:53.345979
774.91796875,658.0625,4.402147913235083,0.8960553845713439,2026-07-09 17:22:53.346972
776.98046875,662.1875,4.611890203593316,1.1071487177940904,2026-07-09 17:22:53.350469
779.04296875,665.625,4.008779427706144,1.0303768265243125,2026-07-09 17:22:53.350822
781.10546875,669.75,4.611890203593316,1.1071487177940904,2026-07-09 17:22:53.351153
783.16796875,673.1875,4.008779427706144,1.0303768265243125,2026-07-09 17:22:53.351508
785.23046875,676.625,4.008779427706144,1.0303768265243125,2026-07-09 17:22:53.352020
787.29296875,680.0625,4.008779427706144,1.0303768265243125,2026-07-09 17:22:53.352967
789.35546875,683.5,4.008779427706144,1.0303768265243125,2026-07-09 17:22:53.354021
791.41796875,686.9375,4.008779427706144,1.0303768265243125,2026-07-09 17:22:53.355051
792.79296875,690.375,3.7023008049049717,1.1902899496825317,2026-07-09 17:22:53.356056
794.85546875,693.125,3.4375,0.9272952180016122,2026-07-09 17:22:53.356948
796.23046875,695.875,3.074593469062211,1.1071487177940904,2026-07-09 17:22:53.358025
797.60546875,698.625,3.074593469062211,1.1071487177940904,2026-07-09 17:22:53.359043
799.66796875,701.375,3.4375,0.9272952180016122,2026-07-09 17:22:53.359985
801.73046875,704.125,3.4375,0.9272952180016122,2026-07-09 17:22:53.361011
803.10546875,706.875,3.074593469062211,1.1071487177940904,2026-07-09 17:22:53.361985
805.16796875,708.9375,2.9168154723945086,0.7853981633974483,2026-07-09 17:22:53.363019
806.54296875,711.6875,3.074593469062211,1.1071487177940904,2026-07-09 17:22:53.363981
807.91796875,713.75,2.4788165018814925,0.982793723247329,2026-07-09 17:22:53.366775
809.29296875,715.8125,2.4788165018814925,0.982793723247329,2026-07-09 17:22:53.367154
810.66796875,717.875,2.4788165018814925,0.982793723247329,2026-07-09 17:22:53.367572
812.04296875,719.9375,2.4788165018814925,0.982793723247329,2026-07-09 17:22:53.367938
813.41796875,722.0,2.4788165018814925,0.982793723247329,2026-07-09 17:22:53.369012
814.79296875,723.375,1.9445436482630056,0.7853981633974483,2026-07-09 17:22:53.370002
815.48046875,725.4375,2.174065891365761,1.2490457723982544,2026-07-09 17:22:53.371010
816.85546875,727.5,2.4788165018814925,0.982793723247329,2026-07-09 17:22:53.372035
818.23046875,728.875,1.9445436482630056,0.7853981633974483,2026-07-09 17:22:53.372982
818.91796875,730.25,1.5372967345311055,1.1071487177940904,2026-07-09 17:22:53.374007
820.29296875,731.625,1.9445436482630056,0.7853981633974483,2026-07-09 17:22:53.374941
820.98046875,732.3125,0.9722718241315028,0.7853981633974483,2026-07-09 17:22:53.375978
821.66796875,733.6875,1.5372967345311055,1.1071487177940904,2026-07-09 17:22:53.377008
823.73046875,735.0625,2.4788165018814925,0.5880026035475675,2026-07-09 17:22:53.377913
824.41796875,735.75,0.9722718241315028,0.7853981633974483,2026-07-09 17:22:53.378978
825.10546875,737.125,1.5372967345311055,1.1071487177940904,2026-07-09 17:22:53.379979
825.79296875,737.8125,0.9722718241315028,0.7853981633974483,2026-07-09 17:22:53.380914
826.48046875,738.5,0.9722718241315028,0.7853981633974483,2026-07-09 17:22:53.382887
827.16796875,739.1875,0.9722718241315028,0.7853981633974483,2026-07-09 17:22:53.383345
827.85546875,739.875,0.9722718241315028,0.7853981633974483,2026-07-09 17:22:53.383872
828.54296875,740.5625,0.9722718241315028,0.7853981633974483,2026-07-09 17:22:53.384990
829.23046875,741.25,0.9722718241315028,0.7853981633974483,2026-07-09 17:22:53.386058
829.91796875,741.9375,0.9722718241315028,0.7853981633974483,2026-07-09 17:22:53.386934
830.60546875,741.9375,0.6875,0.0,2026-07-09 17:22:53.388068
831.29296875,741.9375,0.6875,0.0,2026-07-09 17:22:53.388934
831.29296875,742.625,0.6875,1.5707963267948966,2026-07-09 17:22:53.389961
831.98046875,742.625,0.6875,0.0,2026-07-09 17:22:53.390941
832.66796875,742.625,0.6875,0.0,2026-07-09 17:22:53.395057
832.66796875,743.3125,0.6875,1.5707963267948966,2026-07-09 17:22:53.395962
832.66796875,742.625,0.6875,-1.5707963267948966,2026-07-09 17:22:53.452572
832.66796875,741.9375,0.6875,-1.5707963267948966,2026-07-09 17:22:53.456432
832.66796875,741.25,0.6875,-1.5707963267948966,2026-07-09 17:22:53.461516
833.35546875,741.25,0.6875,0.0,2026-07-09 17:22:53.476095
